device_id,rotational_speed_rpm,torque_nm,tool_wear_min,air_temperature_c,process_temperature_c,machine_failure,failure_type
machine_M,1551,42.8,0,24.950000000000045,35.450000000000045,0,None
machine_L,1408,46.3,3,25.05000000000001,35.55000000000001,0,None
machine_L,1498,49.4,5,24.950000000000045,35.35000000000002,0,None
machine_L,1433,39.5,7,25.05000000000001,35.450000000000045,0,None
machine_L,1408,40.0,9,25.05000000000001,35.55000000000001,0,None
machine_M,1425,41.9,11,24.950000000000045,35.450000000000045,0,None
machine_L,1558,42.4,14,24.950000000000045,35.450000000000045,0,None
machine_L,1527,40.2,16,24.950000000000045,35.450000000000045,0,None
machine_M,1667,28.6,18,25.150000000000034,35.55000000000001,0,None
machine_M,1741,28.0,21,25.350000000000023,35.85000000000002,0,None
machine_H,1782,23.9,24,25.25,35.75,0,None
machine_H,1423,44.3,29,25.450000000000045,35.950000000000045,0,None
machine_M,1339,51.1,34,25.450000000000045,35.950000000000045,0,None
machine_M,1742,30.0,37,25.450000000000045,36.05000000000001,0,None
machine_L,2035,19.6,40,25.450000000000045,36.05000000000001,0,None
machine_L,1542,48.4,42,25.450000000000045,36.05000000000001,0,None
machine_M,1311,46.6,44,25.450000000000045,36.05000000000001,0,None
machine_M,1410,45.6,47,25.55000000000001,36.05000000000001,0,None
machine_H,1306,54.5,50,25.650000000000034,36.05000000000001,0,None
machine_M,1632,32.5,55,25.75,36.150000000000034,0,None
machine_H,1375,42.7,58,25.75,36.150000000000034,0,None
machine_L,1450,44.8,63,25.650000000000034,36.150000000000034,0,None
machine_M,1581,30.7,65,25.75,36.150000000000034,0,None
machine_L,1758,25.7,68,25.850000000000023,36.25,0,None
machine_M,1561,37.3,70,25.850000000000023,36.25,0,None
machine_L,1861,23.3,73,25.850000000000023,36.35000000000002,0,None
machine_L,1512,39.0,75,25.950000000000045,36.35000000000002,0,None
machine_H,1811,24.6,77,25.950000000000045,36.25,0,None
machine_L,1439,44.2,82,25.950000000000045,36.25,0,None
machine_L,1693,30.1,84,25.850000000000023,36.25,0,None
machine_M,1339,48.2,86,25.950000000000045,36.35000000000002,0,None
machine_L,1798,25.5,89,25.850000000000023,36.25,0,None
machine_L,1419,48.3,91,25.850000000000023,36.25,0,None
machine_L,1665,32.5,93,25.75,36.150000000000034,0,None
machine_M,1559,34.7,95,25.650000000000034,35.950000000000045,0,None
machine_M,1452,48.6,98,25.650000000000034,36.05000000000001,0,None
machine_M,1581,36.7,101,25.75,36.05000000000001,0,None
machine_L,1439,39.2,104,25.650000000000034,35.950000000000045,0,None
machine_H,1379,50.7,106,25.75,36.05000000000001,0,None
machine_L,1350,52.5,111,25.650000000000034,35.950000000000045,0,None
machine_L,1362,45.4,113,25.650000000000034,35.950000000000045,0,None
machine_L,1368,50.8,115,25.650000000000034,35.950000000000045,0,None
machine_M,1368,49.1,117,25.650000000000034,35.950000000000045,0,None
machine_H,1372,48.5,120,25.650000000000034,36.05000000000001,0,None
machine_M,1472,47.5,125,25.650000000000034,35.950000000000045,0,None
machine_L,1489,49.1,128,25.650000000000034,35.950000000000045,0,None
machine_M,1843,25.8,130,25.55000000000001,35.85000000000002,0,None
machine_L,1418,46.3,133,25.650000000000034,35.950000000000045,0,None
machine_H,1425,53.9,135,25.650000000000034,36.05000000000001,0,None
machine_M,1412,44.1,140,25.75,36.05000000000001,0,None
machine_L,2861,4.6,143,25.75,35.950000000000045,1,PWF
machine_L,1383,54.9,145,25.75,35.950000000000045,0,None
machine_H,1497,43.8,147,25.650000000000034,35.85000000000002,0,None
machine_L,1565,35.1,152,25.55000000000001,35.85000000000002,0,None
machine_L,1691,30.1,154,25.55000000000001,35.85000000000002,0,None
machine_L,1512,40.7,156,25.650000000000034,35.950000000000045,0,None
machine_L,1477,42.4,158,25.650000000000034,35.950000000000045,0,None
machine_L,1513,40.3,160,25.650000000000034,35.950000000000045,0,None
machine_M,1661,29.5,162,25.650000000000034,35.85000000000002,0,None
machine_L,1378,54.4,165,25.650000000000034,35.950000000000045,0,None
machine_L,1393,52.6,167,25.650000000000034,35.950000000000045,0,None
machine_M,1592,38.2,169,25.650000000000034,35.85000000000002,0,None
machine_L,1829,22.9,172,25.650000000000034,35.85000000000002,0,None
machine_M,1812,25.9,174,25.75,35.85000000000002,0,None
machine_L,1523,38.6,177,25.850000000000023,35.950000000000045,0,None
machine_L,1394,45.1,179,25.850000000000023,35.950000000000045,0,None
machine_M,1679,28.7,181,25.75,35.75,0,None
machine_H,1466,44.1,184,25.650000000000034,35.75,0,None
machine_L,1527,32.4,189,25.650000000000034,35.75,0,None
machine_L,1410,65.7,191,25.75,35.85000000000002,1,PWF
machine_M,1924,22.6,193,25.75,35.85000000000002,0,None
machine_L,1452,45.5,196,25.75,35.950000000000045,0,None
machine_L,1369,44.4,198,25.75,35.950000000000045,0,None
machine_L,1592,35.0,200,25.850000000000023,35.950000000000045,0,None
machine_L,1601,32.3,202,25.75,35.85000000000002,0,None
machine_L,1379,46.7,204,25.650000000000034,35.75,0,None
machine_L,1461,47.9,206,25.650000000000034,35.75,0,None
machine_L,1455,41.3,208,25.650000000000034,35.75,1,TWF
machine_L,1398,51.5,0,25.650000000000034,35.75,0,None
machine_L,1402,37.9,2,25.650000000000034,35.75,0,None
machine_H,1445,49.9,4,25.650000000000034,35.650000000000034,0,None
machine_L,1450,47.5,9,25.75,35.75,0,None
machine_L,1453,40.8,11,25.75,35.75,0,None
machine_L,1469,40.1,13,25.850000000000023,35.85000000000002,0,None
machine_L,1422,47.6,15,25.75,35.75,0,None
machine_M,1804,26.8,17,25.850000000000023,35.85000000000002,0,None
machine_H,1436,43.9,20,25.850000000000023,35.85000000000002,0,None
machine_L,1544,31.8,25,25.850000000000023,35.85000000000002,0,None
machine_M,1419,45.2,27,25.850000000000023,35.85000000000002,0,None
machine_M,1487,39.5,30,25.75,35.75,0,None
machine_L,1753,25.8,33,25.75,35.75,0,None
machine_L,1830,24.9,35,25.75,35.75,0,None
machine_M,1727,27.1,37,25.75,35.75,0,None
machine_L,1450,43.0,40,25.950000000000045,35.85000000000002,0,None
machine_L,1622,31.9,42,25.850000000000023,35.75,0,None
machine_M,1351,52.2,44,25.850000000000023,35.85000000000002,0,None
machine_M,1575,35.3,47,25.850000000000023,35.85000000000002,0,None
machine_M,1750,29.9,50,25.75,35.75,0,None
machine_L,1529,32.7,53,25.75,35.650000000000034,0,None
machine_L,1523,44.4,55,25.650000000000034,35.650000000000034,0,None
machine_L,1852,25.0,57,25.650000000000034,35.75,0,None
machine_L,1991,20.7,59,25.650000000000034,35.650000000000034,0,None
machine_L,1555,40.6,61,25.650000000000034,35.650000000000034,0,None
machine_M,1441,40.5,63,25.650000000000034,35.650000000000034,0,None
machine_L,1450,43.4,66,25.650000000000034,35.55000000000001,0,None
machine_L,1591,31.1,68,25.650000000000034,35.55000000000001,0,None
machine_L,1445,48.5,70,25.650000000000034,35.55000000000001,0,None
machine_M,1497,46.8,72,25.650000000000034,35.650000000000034,0,None
machine_H,1621,32.7,75,25.75,35.650000000000034,0,None
machine_L,1572,34.1,80,25.75,35.55000000000001,0,None
machine_L,1872,22.5,82,25.650000000000034,35.450000000000045,0,None
machine_H,1499,43.5,84,25.55000000000001,35.450000000000045,0,None
machine_M,1498,39.5,89,25.650000000000034,35.55000000000001,0,None
machine_M,1486,41.9,92,25.650000000000034,35.450000000000045,0,None
machine_L,1680,29.4,95,25.650000000000034,35.450000000000045,0,None
machine_L,1431,45.7,97,25.650000000000034,35.450000000000045,0,None
machine_L,1564,34.1,99,25.75,35.55000000000001,0,None
machine_L,1599,33.0,101,25.650000000000034,35.450000000000045,0,None
machine_M,1707,28.1,103,25.650000000000034,35.450000000000045,0,None
machine_L,1467,40.7,106,25.55000000000001,35.35000000000002,0,None
machine_L,1433,44.7,108,25.75,35.55000000000001,0,None
machine_L,1558,41.2,110,25.75,35.55000000000001,0,None
machine_L,1310,50.7,112,25.850000000000023,35.650000000000034,0,None
machine_L,1546,43.4,114,25.75,35.55000000000001,0,None
machine_L,1727,29.4,116,25.75,35.55000000000001,0,None
machine_L,1560,32.2,118,25.75,35.450000000000045,0,None
machine_L,1329,60.5,120,25.850000000000023,35.450000000000045,0,None
machine_L,1413,46.5,122,25.75,35.450000000000045,0,None
machine_L,1587,38.6,124,25.850000000000023,35.450000000000045,0,None
machine_L,1559,34.3,126,25.75,35.35000000000002,0,None
machine_L,1473,41.1,128,25.650000000000034,35.25,0,None
machine_L,1737,27.7,130,25.650000000000034,35.25,0,None
machine_M,1441,43.2,132,25.55000000000001,35.25,0,None
machine_M,1430,49.6,135,25.55000000000001,35.25,0,None
machine_L,1369,53.0,138,25.650000000000034,35.25,0,None
machine_M,1711,28.5,140,25.650000000000034,35.35000000000002,0,None
machine_H,1420,45.7,143,25.55000000000001,35.35000000000002,0,None
machine_L,1297,55.3,148,25.55000000000001,35.450000000000045,0,None
machine_H,1449,49.4,150,25.650000000000034,35.450000000000045,0,None
machine_L,1268,55.8,155,25.650000000000034,35.450000000000045,0,None
machine_L,1511,36.1,157,25.650000000000034,35.450000000000045,0,None
machine_L,1544,35.2,159,25.55000000000001,35.35000000000002,0,None
machine_M,1778,28.2,161,25.450000000000045,35.25,0,None
machine_H,1407,50.5,164,25.450000000000045,35.25,0,None
machine_M,1391,42.4,169,25.450000000000045,35.25,0,None
machine_L,1513,33.6,172,25.350000000000023,35.25,0,None
machine_H,1612,36.1,174,25.350000000000023,35.25,0,None
machine_L,1515,40.1,179,25.25,35.25,0,None
machine_M,1379,48.0,181,25.150000000000034,35.150000000000034,0,None
machine_L,1473,39.9,184,25.25,35.150000000000034,0,None
machine_L,1422,42.7,186,25.25,35.150000000000034,0,None
machine_M,1463,37.6,188,25.25,35.05000000000001,0,None
machine_M,1584,41.0,191,25.25,35.05000000000001,0,None
machine_L,1850,27.0,194,25.25,35.05000000000001,0,None
machine_L,1528,36.2,196,25.25,35.05000000000001,0,None
machine_H,1987,19.8,198,25.25,35.05000000000001,0,None
machine_M,1495,46.0,203,25.25,34.950000000000045,0,None
machine_H,1478,43.5,206,25.25,35.05000000000001,0,None
machine_M,1499,40.0,211,25.25,35.05000000000001,0,None
machine_L,1471,47.0,214,25.25,35.05000000000001,0,None
machine_L,1282,60.7,216,25.25,35.05000000000001,1,OSF
machine_L,1412,52.3,218,25.150000000000034,34.950000000000045,1,OSF
machine_L,1586,35.5,0,25.150000000000034,34.950000000000045,0,None
machine_M,1468,43.8,2,25.25,35.05000000000001,0,None
machine_M,1440,43.6,5,25.350000000000023,35.150000000000034,0,None
machine_L,1733,26.0,8,25.350000000000023,35.25,0,None
machine_H,1612,32.6,10,25.25,35.05000000000001,0,None
machine_H,1458,42.9,15,25.25,35.150000000000034,0,None
machine_L,1433,62.3,20,25.25,35.150000000000034,1,PWF
machine_L,1318,59.1,22,25.25,35.150000000000034,0,None
machine_M,1610,35.0,24,25.25,35.05000000000001,0,None
machine_L,1462,50.8,27,25.05000000000001,34.950000000000045,0,None
machine_M,1924,20.8,29,24.950000000000045,34.85000000000002,0,None
machine_M,1591,33.7,32,25.05000000000001,34.85000000000002,0,None
machine_L,1306,58.3,35,25.05000000000001,34.950000000000045,0,None
machine_L,1382,43.5,37,25.05000000000001,34.950000000000045,0,None
machine_L,1618,34.7,39,25.05000000000001,34.950000000000045,0,None
machine_L,1988,21.4,41,25.05000000000001,35.05000000000001,0,None
machine_L,1436,50.2,43,25.05000000000001,35.05000000000001,0,None
machine_L,1304,49.8,45,25.05000000000001,35.150000000000034,0,None
machine_L,1475,49.9,47,25.05000000000001,35.150000000000034,0,None
machine_H,1824,24.2,49,25.05000000000001,35.150000000000034,0,None
machine_M,1342,48.1,54,24.950000000000045,35.05000000000001,0,None
machine_L,1485,40.7,57,24.950000000000045,35.05000000000001,0,None
machine_L,1667,30.6,59,25.05000000000001,35.05000000000001,0,None
machine_L,1446,38.2,61,25.05000000000001,35.05000000000001,0,None
machine_L,1301,56.0,63,24.950000000000045,35.150000000000034,0,None
machine_L,1379,43.1,65,25.05000000000001,35.25,0,None
machine_L,1606,33.6,67,25.150000000000034,35.35000000000002,0,None
machine_M,1539,43.4,69,25.150000000000034,35.25,0,None
machine_L,1477,49.9,72,25.05000000000001,35.25,0,None
machine_L,1666,34.6,74,25.05000000000001,35.25,0,None
machine_H,1398,51.8,76,25.05000000000001,35.25,0,None
machine_H,1678,34.6,81,25.05000000000001,35.25,0,None
machine_M,2678,10.7,86,25.05000000000001,35.35000000000002,1,PWF
machine_L,1453,42.9,89,25.150000000000034,35.35000000000002,0,None
machine_H,1432,49.5,91,25.150000000000034,35.450000000000045,0,None
machine_M,1527,40.9,96,25.25,35.450000000000045,0,None
machine_L,1588,35.0,99,25.25,35.55000000000001,0,None
machine_L,1433,47.1,101,25.25,35.450000000000045,0,None
machine_L,1609,35.0,103,25.25,35.450000000000045,0,None
machine_L,1575,41.2,105,25.150000000000034,35.35000000000002,0,None
machine_M,1636,35.7,107,25.25,35.35000000000002,0,None
machine_L,1490,37.9,110,25.25,35.35000000000002,0,None
machine_L,1741,32.8,112,25.25,35.35000000000002,0,None
machine_M,1344,53.0,114,25.350000000000023,35.450000000000045,0,None
machine_L,1609,35.3,117,25.350000000000023,35.55000000000001,0,None
machine_M,1421,60.7,119,25.25,35.55000000000001,1,PWF
machine_L,1591,36.7,122,25.25,35.450000000000045,0,None
machine_L,1477,44.0,124,25.25,35.450000000000045,0,None
machine_L,1523,36.1,126,25.25,35.55000000000001,0,None
machine_L,1575,33.9,128,25.350000000000023,35.55000000000001,0,None
machine_H,1344,52.9,130,25.25,35.55000000000001,0,None
machine_L,1386,44.9,135,25.25,35.55000000000001,0,None
machine_M,1589,37.1,137,25.150000000000034,35.450000000000045,0,None
machine_L,1548,40.3,140,25.150000000000034,35.450000000000045,0,None
machine_L,1499,38.3,142,25.150000000000034,35.450000000000045,0,None
machine_L,1664,31.6,144,25.150000000000034,35.35000000000002,0,None
machine_L,1447,38.1,146,25.150000000000034,35.450000000000045,0,None
machine_M,1434,46.2,148,25.150000000000034,35.35000000000002,0,None
machine_L,1416,52.7,151,25.150000000000034,35.35000000000002,0,None
machine_H,1827,24.3,153,25.25,35.35000000000002,0,None
machine_L,1304,45.0,158,25.25,35.450000000000045,0,None
machine_L,1569,34.4,160,25.25,35.450000000000045,0,None
machine_L,1584,29.3,162,25.150000000000034,35.450000000000045,0,None
machine_L,1362,53.8,164,25.150000000000034,35.35000000000002,0,None
machine_L,1329,49.2,166,25.150000000000034,35.25,0,None
machine_L,1539,36.1,168,25.150000000000034,35.35000000000002,0,None
machine_M,1629,37.1,170,25.150000000000034,35.35000000000002,0,None
machine_L,1538,32.2,173,25.150000000000034,35.35000000000002,0,None
machine_L,1570,34.8,175,25.150000000000034,35.450000000000045,0,None
machine_L,1408,43.1,177,25.150000000000034,35.25,0,None
machine_L,1424,47.6,179,25.05000000000001,35.25,0,None
machine_L,1512,34.9,181,25.05000000000001,35.25,0,None
machine_L,1478,42.9,183,25.05000000000001,35.25,0,None
machine_M,1680,33.7,185,24.950000000000045,35.150000000000034,0,None
machine_L,1495,38.7,188,24.950000000000045,35.150000000000034,0,None
machine_M,1552,36.6,190,24.850000000000023,34.950000000000045,0,None
machine_L,1393,50.3,193,24.75,34.950000000000045,0,None
machine_L,1611,30.6,195,24.850000000000023,35.05000000000001,0,None
machine_M,1339,51.6,197,24.850000000000023,34.950000000000045,0,None
machine_L,1777,24.3,200,24.850000000000023,34.950000000000045,0,None
machine_L,1348,58.8,202,24.850000000000023,35.05000000000001,1,OSF
machine_L,1442,44.1,204,24.850000000000023,35.05000000000001,0,None
machine_M,1395,49.1,206,24.850000000000023,35.05000000000001,0,None
machine_M,1627,31.4,209,24.75,34.950000000000045,0,None
machine_L,1585,33.5,212,24.75,34.950000000000045,0,None
machine_L,1469,45.5,214,24.850000000000023,35.05000000000001,0,None
machine_L,1362,56.8,216,24.850000000000023,35.150000000000034,1,OSF
machine_L,1405,56.2,218,24.850000000000023,35.150000000000034,1,OSF
machine_L,1662,32.7,0,24.850000000000023,35.150000000000034,0,None
machine_M,1466,42.6,2,24.850000000000023,35.05000000000001,0,None
machine_L,1620,35.8,5,24.850000000000023,35.05000000000001,0,None
machine_L,1357,48.2,7,24.850000000000023,35.05000000000001,0,None
machine_L,1514,37.9,9,24.850000000000023,35.05000000000001,0,None
machine_L,1489,40.4,11,24.850000000000023,35.05000000000001,0,None
machine_L,1331,63.0,13,24.950000000000045,35.150000000000034,0,None
machine_L,1615,29.5,15,24.850000000000023,34.85000000000002,0,None
machine_L,1482,37.9,17,24.950000000000045,35.05000000000001,0,None
machine_M,1420,63.9,19,24.950000000000045,35.05000000000001,1,PWF
machine_M,1522,49.1,22,25.05000000000001,35.150000000000034,0,None
machine_L,1654,32.1,25,24.950000000000045,35.05000000000001,0,None
machine_M,1736,26.8,27,24.950000000000045,35.05000000000001,0,None
machine_M,1587,32.3,30,24.850000000000023,34.950000000000045,0,None
machine_L,1390,47.5,33,24.950000000000045,35.05000000000001,0,None
machine_L,1454,37.1,35,24.850000000000023,34.950000000000045,0,None
machine_H,1440,43.7,37,24.850000000000023,34.950000000000045,0,None
machine_L,1954,21.1,42,24.75,34.85000000000002,0,None
machine_H,1800,24.8,44,24.75,34.85000000000002,0,None
machine_L,1524,37.0,49,24.850000000000023,34.85000000000002,0,None
machine_H,1520,39.6,51,24.850000000000023,34.85000000000002,0,None
machine_M,1452,40.8,56,24.950000000000045,34.950000000000045,0,None
machine_L,1484,40.4,59,24.950000000000045,34.950000000000045,0,None
machine_L,1426,46.0,61,24.950000000000045,34.85000000000002,0,None
machine_L,1652,28.5,63,24.950000000000045,34.85000000000002,0,None
machine_L,1401,54.7,65,24.850000000000023,34.85000000000002,0,None
machine_M,1750,26.6,67,24.850000000000023,34.75,0,None
machine_H,1479,50.7,70,24.850000000000023,34.85000000000002,0,None
machine_M,1620,29.4,75,24.850000000000023,34.85000000000002,0,None
machine_L,1819,23.4,78,24.850000000000023,34.950000000000045,0,None
machine_M,1456,43.7,80,24.950000000000045,34.950000000000045,0,None
machine_L,1626,36.5,83,24.950000000000045,34.85000000000002,0,None
machine_M,1390,49.8,85,24.950000000000045,34.950000000000045,0,None
machine_L,1469,43.0,88,25.05000000000001,35.05000000000001,0,None
machine_L,2051,19.2,90,25.05000000000001,35.150000000000034,0,None
machine_L,1568,36.0,92,25.05000000000001,35.150000000000034,0,None
machine_L,1589,33.2,94,25.05000000000001,35.150000000000034,0,None
machine_L,1805,31.6,96,25.05000000000001,35.150000000000034,0,None
machine_H,1385,42.2,98,25.05000000000001,35.25,0,None
machine_L,1436,46.7,103,24.950000000000045,35.25,0,None
machine_L,1438,45.6,105,24.950000000000045,35.25,0,None
machine_L,1473,42.6,107,24.850000000000023,35.150000000000034,0,None
machine_L,1335,40.2,109,24.950000000000045,35.25,0,None
machine_H,1392,44.8,111,24.950000000000045,35.35000000000002,0,None
machine_M,1372,51.1,116,24.950000000000045,35.35000000000002,0,None
machine_M,1716,30.7,119,24.950000000000045,35.450000000000045,0,None
machine_L,1395,46.2,122,24.850000000000023,35.35000000000002,0,None
machine_L,1713,25.3,124,24.850000000000023,35.35000000000002,0,None
machine_H,2129,18.7,126,24.75,35.35000000000002,0,None
machine_M,1567,35.6,131,24.650000000000034,35.150000000000034,0,None
machine_L,1622,38.3,134,24.650000000000034,35.25,0,None
machine_L,1740,27.1,136,24.55000000000001,35.25,0,None
machine_H,1512,35.1,138,24.650000000000034,35.25,0,None
machine_M,1479,43.5,143,24.650000000000034,35.25,0,None
machine_L,1737,27.5,146,24.650000000000034,35.25,0,None
machine_L,2129,19.2,148,24.650000000000034,35.25,0,None
machine_L,1374,47.1,150,24.650000000000034,35.25,0,None
machine_M,1579,36.6,152,24.650000000000034,35.25,0,None
machine_L,1305,47.2,155,24.75,35.35000000000002,0,None
machine_M,1449,40.8,157,24.75,35.35000000000002,0,None
machine_H,1526,41.8,160,24.850000000000023,35.450000000000045,0,None
machine_M,1453,44.1,165,24.850000000000023,35.450000000000045,0,None
machine_L,1468,36.0,168,24.75,35.450000000000045,0,None
machine_L,1313,50.8,170,24.850000000000023,35.450000000000045,0,None
machine_M,1300,53.0,172,24.75,35.35000000000002,0,None
machine_L,1646,40.6,175,24.75,35.25,0,None
machine_L,1714,33.2,177,24.650000000000034,35.25,0,None
machine_L,1685,28.4,179,24.650000000000034,35.25,0,None
machine_L,1512,39.9,181,24.650000000000034,35.25,0,None
machine_L,1612,32.1,183,24.650000000000034,35.25,0,None
machine_H,1550,38.2,185,24.650000000000034,35.25,0,None
machine_L,1518,32.5,190,24.650000000000034,35.25,0,None
machine_L,1448,40.0,192,24.650000000000034,35.35000000000002,0,None
machine_L,1561,46.3,194,24.650000000000034,35.35000000000002,0,None
machine_M,1488,41.9,196,24.650000000000034,35.35000000000002,0,None
machine_L,1699,27.8,199,24.650000000000034,35.35000000000002,0,None
machine_L,1501,41.4,201,24.55000000000001,35.35000000000002,0,None
machine_L,1373,56.7,203,24.55000000000001,35.35000000000002,1,OSF
machine_H,1703,31.4,205,24.450000000000045,35.25,0,None
machine_H,1720,29.9,210,24.55000000000001,35.35000000000002,0,None
machine_M,1398,41.9,215,24.450000000000045,35.25,0,None
machine_M,1391,51.9,218,24.450000000000045,35.25,0,None
machine_M,1538,40.2,0,24.450000000000045,35.150000000000034,0,None
machine_L,1647,31.3,3,24.350000000000023,35.05000000000001,0,None
machine_M,1469,44.8,5,24.350000000000023,34.950000000000045,0,None
machine_L,1749,25.9,8,24.25,34.950000000000045,0,None
machine_M,1995,20.5,10,24.450000000000045,35.05000000000001,0,None
machine_L,1742,27.7,13,24.450000000000045,35.150000000000034,0,None
machine_L,1563,38.2,15,24.350000000000023,35.05000000000001,0,None
machine_M,1713,32.2,17,24.350000000000023,35.05000000000001,0,None
machine_L,1474,39.4,20,24.25,34.950000000000045,0,None
machine_M,1530,32.6,22,24.25,35.05000000000001,0,None
machine_L,1471,46.5,25,24.25,35.05000000000001,0,None
machine_L,1388,48.6,27,24.350000000000023,35.150000000000034,0,None
machine_M,2448,13.8,29,24.350000000000023,35.05000000000001,0,None
machine_L,1585,32.9,32,24.350000000000023,35.150000000000034,0,None
machine_M,1459,45.2,34,24.350000000000023,35.150000000000034,0,None
machine_L,1544,40.8,37,24.350000000000023,35.150000000000034,0,None
machine_L,1617,31.7,39,24.450000000000045,35.150000000000034,0,None
machine_L,1595,34.3,41,24.450000000000045,35.150000000000034,0,None
machine_H,1400,44.3,43,24.450000000000045,35.150000000000034,0,None
machine_M,1611,31.0,48,24.450000000000045,35.25,0,None
machine_M,1507,46.0,51,24.450000000000045,35.25,0,None
machine_H,1674,30.0,54,24.350000000000023,35.150000000000034,0,None
machine_L,1658,34.3,59,24.450000000000045,35.150000000000034,0,None
machine_L,1623,36.9,61,24.450000000000045,35.150000000000034,0,None
machine_M,1398,48.9,63,24.450000000000045,35.25,0,None
machine_L,1517,34.2,66,24.450000000000045,35.25,0,None
machine_M,1467,36.7,68,24.450000000000045,35.150000000000034,0,None
machine_M,1567,34.6,71,24.450000000000045,35.150000000000034,0,None
machine_M,1521,38.2,74,24.350000000000023,35.150000000000034,0,None
machine_L,1596,36.8,77,24.350000000000023,35.150000000000034,0,None
machine_H,1640,30.9,79,24.450000000000045,35.150000000000034,0,None
machine_L,1438,47.8,84,24.450000000000045,35.150000000000034,0,None
machine_L,1407,55.2,86,24.450000000000045,35.25,0,None
machine_L,1353,57.5,88,24.450000000000045,35.25,0,None
machine_M,1552,40.9,90,24.450000000000045,35.35000000000002,0,None
machine_M,1569,38.3,93,24.450000000000045,35.25,0,None
machine_L,1489,39.5,96,24.350000000000023,35.25,0,None
machine_H,1587,36.1,98,24.350000000000023,35.25,0,None
machine_M,1622,37.2,103,24.350000000000023,35.150000000000034,0,None
machine_L,1604,38.1,106,24.350000000000023,35.25,0,None
machine_M,1405,51.7,108,24.25,35.150000000000034,0,None
machine_L,1412,42.0,111,24.25,35.150000000000034,0,None
machine_L,1431,43.0,113,24.25,35.150000000000034,0,None
machine_L,1533,37.4,115,24.25,35.05000000000001,0,None
machine_M,1401,51.9,117,24.25,35.05000000000001,0,None
machine_M,1424,53.9,120,24.25,35.05000000000001,0,None
machine_L,1754,29.4,123,24.150000000000034,35.05000000000001,0,None
machine_L,1754,26.8,125,24.150000000000034,35.05000000000001,0,None
machine_L,2564,12.8,127,24.350000000000023,35.150000000000034,1,PWF
machine_L,1546,40.4,129,24.350000000000023,35.35000000000002,0,None
machine_L,1335,48.0,131,24.350000000000023,35.35000000000002,0,None
machine_M,1842,27.0,133,24.350000000000023,35.450000000000045,0,None
machine_L,1712,26.8,136,24.350000000000023,35.35000000000002,0,None
machine_M,1414,45.4,138,24.450000000000045,35.450000000000045,0,None
machine_L,1319,50.9,141,24.450000000000045,35.55000000000001,0,None
machine_L,1249,60.4,143,24.55000000000001,35.55000000000001,0,None
machine_L,1455,48.2,145,24.450000000000045,35.55000000000001,0,None
machine_M,1408,54.8,147,24.450000000000045,35.55000000000001,0,None
machine_L,1460,46.7,150,24.450000000000045,35.55000000000001,0,None
machine_L,1491,38.1,152,24.450000000000045,35.450000000000045,0,None
machine_M,1490,43.4,154,24.450000000000045,35.35000000000002,0,None
machine_M,1350,52.2,157,24.350000000000023,35.25,0,None
machine_L,1528,39.9,160,24.350000000000023,35.25,0,None
machine_L,1571,37.7,162,24.25,35.150000000000034,0,None
machine_L,1490,42.6,164,24.25,35.150000000000034,0,None
machine_M,1774,28.9,166,24.25,35.150000000000034,0,None
machine_H,1502,43.6,169,24.25,35.150000000000034,0,None
machine_L,1392,49.7,174,24.25,35.25,0,None
machine_L,2100,16.9,176,24.25,35.35000000000002,0,None
machine_L,1722,30.4,178,24.350000000000023,35.35000000000002,0,None
machine_L,1678,32.3,180,24.25,35.450000000000045,0,None
machine_L,1273,59.8,182,24.150000000000034,35.450000000000045,0,None
machine_L,1297,45.9,184,24.150000000000034,35.450000000000045,0,None
machine_L,1350,57.6,186,24.150000000000034,35.35000000000002,0,None
machine_L,1439,51.9,188,24.25,35.450000000000045,0,None
machine_M,1600,42.1,190,24.25,35.35000000000002,0,None
machine_M,1434,44.4,193,24.25,35.450000000000045,0,None
machine_L,1459,41.3,196,24.25,35.450000000000045,0,None
machine_M,1472,44.9,198,24.350000000000023,35.450000000000045,0,None
machine_L,1429,44.3,201,24.350000000000023,35.55000000000001,0,None
machine_L,1388,48.2,203,24.350000000000023,35.450000000000045,0,None
machine_L,1573,34.5,205,24.25,35.25,0,None
machine_L,1588,32.5,207,24.25,35.25,0,None
machine_L,1511,42.8,209,24.350000000000023,35.25,0,None
machine_L,1495,37.8,211,24.25,35.35000000000002,0,None
machine_L,1394,50.1,213,24.25,35.25,0,None
machine_L,2151,17.7,0,24.25,35.25,0,None
machine_M,1501,38.2,2,24.150000000000034,35.150000000000034,0,None
machine_M,1301,39.6,5,24.150000000000034,35.150000000000034,0,None
machine_M,1657,31.1,8,24.150000000000034,35.150000000000034,0,None
machine_L,1333,55.2,11,24.150000000000034,35.150000000000034,0,None
machine_L,1484,43.9,13,24.150000000000034,35.150000000000034,0,None
machine_L,1430,45.7,15,24.150000000000034,35.25,0,None
machine_M,1665,28.9,17,24.150000000000034,35.25,0,None
machine_L,1501,44.9,20,24.25,35.35000000000002,0,None
machine_M,1496,42.2,22,24.350000000000023,35.35000000000002,0,None
machine_M,1595,36.9,25,24.450000000000045,35.450000000000045,0,None
machine_L,1208,62.3,28,24.350000000000023,35.450000000000045,0,None
machine_L,1596,37.1,30,24.350000000000023,35.450000000000045,0,None
machine_L,1446,41.9,32,24.350000000000023,35.35000000000002,0,None
machine_M,1466,39.7,34,24.450000000000045,35.35000000000002,0,None
machine_M,1848,23.7,37,24.450000000000045,35.35000000000002,0,None
machine_M,1484,44.7,40,24.350000000000023,35.35000000000002,0,None
machine_L,1493,41.2,43,24.25,35.150000000000034,0,None
machine_L,1504,36.3,45,24.150000000000034,35.150000000000034,0,None
machine_L,1538,38.5,47,24.150000000000034,35.150000000000034,0,None
machine_L,1341,52.2,49,24.25,35.25,0,None
machine_M,1535,34.6,51,24.25,35.150000000000034,0,None
machine_L,1389,39.2,54,24.25,35.35000000000002,0,None
machine_H,1393,46.6,56,24.350000000000023,35.35000000000002,0,None
machine_L,1399,61.5,61,24.25,35.35000000000002,1,PWF
machine_H,1469,45.1,63,24.25,35.35000000000002,0,None
machine_L,1582,37.2,68,24.25,35.25,0,None
machine_L,1793,26.7,70,24.350000000000023,35.450000000000045,0,None
machine_L,1452,39.0,72,24.350000000000023,35.450000000000045,0,None
machine_M,1376,59.9,74,24.450000000000045,35.55000000000001,0,None
machine_L,1552,44.9,77,24.350000000000023,35.450000000000045,0,None
machine_L,1622,37.9,79,24.450000000000045,35.55000000000001,0,None
machine_M,1419,41.7,81,24.450000000000045,35.55000000000001,0,None
machine_H,1440,46.1,84,24.350000000000023,35.450000000000045,0,None
machine_M,1643,31.0,89,24.25,35.450000000000045,0,None
machine_L,1510,36.2,92,24.25,35.55000000000001,0,None
machine_L,1468,46.6,94,24.25,35.55000000000001,0,None
machine_L,1429,57.4,96,24.25,35.55000000000001,0,None
machine_H,1478,47.6,98,24.150000000000034,35.55000000000001,0,None
machine_L,1276,53.6,103,24.25,35.450000000000045,0,None
machine_L,1486,42.6,105,24.150000000000034,35.450000000000045,0,None
machine_L,1476,42.3,107,24.25,35.450000000000045,0,None
machine_H,1431,42.0,109,24.150000000000034,35.450000000000045,0,None
machine_L,1402,40.2,114,24.25,35.55000000000001,0,None
machine_L,1433,43.4,116,24.25,35.55000000000001,0,None
machine_L,2874,4.2,118,24.25,35.55000000000001,1,PWF
machine_L,1511,35.7,120,24.150000000000034,35.450000000000045,0,None
machine_M,1456,42.9,122,24.150000000000034,35.450000000000045,0,None
machine_L,1550,41.5,125,24.05000000000001,35.35000000000002,0,None
machine_L,2182,16.5,127,24.05000000000001,35.35000000000002,0,None
machine_L,1619,31.6,129,24.150000000000034,35.55000000000001,0,None
machine_M,1586,32.7,131,24.150000000000034,35.650000000000034,0,None
machine_H,1499,44.2,134,24.150000000000034,35.650000000000034,0,None
machine_H,1419,42.4,139,24.150000000000034,35.650000000000034,0,None
machine_M,1497,41.8,144,24.25,35.85000000000002,0,None
machine_M,1520,37.0,147,24.25,35.85000000000002,0,None
machine_L,1478,49.8,150,24.25,35.950000000000045,0,None
machine_L,1380,41.1,152,24.25,35.950000000000045,0,None
machine_L,1570,37.9,154,24.25,35.85000000000002,0,None
machine_H,1468,41.4,156,24.25,35.85000000000002,0,None
machine_L,1833,22.6,161,24.25,35.85000000000002,0,None
machine_M,1323,57.3,163,24.25,35.75,0,None
machine_L,1583,32.0,166,24.25,35.85000000000002,0,None
machine_M,1556,39.5,168,24.150000000000034,35.85000000000002,0,None
machine_L,1548,37.4,171,24.150000000000034,35.85000000000002,0,None
machine_L,1324,56.9,173,24.25,35.85000000000002,0,None
machine_L,1568,33.7,175,24.25,35.85000000000002,0,None
machine_M,1685,30.7,177,24.25,35.85000000000002,0,None
machine_M,1582,35.9,180,24.25,35.950000000000045,0,None
machine_M,1463,35.0,183,24.25,35.950000000000045,0,None
machine_L,1584,42.8,186,24.25,36.05000000000001,0,None
machine_M,1347,55.8,188,24.350000000000023,36.05000000000001,0,None
machine_L,1459,37.9,191,24.25,36.05000000000001,0,None
machine_L,1420,45.6,193,24.25,36.05000000000001,0,None
machine_L,1404,43.5,195,24.350000000000023,36.150000000000034,0,None
machine_L,1470,38.8,197,24.350000000000023,36.150000000000034,0,None
machine_L,1326,49.8,199,24.450000000000045,36.25,0,None
machine_H,1459,49.7,201,24.350000000000023,36.150000000000034,0,None
machine_M,1530,40.0,206,24.350000000000023,36.05000000000001,0,None
machine_L,1505,39.2,209,24.25,35.85000000000002,0,None
machine_L,1611,30.2,211,24.350000000000023,35.950000000000045,0,None
machine_L,1515,35.1,213,24.350000000000023,35.950000000000045,0,None
machine_M,1804,27.4,215,24.350000000000023,36.05000000000001,0,None
machine_M,1464,46.2,218,24.450000000000045,36.150000000000034,0,None
machine_L,1390,43.3,221,24.450000000000045,36.05000000000001,0,None
machine_M,1442,48.1,0,24.450000000000045,36.05000000000001,0,None
machine_M,1529,41.9,3,24.450000000000045,36.150000000000034,0,None
machine_L,1610,35.0,6,24.450000000000045,36.150000000000034,0,None
machine_L,1543,34.3,8,24.450000000000045,36.150000000000034,0,None
machine_H,1445,48.2,10,24.650000000000034,36.25,0,None
machine_L,1893,24.6,15,24.55000000000001,36.150000000000034,0,None
machine_M,1415,41.3,17,24.450000000000045,36.150000000000034,0,None
machine_L,1564,37.5,20,24.350000000000023,36.150000000000034,0,None
machine_L,1479,39.4,22,24.350000000000023,36.150000000000034,0,None
machine_L,1426,44.8,24,24.350000000000023,36.05000000000001,0,None
machine_L,1428,38.8,26,24.25,36.05000000000001,0,None
machine_L,1620,33.2,28,24.25,36.05000000000001,0,None
machine_L,1715,28.0,30,24.350000000000023,36.05000000000001,0,None
machine_L,1732,29.9,32,24.350000000000023,36.150000000000034,0,None
machine_M,1391,58.2,34,24.350000000000023,36.25,0,None
machine_L,1924,20.6,37,24.450000000000045,36.35000000000002,0,None
machine_M,2027,19.8,39,24.55000000000001,36.35000000000002,0,None
machine_L,1617,36.2,42,24.450000000000045,36.35000000000002,0,None
machine_L,1497,35.8,44,24.350000000000023,36.25,0,None
machine_M,1448,43.7,46,24.350000000000023,36.35000000000002,0,None
machine_L,1401,45.9,49,24.25,36.25,0,None
machine_L,1620,35.4,51,24.25,36.25,0,None
machine_L,1466,45.5,53,24.25,36.25,0,None
machine_L,1373,50.6,55,24.450000000000045,36.35000000000002,0,None
machine_M,1592,35.8,57,24.450000000000045,36.450000000000045,0,None
machine_M,1553,42.4,60,24.350000000000023,36.35000000000002,0,None
machine_L,1569,36.2,63,24.450000000000045,36.35000000000002,0,None
machine_M,1709,32.2,65,24.450000000000045,36.35000000000002,0,None
machine_L,1549,34.9,68,24.450000000000045,36.35000000000002,0,None
machine_L,1443,45.4,70,24.350000000000023,36.25,0,None
machine_L,1675,29.8,72,24.350000000000023,36.150000000000034,0,None
machine_L,1623,33.4,74,24.350000000000023,36.150000000000034,0,None
machine_H,1365,52.4,76,24.25,36.150000000000034,0,None
machine_L,1759,24.8,81,24.25,36.150000000000034,0,None
machine_H,1516,43.0,83,24.25,36.150000000000034,0,None
machine_M,1499,36.8,88,24.25,36.150000000000034,0,None
machine_M,1775,25.8,91,24.25,36.150000000000034,0,None
machine_L,1473,45.5,94,24.25,36.25,0,None
machine_L,1296,52.3,96,24.25,36.25,0,None
machine_L,1803,24.7,98,24.350000000000023,36.25,0,None
machine_H,1563,36.1,100,24.350000000000023,36.150000000000034,0,None
machine_M,1831,26.6,105,24.350000000000023,36.25,0,None
machine_L,1958,22.1,108,24.450000000000045,36.25,0,None
machine_L,1809,24.3,110,24.350000000000023,36.25,0,None
machine_M,1482,39.3,112,24.350000000000023,36.25,0,None
machine_L,1332,53.2,115,24.25,36.150000000000034,0,None
machine_L,1437,40.4,117,24.25,36.05000000000001,0,None
machine_L,1698,29.4,119,24.25,36.05000000000001,0,None
machine_L,1274,54.3,121,24.25,36.05000000000001,0,None
machine_M,1622,35.0,123,24.25,36.150000000000034,0,None
machine_M,1564,36.0,126,24.25,36.150000000000034,0,None
machine_H,1368,45.3,129,24.350000000000023,36.25,0,None
machine_M,1539,42.2,134,24.25,36.25,0,None
machine_L,1357,50.1,137,24.350000000000023,36.25,0,None
machine_M,1433,48.3,139,24.350000000000023,36.25,0,None
machine_L,1650,34.6,142,24.350000000000023,36.25,0,None
machine_L,1503,40.6,144,24.350000000000023,36.25,0,None
machine_L,1318,58.2,146,24.350000000000023,36.25,0,None
machine_M,1678,34.4,148,24.350000000000023,36.25,0,None
machine_L,1574,30.9,151,24.450000000000045,36.35000000000002,0,None
machine_L,1529,35.2,153,24.55000000000001,36.450000000000045,0,None
machine_H,1669,32.1,155,24.450000000000045,36.450000000000045,0,None
machine_H,1570,35.8,160,24.55000000000001,36.55000000000001,0,None
machine_M,1541,33.7,165,24.450000000000045,36.55000000000001,0,None
machine_M,1680,30.2,168,24.55000000000001,36.55000000000001,0,None
machine_L,1935,22.1,171,24.650000000000034,36.55000000000001,0,None
machine_M,1596,35.2,173,24.55000000000001,36.450000000000045,0,None
machine_L,1498,41.0,176,24.55000000000001,36.55000000000001,0,None
machine_M,1676,29.0,178,24.650000000000034,36.650000000000034,0,None
machine_L,1351,49.0,181,24.650000000000034,36.75,0,None
machine_L,1472,45.0,183,24.75,36.75,0,None
machine_M,1439,41.7,185,24.75,36.85000000000002,0,None
machine_M,1410,55.4,188,24.75,36.75,0,None
machine_H,1440,51.1,191,24.55000000000001,36.55000000000001,0,None
machine_L,1591,37.7,196,24.55000000000001,36.55000000000001,0,None
machine_L,1533,36.8,198,24.650000000000034,36.650000000000034,0,None
machine_M,1700,31.3,200,24.650000000000034,36.55000000000001,0,None
machine_M,1798,25.5,203,24.650000000000034,36.650000000000034,0,None
machine_L,1394,42.9,206,24.650000000000034,36.55000000000001,0,None
machine_L,1341,49.2,208,24.650000000000034,36.55000000000001,0,None
machine_H,1697,32.2,210,24.55000000000001,36.450000000000045,0,None
machine_H,1419,48.2,215,24.450000000000045,36.450000000000045,0,None
machine_L,2001,20.5,220,24.450000000000045,36.35000000000002,0,None
machine_L,1501,49.8,222,24.450000000000045,36.450000000000045,1,OSF
machine_H,1623,33.1,224,24.450000000000045,36.35000000000002,0,None
machine_L,1628,33.4,229,24.450000000000045,36.25,0,None
machine_L,1491,40.2,231,24.450000000000045,36.25,0,None
machine_L,1517,36.7,233,24.350000000000023,36.25,0,None
machine_H,1525,41.7,235,24.350000000000023,36.150000000000034,0,None
machine_H,1668,27.9,240,24.350000000000023,36.35000000000002,0,None
machine_L,1312,50.7,0,24.350000000000023,36.450000000000045,0,None
machine_H,1278,50.4,2,24.450000000000045,36.450000000000045,0,None
machine_M,1330,53.1,7,24.450000000000045,36.450000000000045,0,None
machine_M,1530,37.3,10,24.450000000000045,36.450000000000045,0,None
machine_H,1428,46.6,13,24.450000000000045,36.450000000000045,0,None
machine_L,1480,47.9,18,24.55000000000001,36.450000000000045,0,None
machine_H,1616,31.1,20,24.55000000000001,36.55000000000001,0,None
machine_L,1547,37.3,25,24.650000000000034,36.55000000000001,0,None
machine_L,2194,16.8,27,24.75,36.55000000000001,0,None
machine_L,2000,21.3,29,24.75,36.650000000000034,0,None
machine_L,1336,71.6,31,24.75,36.650000000000034,1,PWF
machine_L,1542,33.8,33,24.75,36.75,0,None
machine_M,1693,29.9,35,24.75,36.650000000000034,0,None
machine_L,1461,50.5,38,24.75,36.650000000000034,0,None
machine_M,1565,33.9,40,24.850000000000023,36.75,0,None
machine_L,1403,47.7,43,24.850000000000023,36.75,0,None
machine_L,1629,32.5,45,24.950000000000045,36.75,0,None
machine_L,1534,33.7,47,24.950000000000045,36.85000000000002,0,None
machine_L,1553,40.9,49,24.950000000000045,36.85000000000002,0,None
machine_L,1563,32.8,51,24.950000000000045,36.75,0,None
machine_L,1634,30.0,53,24.950000000000045,36.75,0,None
machine_M,1445,45.2,55,24.850000000000023,36.75,0,None
machine_L,1642,30.4,58,24.950000000000045,36.75,0,None
machine_H,1686,29.1,60,24.950000000000045,36.75,0,None
machine_M,1393,43.1,65,24.950000000000045,36.85000000000002,0,None
machine_H,1433,44.2,68,25.05000000000001,36.85000000000002,0,None
machine_L,1507,44.7,73,25.150000000000034,36.85000000000002,0,None
machine_M,1389,49.6,75,25.150000000000034,36.950000000000045,0,None
machine_L,1408,45.3,78,25.150000000000034,36.950000000000045,0,None
machine_M,1725,32.0,80,25.25,37.05000000000001,0,None
machine_L,1926,23.7,83,25.25,36.950000000000045,0,None
machine_H,1509,37.6,85,25.150000000000034,36.950000000000045,0,None
machine_L,1545,36.3,90,25.150000000000034,36.950000000000045,0,None
machine_L,1533,35.2,92,25.25,36.950000000000045,0,None
machine_L,1455,42.2,94,25.25,36.950000000000045,0,None
machine_M,1335,57.8,96,25.25,36.950000000000045,0,None
machine_L,1523,45.9,99,25.150000000000034,36.950000000000045,0,None
machine_L,1460,47.6,101,25.150000000000034,36.85000000000002,0,None
machine_L,1554,37.3,103,25.25,36.85000000000002,0,None
machine_H,1419,47.1,105,25.150000000000034,36.85000000000002,0,None
machine_L,1442,43.9,110,25.150000000000034,36.85000000000002,0,None
machine_L,1507,41.6,112,25.150000000000034,36.75,0,None
machine_L,1858,23.9,114,25.150000000000034,36.85000000000002,0,None
machine_L,1463,43.9,116,25.150000000000034,36.75,0,None
machine_L,1585,37.4,118,25.05000000000001,36.55000000000001,0,None
machine_L,1536,37.3,120,24.850000000000023,36.450000000000045,0,None
machine_L,1403,51.3,122,24.850000000000023,36.450000000000045,0,None
machine_M,1515,38.8,124,24.75,36.450000000000045,0,None
machine_L,1390,47.9,127,24.75,36.35000000000002,0,None
machine_M,1226,58.7,129,24.650000000000034,36.25,0,None
machine_M,1495,36.5,132,24.650000000000034,36.25,0,None
machine_H,1608,30.2,135,24.55000000000001,36.25,0,None
machine_L,1392,44.1,140,24.55000000000001,36.25,0,None
machine_M,1461,43.7,142,24.55000000000001,36.25,0,None
machine_L,1559,36.9,145,24.55000000000001,36.150000000000034,0,None
machine_H,1400,48.9,147,24.55000000000001,36.150000000000034,0,None
machine_M,1732,28.8,152,24.55000000000001,36.05000000000001,0,None
machine_L,1611,33.1,155,24.450000000000045,36.05000000000001,0,None
machine_L,1503,38.9,157,24.450000000000045,35.950000000000045,0,None
machine_L,1391,44.5,159,24.55000000000001,36.05000000000001,0,None
machine_L,2015,20.1,161,24.650000000000034,36.150000000000034,0,None
machine_L,1683,30.9,163,24.650000000000034,36.05000000000001,0,None
machine_L,1435,38.8,165,24.55000000000001,35.950000000000045,0,None
machine_M,1732,28.1,167,24.55000000000001,35.950000000000045,0,None
machine_L,1365,58.6,170,24.55000000000001,36.05000000000001,0,None
machine_L,1562,36.8,172,24.55000000000001,35.950000000000045,0,None
machine_L,1449,49.1,174,24.450000000000045,35.950000000000045,0,None
machine_M,1700,27.4,176,24.55000000000001,36.05000000000001,0,None
machine_M,1427,45.6,179,24.450000000000045,35.85000000000002,0,None
machine_M,1479,38.1,182,24.450000000000045,35.75,0,None
machine_L,1469,44.0,185,24.350000000000023,35.75,0,None
machine_L,1390,47.4,187,24.350000000000023,35.75,0,None
machine_L,1729,28.1,189,24.350000000000023,35.75,0,None
machine_L,1470,43.5,191,24.350000000000023,35.85000000000002,0,None
machine_L,1459,48.5,193,24.350000000000023,35.75,0,None
machine_L,1738,24.0,195,24.350000000000023,35.75,0,None
machine_H,1471,37.7,197,24.350000000000023,35.75,0,None
machine_L,1822,25.4,202,24.450000000000045,35.85000000000002,0,None
machine_L,1554,34.8,204,24.350000000000023,35.75,0,None
machine_M,1433,43.2,206,24.450000000000045,35.75,0,None
machine_L,1449,47.7,209,24.450000000000045,35.75,0,None
machine_L,1456,41.2,0,24.650000000000034,35.85000000000002,0,None
machine_M,1424,45.5,2,24.650000000000034,35.950000000000045,0,None
machine_H,1577,34.7,5,24.75,36.05000000000001,0,None
machine_L,1478,39.7,10,24.75,36.05000000000001,0,None
machine_M,1295,61.2,12,24.650000000000034,36.05000000000001,0,None
machine_L,1372,47.3,15,24.650000000000034,36.05000000000001,0,None
machine_M,1432,42.6,17,24.650000000000034,35.950000000000045,0,None
machine_M,1656,33.2,20,24.55000000000001,35.85000000000002,0,None
machine_H,1410,48.8,23,24.650000000000034,35.85000000000002,0,None
machine_L,1874,24.4,28,24.55000000000001,35.85000000000002,0,None
machine_L,1538,43.2,30,24.55000000000001,35.85000000000002,0,None
machine_M,1636,29.7,32,24.55000000000001,35.85000000000002,0,None
machine_M,1504,40.4,35,24.55000000000001,35.85000000000002,0,None
machine_M,1531,42.4,38,24.55000000000001,35.85000000000002,0,None
machine_H,1735,26.4,41,24.450000000000045,35.85000000000002,0,None
machine_H,1354,55.6,46,24.450000000000045,35.85000000000002,0,None
machine_H,1413,40.2,51,24.450000000000045,35.85000000000002,0,None
machine_L,1563,39.3,56,24.55000000000001,35.950000000000045,0,None
machine_L,1479,42.1,58,24.55000000000001,35.950000000000045,0,None
machine_L,1477,38.3,60,24.55000000000001,35.950000000000045,0,None
machine_L,1394,50.0,62,24.450000000000045,35.950000000000045,0,None
machine_L,1487,45.4,64,24.450000000000045,35.85000000000002,0,None
machine_M,1815,25.3,66,24.450000000000045,35.85000000000002,0,None
machine_M,1453,39.7,69,24.450000000000045,35.650000000000034,0,None
machine_L,1539,40.2,72,24.450000000000045,35.650000000000034,0,None
machine_H,1416,39.2,74,24.350000000000023,35.55000000000001,0,None
machine_M,1683,31.6,79,24.450000000000045,35.650000000000034,0,None
machine_L,1515,40.1,82,24.55000000000001,35.650000000000034,0,None
machine_M,1531,48.3,84,24.55000000000001,35.75,0,None
machine_H,1479,40.9,87,24.55000000000001,35.75,0,None
machine_L,1516,33.7,92,24.55000000000001,35.75,0,None
machine_L,1507,38.2,94,24.55000000000001,35.85000000000002,0,None
machine_M,1434,43.3,96,24.650000000000034,35.85000000000002,0,None
machine_L,1838,27.3,99,24.55000000000001,35.75,0,None
machine_M,1416,45.9,101,24.450000000000045,35.650000000000034,0,None
machine_M,1357,49.7,104,24.450000000000045,35.650000000000034,0,None
machine_M,1697,28.1,107,24.350000000000023,35.55000000000001,0,None
machine_L,1443,46.2,110,24.350000000000023,35.55000000000001,0,None
machine_L,1453,37.6,112,24.350000000000023,35.55000000000001,0,None
machine_L,1439,46.4,114,24.25,35.450000000000045,0,None
machine_L,1609,36.2,116,24.25,35.450000000000045,0,None
machine_L,1324,59.1,118,24.25,35.450000000000045,0,None
machine_H,1420,45.8,120,24.25,35.450000000000045,0,None
machine_L,1545,36.9,125,24.25,35.55000000000001,0,None
machine_L,1477,39.0,127,24.350000000000023,35.650000000000034,0,None
machine_L,1447,58.1,129,24.25,35.650000000000034,0,None
machine_L,1809,23.8,131,24.25,35.75,0,None
machine_L,1696,30.9,133,24.350000000000023,35.75,0,None
machine_L,1427,44.7,135,24.350000000000023,35.75,0,None
machine_M,1500,46.3,137,24.25,35.75,0,None
machine_L,1390,44.6,140,24.350000000000023,35.75,0,None
machine_L,1640,34.2,142,24.25,35.650000000000034,0,None
machine_M,1628,37.4,144,24.25,35.650000000000034,0,None
machine_H,1499,37.6,147,24.150000000000034,35.450000000000045,0,None
machine_M,1425,50.3,152,24.25,35.55000000000001,0,None
machine_L,1586,37.7,155,24.150000000000034,35.450000000000045,0,None
machine_M,1471,50.7,157,24.150000000000034,35.450000000000045,0,None
machine_M,1431,53.0,160,24.150000000000034,35.450000000000045,0,None
machine_L,1924,22.1,163,24.05000000000001,35.450000000000045,0,None
machine_M,1421,42.0,165,23.950000000000045,35.25,0,None
machine_H,1305,54.6,168,23.850000000000023,35.25,0,None
machine_L,1557,32.4,173,23.75,35.25,0,None
machine_L,1555,38.2,175,23.75,35.150000000000034,0,None
machine_H,1474,39.2,177,23.75,35.150000000000034,0,None
machine_L,1506,45.9,182,23.650000000000034,35.150000000000034,0,None
machine_L,1390,41.8,184,23.75,35.25,0,None
machine_M,1450,46.9,186,23.75,35.25,0,None
machine_L,1513,38.8,189,23.75,35.150000000000034,0,None
machine_L,1643,34.7,191,23.650000000000034,35.05000000000001,0,None
machine_L,1361,53.8,193,23.650000000000034,35.05000000000001,0,None
machine_L,1450,40.9,195,23.55000000000001,34.950000000000045,0,None
machine_L,1451,50.7,197,23.55000000000001,34.85000000000002,0,None
machine_L,1289,62.0,199,23.650000000000034,34.950000000000045,1,OSF
machine_L,1356,48.3,201,23.650000000000034,34.950000000000045,0,None
machine_H,1528,46.3,203,23.55000000000001,34.950000000000045,0,None
machine_L,1978,22.3,208,23.450000000000045,34.85000000000002,0,None
machine_L,1535,36.8,210,23.55000000000001,34.85000000000002,0,None
machine_M,1843,24.2,212,23.650000000000034,34.950000000000045,0,None
machine_L,1422,48.7,215,23.75,34.950000000000045,0,None
machine_L,1536,40.4,217,23.650000000000034,34.85000000000002,0,None
machine_M,1483,44.3,219,23.75,34.950000000000045,0,None
machine_H,1492,43.7,222,23.650000000000034,34.950000000000045,0,None
machine_L,1584,40.4,227,23.650000000000034,34.85000000000002,0,None
machine_L,1555,33.7,229,23.75,34.950000000000045,0,None
machine_L,1497,41.7,231,23.650000000000034,34.85000000000002,0,None
machine_M,1537,36.3,233,23.55000000000001,34.650000000000034,0,None
machine_L,1505,39.4,236,23.55000000000001,34.650000000000034,0,None
machine_L,1646,34.6,238,23.55000000000001,34.650000000000034,0,None
machine_M,1286,60.5,0,23.55000000000001,34.650000000000034,0,None
machine_L,1400,47.5,3,23.55000000000001,34.650000000000034,0,None
machine_L,1337,56.5,5,23.650000000000034,34.75,0,None
machine_L,1332,53.9,7,23.75,34.85000000000002,0,None
machine_L,1561,38.3,9,23.650000000000034,34.85000000000002,0,None
machine_L,1546,31.1,11,23.75,34.85000000000002,0,None
machine_L,1713,29.3,13,23.75,34.85000000000002,0,None
machine_L,1343,44.5,15,23.75,34.85000000000002,0,None
machine_L,1391,54.4,17,23.650000000000034,34.85000000000002,0,None
machine_H,1311,58.6,19,23.650000000000034,34.85000000000002,0,None
machine_H,1453,51.0,24,23.650000000000034,34.85000000000002,0,None
machine_L,1510,39.4,29,23.650000000000034,34.85000000000002,0,None
machine_L,1448,48.8,31,23.650000000000034,34.75,0,None
machine_L,1453,46.0,33,23.55000000000001,34.650000000000034,0,None
machine_L,1468,39.2,35,23.55000000000001,34.650000000000034,0,None
machine_L,1382,47.5,37,23.55000000000001,34.650000000000034,0,None
machine_L,1580,32.2,39,23.55000000000001,34.85000000000002,0,None
machine_L,1666,29.8,41,23.650000000000034,34.85000000000002,0,None
machine_M,1409,50.7,43,23.75,34.85000000000002,0,None
machine_L,1675,29.7,46,23.650000000000034,34.85000000000002,0,None
machine_L,1698,30.8,48,23.650000000000034,34.75,0,None
machine_H,1579,33.4,50,23.55000000000001,34.75,0,None
machine_L,1743,27.9,55,23.55000000000001,34.75,0,None
machine_M,1497,44.8,57,23.75,34.85000000000002,0,None
machine_L,1741,28.8,60,23.75,34.950000000000045,0,None
machine_L,1435,45.3,62,23.75,34.950000000000045,0,None
machine_M,1440,46.3,64,23.75,34.950000000000045,0,None
machine_M,1641,33.3,67,23.75,34.85000000000002,0,None
machine_L,1420,45.4,70,23.650000000000034,34.75,0,None
machine_L,1611,35.4,72,23.650000000000034,34.75,0,None
machine_L,1373,42.9,74,23.650000000000034,34.650000000000034,0,None
machine_M,1683,31.8,76,23.650000000000034,34.75,0,None
machine_H,1547,32.6,79,23.75,34.75,0,None
machine_L,1605,37.0,84,23.75,34.650000000000034,0,None
machine_M,2010,18.9,86,23.75,34.75,0,None
machine_L,1565,40.1,89,23.650000000000034,34.55000000000001,0,None
machine_M,1828,24.6,91,23.75,34.650000000000034,0,None
machine_M,1579,34.1,94,23.850000000000023,34.650000000000034,0,None
machine_M,1882,24.2,97,23.850000000000023,34.75,0,None
machine_L,1285,52.1,100,23.75,34.650000000000034,0,None
machine_L,1571,35.0,102,23.75,34.650000000000034,0,None
machine_H,1549,37.8,104,23.75,34.650000000000034,0,None
machine_M,1544,37.6,109,23.75,34.650000000000034,0,None
machine_M,1412,47.4,112,23.850000000000023,34.75,0,None
machine_M,1422,53.0,115,23.850000000000023,34.75,0,None
machine_L,1867,22.8,118,23.850000000000023,34.55000000000001,0,None
machine_L,1424,43.3,120,23.75,34.55000000000001,0,None
machine_L,1452,45.7,122,23.75,34.450000000000045,0,None
machine_L,1550,39.7,124,23.75,34.55000000000001,0,None
machine_L,1588,37.6,126,23.650000000000034,34.450000000000045,0,None
machine_L,1338,44.4,128,23.650000000000034,34.450000000000045,0,None
machine_L,1513,40.0,130,23.650000000000034,34.450000000000045,0,None
machine_M,1470,45.9,132,23.650000000000034,34.35000000000002,0,None
machine_M,1516,36.7,135,23.650000000000034,34.35000000000002,0,None
machine_L,1434,48.3,138,23.650000000000034,34.450000000000045,0,None
machine_L,1368,52.0,140,23.650000000000034,34.450000000000045,0,None
machine_L,1304,48.7,142,23.650000000000034,34.450000000000045,0,None
machine_L,1398,46.7,144,23.650000000000034,34.450000000000045,0,None
machine_L,1516,37.4,146,23.55000000000001,34.450000000000045,0,None
machine_L,1474,41.7,148,23.55000000000001,34.450000000000045,0,None
machine_M,1547,34.7,150,23.55000000000001,34.450000000000045,0,None
machine_M,1482,39.9,153,23.450000000000045,34.35000000000002,0,None
machine_L,1436,42.8,156,23.450000000000045,34.25,0,None
machine_L,1474,40.0,158,23.450000000000045,34.150000000000034,0,None
machine_L,1481,38.2,160,23.350000000000023,34.05000000000001,0,None
machine_L,1501,42.1,162,23.350000000000023,34.150000000000034,0,None
machine_L,1566,37.2,164,23.350000000000023,34.150000000000034,0,None
machine_L,1579,34.5,166,23.350000000000023,34.150000000000034,0,None
machine_L,1631,35.0,168,23.450000000000045,34.25,0,None
machine_M,1544,42.3,170,23.450000000000045,34.25,0,None
machine_L,1521,38.6,173,23.450000000000045,34.25,0,None
machine_L,1616,28.0,175,23.450000000000045,34.25,0,None
machine_H,1333,50.2,177,23.450000000000045,34.25,0,None
machine_M,1533,32.5,182,23.55000000000001,34.25,0,None
machine_L,1368,45.1,185,23.450000000000045,34.25,0,None
machine_L,1465,47.8,187,23.450000000000045,34.25,0,None
machine_H,1406,41.5,189,23.450000000000045,34.25,0,None
machine_M,1565,43.5,194,23.350000000000023,34.25,0,None
machine_L,1582,37.9,197,23.450000000000045,34.35000000000002,0,None
machine_L,1439,45.5,199,23.450000000000045,34.35000000000002,0,None
machine_M,1566,35.0,201,23.450000000000045,34.35000000000002,0,None
machine_L,1485,42.7,204,23.450000000000045,34.35000000000002,0,None
machine_L,1566,35.1,206,23.350000000000023,34.35000000000002,0,None
machine_L,1439,41.5,208,23.150000000000034,34.150000000000034,0,None
machine_M,1416,50.0,210,23.25,34.25,0,None
machine_L,2833,5.6,213,23.25,34.25,1,PWF
machine_L,1465,47.1,215,23.150000000000034,34.25,0,None
machine_H,1586,35.5,0,23.25,34.25,0,None
machine_L,1567,31.4,5,23.150000000000034,34.150000000000034,0,None
machine_M,1389,48.6,7,23.05000000000001,34.05000000000001,0,None
machine_M,1368,49.5,10,23.150000000000034,34.150000000000034,0,None
machine_L,1444,49.0,13,23.150000000000034,34.150000000000034,0,None
machine_M,1498,41.6,15,23.150000000000034,34.150000000000034,0,None
machine_L,1615,30.8,18,22.950000000000045,34.05000000000001,0,None
machine_L,1898,22.7,20,22.950000000000045,33.950000000000045,0,None
machine_M,1350,53.3,22,22.950000000000045,33.950000000000045,0,None
machine_M,1516,37.6,25,23.05000000000001,33.85000000000002,0,None
machine_H,1542,40.6,28,23.05000000000001,33.85000000000002,0,None
machine_H,1541,32.6,33,22.950000000000045,33.75,0,None
machine_M,1951,23.3,38,22.950000000000045,33.75,0,None
machine_H,1645,31.0,41,22.950000000000045,33.650000000000034,0,None
machine_L,1416,44.2,46,22.850000000000023,33.55000000000001,0,None
machine_M,2044,22.3,48,22.850000000000023,33.55000000000001,0,None
machine_L,1414,50.2,51,22.75,33.450000000000045,0,None
machine_L,1678,26.7,53,22.75,33.450000000000045,0,None
machine_H,1594,33.2,55,22.75,33.35000000000002,0,None
machine_M,1514,37.7,60,22.650000000000034,33.35000000000002,0,None
machine_L,1358,49.2,63,22.650000000000034,33.35000000000002,0,None
machine_L,1325,56.2,65,22.650000000000034,33.25,0,None
machine_L,1339,53.2,67,22.650000000000034,33.25,0,None
machine_M,1335,51.7,69,22.650000000000034,33.25,0,None
machine_L,1892,21.7,72,22.75,33.25,0,None
machine_L,1575,28.5,74,22.75,33.25,0,None
machine_M,1444,45.5,76,22.650000000000034,33.150000000000034,0,None
machine_L,1915,22.4,79,22.55000000000001,33.150000000000034,0,None
machine_M,1584,33.6,81,22.450000000000045,33.05000000000001,0,None
machine_M,1685,34.9,84,22.55000000000001,33.150000000000034,0,None
machine_L,1337,54.6,87,22.650000000000034,33.150000000000034,0,None
machine_M,1235,76.2,89,22.650000000000034,33.150000000000034,1,PWF
machine_L,1464,46.2,92,22.55000000000001,33.05000000000001,0,None
machine_M,1739,25.9,94,22.55000000000001,33.05000000000001,0,None
machine_L,1490,34.3,97,22.55000000000001,33.150000000000034,0,None
machine_L,1356,48.0,99,22.650000000000034,33.25,0,None
machine_L,1397,52.0,101,22.55000000000001,33.05000000000001,0,None
machine_L,1458,40.6,103,22.55000000000001,33.05000000000001,0,None
machine_H,2161,16.5,105,22.55000000000001,33.05000000000001,0,None
machine_M,1651,28.1,110,22.450000000000045,32.950000000000045,0,None
machine_L,1389,46.2,113,22.450000000000045,32.950000000000045,0,None
machine_L,1370,52.4,115,22.450000000000045,32.85000000000002,0,None
machine_L,1408,47.9,117,22.55000000000001,32.950000000000045,0,None
machine_L,1343,54.4,119,22.55000000000001,32.950000000000045,0,None
machine_M,1423,42.5,121,22.55000000000001,33.05000000000001,0,None
machine_L,1426,48.6,124,22.450000000000045,33.05000000000001,0,None
machine_M,1435,51.6,126,22.450000000000045,33.05000000000001,0,None
machine_L,1573,35.1,129,22.350000000000023,32.950000000000045,0,None
machine_L,1612,31.2,131,22.450000000000045,33.05000000000001,0,None
machine_L,1446,49.9,133,22.450000000000045,33.05000000000001,0,None
machine_H,1329,55.3,135,22.450000000000045,33.05000000000001,0,None
machine_L,1569,35.1,140,22.450000000000045,33.05000000000001,0,None
machine_H,1256,62.3,142,22.450000000000045,32.950000000000045,0,None
machine_L,1383,48.7,147,22.450000000000045,32.950000000000045,0,None
machine_L,2270,14.6,149,22.55000000000001,33.05000000000001,1,PWF
machine_H,1458,49.8,151,22.55000000000001,33.05000000000001,0,None
machine_L,1474,41.2,156,22.450000000000045,32.950000000000045,0,None
machine_M,1462,49.2,158,22.450000000000045,32.950000000000045,0,None
machine_M,1669,29.0,161,22.450000000000045,32.950000000000045,0,None
machine_M,1822,24.3,164,22.350000000000023,32.950000000000045,0,None
machine_L,1456,39.2,167,22.350000000000023,32.85000000000002,0,None
machine_L,1546,35.9,169,22.350000000000023,32.85000000000002,0,None
machine_M,1490,42.7,171,22.450000000000045,32.950000000000045,0,None
machine_L,1569,40.4,174,22.450000000000045,32.85000000000002,0,None
machine_L,1621,29.5,176,22.350000000000023,32.85000000000002,0,None
machine_M,1518,40.6,178,22.25,32.75,0,None
machine_M,1526,38.2,181,22.25,32.650000000000034,0,None
machine_M,1589,36.2,184,22.150000000000034,32.650000000000034,0,None
machine_L,1475,51.0,187,22.150000000000034,32.55000000000001,0,None
machine_M,1473,38.5,189,22.150000000000034,32.55000000000001,0,None
machine_L,1407,50.7,192,22.25,32.650000000000034,0,None
machine_M,1518,44.1,194,22.350000000000023,32.75,0,None
machine_H,1593,37.2,197,22.350000000000023,32.75,0,None
machine_M,1380,52.4,202,22.350000000000023,32.75,0,None
machine_M,1423,45.3,205,22.350000000000023,32.85000000000002,0,None
machine_L,1800,27.6,208,22.350000000000023,32.85000000000002,0,None
machine_H,1623,30.9,210,22.450000000000045,32.950000000000045,0,None
machine_L,1372,55.6,215,22.450000000000045,32.950000000000045,1,OSF
machine_H,1396,52.4,0,22.450000000000045,32.85000000000002,0,None
machine_L,1949,21.9,5,22.450000000000045,32.85000000000002,0,None
machine_L,1419,51.1,7,22.450000000000045,32.85000000000002,0,None
machine_M,1453,47.3,9,22.350000000000023,32.75,0,None
machine_L,1542,36.2,12,22.350000000000023,32.75,0,None
machine_L,1363,50.0,14,22.450000000000045,32.85000000000002,0,None
machine_L,1597,37.2,16,22.350000000000023,32.85000000000002,0,None
machine_M,1326,50.8,18,22.350000000000023,32.85000000000002,0,None
machine_M,1641,36.6,21,22.350000000000023,32.85000000000002,0,None
machine_M,1418,46.2,24,22.450000000000045,32.950000000000045,0,None
machine_L,1263,61.8,27,22.450000000000045,33.05000000000001,0,None
machine_L,1823,25.8,29,22.450000000000045,33.05000000000001,0,None
machine_L,1488,40.7,31,22.350000000000023,32.950000000000045,0,None
machine_L,1443,48.9,33,22.450000000000045,33.05000000000001,0,None
machine_L,1650,28.2,35,22.450000000000045,33.05000000000001,0,None
machine_M,1462,44.3,37,22.55000000000001,33.150000000000034,0,None
machine_M,1477,45.0,40,22.450000000000045,33.05000000000001,0,None
machine_M,1712,28.5,43,22.55000000000001,33.150000000000034,0,None
machine_M,1347,50.4,46,22.55000000000001,33.150000000000034,0,None
machine_L,1287,54.8,49,22.450000000000045,33.05000000000001,0,None
machine_L,1428,44.5,51,22.450000000000045,33.05000000000001,0,None
machine_M,1426,45.5,53,22.450000000000045,33.150000000000034,0,None
machine_L,1636,32.7,56,22.450000000000045,33.150000000000034,0,None
machine_L,1424,42.5,58,22.450000000000045,33.05000000000001,0,None
machine_H,1509,35.8,60,22.450000000000045,33.150000000000034,0,None
machine_L,1448,48.9,65,22.350000000000023,33.05000000000001,0,None
machine_L,1650,32.8,67,22.350000000000023,32.950000000000045,0,None
machine_H,1414,42.5,69,22.450000000000045,33.05000000000001,0,None
machine_L,1911,20.9,74,22.450000000000045,33.150000000000034,0,None
machine_H,1632,32.2,76,22.450000000000045,33.05000000000001,0,None
machine_M,1387,40.1,81,22.55000000000001,33.25,0,None
machine_L,1399,47.6,84,22.650000000000034,33.25,0,None
machine_L,1505,35.2,86,22.650000000000034,33.35000000000002,0,None
machine_L,1534,37.9,88,22.650000000000034,33.35000000000002,0,None
machine_L,1493,40.5,90,22.650000000000034,33.35000000000002,0,None
machine_M,1480,43.2,92,22.650000000000034,33.450000000000045,0,None
machine_L,1621,31.6,95,22.650000000000034,33.450000000000045,0,None
machine_L,1737,26.2,97,22.55000000000001,33.35000000000002,0,None
machine_L,1508,46.5,99,22.650000000000034,33.450000000000045,0,None
machine_M,1641,32.2,101,22.650000000000034,33.35000000000002,0,None
machine_M,1532,38.6,104,22.75,33.450000000000045,0,None
machine_L,1547,40.9,107,22.75,33.55000000000001,0,None
machine_L,1412,41.0,109,22.75,33.450000000000045,0,None
machine_L,1568,35.1,111,22.650000000000034,33.35000000000002,0,None
machine_L,1557,41.1,113,22.75,33.450000000000045,0,None
machine_L,1644,35.2,115,22.650000000000034,33.450000000000045,0,None
machine_L,1679,30.4,117,22.75,33.450000000000045,0,None
machine_L,1511,35.2,119,22.850000000000023,33.450000000000045,0,None
machine_M,1628,36.8,121,22.850000000000023,33.450000000000045,0,None
machine_M,1392,51.3,124,22.850000000000023,33.450000000000045,0,None
machine_L,1917,21.0,127,22.850000000000023,33.55000000000001,0,None
machine_M,1526,42.3,129,23.05000000000001,33.650000000000034,0,None
machine_L,1389,53.3,132,23.05000000000001,33.650000000000034,0,None
machine_L,1409,42.8,134,22.950000000000045,33.55000000000001,0,None
machine_L,1655,31.1,136,23.05000000000001,33.650000000000034,0,None
machine_L,1516,39.1,138,23.05000000000001,33.75,0,None
machine_L,1526,34.9,140,23.05000000000001,33.75,0,None
machine_L,1419,48.6,142,23.150000000000034,33.950000000000045,0,None
machine_L,1748,25.3,144,23.25,34.05000000000001,0,None
machine_H,1638,32.5,146,23.25,33.950000000000045,0,None
machine_M,1534,33.8,151,23.150000000000034,33.950000000000045,0,None
machine_H,1774,25.9,154,23.150000000000034,33.950000000000045,0,None
machine_M,2119,18.3,159,23.05000000000001,33.85000000000002,0,None
machine_L,1414,48.3,162,23.05000000000001,33.85000000000002,0,None
machine_M,1523,42.0,164,22.950000000000045,33.85000000000002,0,None
machine_L,1651,35.7,167,22.950000000000045,33.950000000000045,0,None
machine_M,1485,36.0,169,22.950000000000045,33.950000000000045,0,None
machine_M,1168,63.4,172,23.05000000000001,34.05000000000001,0,None
machine_L,1566,35.8,175,23.150000000000034,34.150000000000034,0,None
machine_M,1286,51.1,177,23.150000000000034,34.05000000000001,0,None
machine_M,1446,45.9,180,23.150000000000034,34.05000000000001,0,None
machine_M,2071,19.4,183,23.25,34.05000000000001,0,None
machine_L,1560,33.2,186,23.150000000000034,33.950000000000045,0,None
machine_L,1654,29.6,188,23.150000000000034,33.950000000000045,0,None
machine_L,1662,32.9,190,23.150000000000034,33.950000000000045,0,None
machine_L,1646,35.0,192,23.150000000000034,34.05000000000001,0,None
machine_L,1444,46.7,194,23.05000000000001,33.950000000000045,0,None
machine_H,1424,42.0,196,23.150000000000034,34.05000000000001,0,None
machine_L,1382,52.0,201,23.05000000000001,34.05000000000001,0,None
machine_L,1413,53.4,203,23.05000000000001,33.950000000000045,0,None
machine_M,1633,31.1,0,23.05000000000001,34.05000000000001,0,None
machine_L,1441,41.7,3,23.05000000000001,33.950000000000045,0,None
machine_M,1385,44.0,5,23.05000000000001,34.05000000000001,0,None
machine_M,1552,34.8,8,23.05000000000001,34.05000000000001,0,None
machine_M,1451,42.8,11,23.05000000000001,34.150000000000034,0,None
machine_M,1433,38.5,14,22.950000000000045,33.950000000000045,0,None
machine_M,1619,29.7,17,22.950000000000045,34.05000000000001,0,None
machine_L,1445,41.8,20,23.05000000000001,34.05000000000001,0,None
machine_L,1356,43.6,22,23.05000000000001,34.05000000000001,0,None
machine_M,1319,68.3,24,23.150000000000034,34.05000000000001,1,PWF
machine_L,1637,31.6,27,23.150000000000034,34.05000000000001,0,None
machine_L,1291,58.6,29,23.150000000000034,34.05000000000001,0,None
machine_L,1398,52.7,31,23.150000000000034,34.150000000000034,0,None
machine_L,1372,57.7,33,23.150000000000034,34.150000000000034,0,None
machine_M,1454,42.5,35,23.150000000000034,34.05000000000001,0,None
machine_L,1515,36.5,38,23.05000000000001,34.05000000000001,0,None
machine_L,1881,24.3,40,23.05000000000001,34.150000000000034,0,None
machine_L,1711,29.9,42,23.05000000000001,34.150000000000034,0,None
machine_L,1475,37.0,44,23.05000000000001,34.150000000000034,0,None
machine_L,1512,36.8,46,23.25,34.25,0,None
machine_M,1335,50.5,48,23.150000000000034,34.25,0,None
machine_L,1472,39.9,51,23.150000000000034,34.25,0,None
machine_M,1477,35.2,53,23.05000000000001,34.150000000000034,0,None
machine_L,1760,28.4,56,23.150000000000034,34.25,0,None
machine_L,1549,36.1,58,23.25,34.35000000000002,0,None
machine_L,1648,34.0,60,23.150000000000034,34.25,0,None
machine_H,1556,38.0,62,23.25,34.35000000000002,0,None
machine_M,1958,19.1,67,23.150000000000034,34.25,0,None
machine_L,1403,48.4,70,23.25,34.25,0,None
machine_M,1684,31.4,72,23.25,34.35000000000002,0,None
machine_H,1596,35.1,75,23.25,34.35000000000002,0,None
machine_L,1498,41.1,80,23.450000000000045,34.450000000000045,0,None
machine_L,1524,36.8,82,23.55000000000001,34.55000000000001,0,None
machine_L,1502,43.9,84,23.55000000000001,34.55000000000001,0,None
machine_L,1809,25.1,86,23.450000000000045,34.450000000000045,0,None
machine_L,1542,37.4,88,23.450000000000045,34.450000000000045,0,None
machine_L,1431,45.2,90,23.350000000000023,34.450000000000045,0,None
machine_L,1512,43.6,92,23.350000000000023,34.450000000000045,0,None
machine_H,1403,52.8,94,23.25,34.35000000000002,0,None
machine_L,1331,47.8,99,23.25,34.35000000000002,0,None
machine_M,1474,52.6,101,23.450000000000045,34.55000000000001,0,None
machine_L,1607,33.5,104,23.350000000000023,34.450000000000045,0,None
machine_L,1415,44.2,106,23.350000000000023,34.450000000000045,0,None
machine_L,1671,28.8,108,23.450000000000045,34.450000000000045,0,None
machine_L,1556,37.7,110,23.450000000000045,34.55000000000001,0,None
machine_L,1927,23.9,112,23.55000000000001,34.55000000000001,0,None
machine_M,1597,32.1,114,23.55000000000001,34.55000000000001,0,None
machine_H,1627,30.5,117,23.650000000000034,34.650000000000034,0,None
machine_L,1480,39.4,122,23.650000000000034,34.650000000000034,0,None
machine_L,1565,39.5,124,23.650000000000034,34.650000000000034,0,None
machine_L,1573,36.4,126,23.650000000000034,34.650000000000034,0,None
machine_L,1605,31.3,128,23.55000000000001,34.650000000000034,0,None
machine_M,1874,21.3,130,23.55000000000001,34.75,0,None
machine_H,1424,53.8,133,23.55000000000001,34.75,0,None
machine_L,1420,50.1,138,23.55000000000001,34.75,0,None
machine_L,1372,49.0,140,23.650000000000034,34.75,0,None
machine_M,1664,32.8,142,23.650000000000034,34.650000000000034,0,None
machine_M,1409,44.3,145,23.650000000000034,34.75,0,None
machine_L,1718,25.2,148,23.650000000000034,34.75,0,None
machine_M,1544,40.3,150,23.75,34.650000000000034,0,None
machine_L,1466,45.7,153,23.75,34.650000000000034,0,None
machine_L,1394,47.7,155,23.650000000000034,34.650000000000034,0,None
machine_M,1840,24.6,157,23.75,34.650000000000034,0,None
machine_M,1477,37.2,160,23.75,34.650000000000034,0,None
machine_L,1425,49.1,163,23.75,34.650000000000034,0,None
machine_M,1414,46.2,165,23.850000000000023,34.75,0,None
machine_L,1414,47.5,168,23.850000000000023,34.650000000000034,0,None
machine_L,1595,31.7,170,23.850000000000023,34.75,0,None
machine_H,1345,54.5,172,23.75,34.650000000000034,0,None
machine_L,1653,35.9,177,23.75,34.55000000000001,0,None
machine_L,1547,36.5,179,23.650000000000034,34.450000000000045,0,None
machine_H,1656,30.8,181,23.75,34.55000000000001,0,None
machine_L,1731,28.5,186,23.850000000000023,34.55000000000001,0,None
machine_L,1774,28.0,188,23.850000000000023,34.650000000000034,0,None
machine_L,1521,40.2,190,23.850000000000023,34.650000000000034,0,None
machine_H,1420,39.8,192,23.950000000000045,34.75,0,None
machine_L,1683,32.3,197,23.850000000000023,34.650000000000034,0,None
machine_M,1498,47.1,199,23.850000000000023,34.55000000000001,0,None
machine_L,1385,56.4,202,23.850000000000023,34.650000000000034,1,OSF
machine_L,1455,49.0,204,23.850000000000023,34.75,0,None
machine_H,1549,35.8,206,23.75,34.650000000000034,1,TWF
machine_M,1392,43.9,0,23.75,34.650000000000034,0,None
machine_M,2008,17.5,3,23.75,34.55000000000001,0,None
machine_L,1464,41.4,6,23.75,34.55000000000001,0,None
machine_L,1447,46.4,8,23.850000000000023,34.55000000000001,0,None
machine_M,1685,32.0,10,23.75,34.450000000000045,0,None
machine_M,1443,39.2,13,23.650000000000034,34.35000000000002,0,None
machine_L,1354,44.4,16,23.75,34.35000000000002,0,None
machine_L,2721,9.3,18,23.75,34.35000000000002,1,PWF
machine_L,1680,35.8,20,23.850000000000023,34.450000000000045,0,None
machine_H,1397,48.3,22,23.75,34.35000000000002,0,None
machine_M,1521,37.9,27,23.75,34.25,0,None
machine_M,1472,43.9,30,23.650000000000034,34.25,0,None
machine_H,1695,30.0,33,23.650000000000034,34.35000000000002,0,None
machine_H,1607,33.6,38,23.55000000000001,34.35000000000002,0,None
machine_L,1347,54.8,43,23.650000000000034,34.35000000000002,0,None
machine_M,1540,38.7,45,23.55000000000001,34.25,0,None
machine_L,1389,42.7,48,23.450000000000045,34.25,0,None
machine_M,1734,27.0,50,23.450000000000045,34.35000000000002,0,None
machine_L,1540,38.6,53,23.55000000000001,34.450000000000045,0,None
machine_M,1515,42.1,55,23.55000000000001,34.35000000000002,0,None
machine_L,1504,45.8,58,23.450000000000045,34.25,0,None
machine_L,1557,35.1,60,23.450000000000045,34.35000000000002,0,None
machine_L,1292,52.5,62,23.350000000000023,34.25,0,None
machine_H,1432,49.2,64,23.350000000000023,34.25,0,None
machine_M,1350,55.6,69,23.350000000000023,34.25,0,None
machine_M,1790,25.8,72,23.450000000000045,34.25,0,None
machine_H,1540,37.4,75,23.25,34.150000000000034,0,None
machine_M,2077,19.1,80,23.25,34.150000000000034,0,None
machine_L,1487,37.5,83,23.25,34.150000000000034,0,None
machine_L,1523,40.7,85,23.350000000000023,34.25,0,None
machine_L,1443,41.8,87,23.350000000000023,34.35000000000002,0,None
machine_L,1340,59.1,89,23.350000000000023,34.35000000000002,0,None
machine_H,1654,31.0,91,23.450000000000045,34.55000000000001,0,None
machine_L,1459,40.2,96,23.450000000000045,34.450000000000045,0,None
machine_L,1541,38.5,98,23.350000000000023,34.450000000000045,0,None
machine_H,1386,62.3,100,23.450000000000045,34.55000000000001,1,PWF
machine_M,1258,69.0,105,23.55000000000001,34.650000000000034,1,PWF
machine_M,1375,51.4,108,23.55000000000001,34.650000000000034,0,None
machine_L,1706,30.8,111,23.650000000000034,34.75,0,None
machine_M,1672,32.4,113,23.55000000000001,34.650000000000034,0,None
machine_M,1843,25.2,116,23.650000000000034,34.75,0,None
machine_L,1690,29.6,119,23.55000000000001,34.75,0,None
machine_L,1413,46.5,121,23.650000000000034,34.75,0,None
machine_L,1489,33.4,123,23.650000000000034,34.75,0,None
machine_L,1271,61.4,125,23.650000000000034,34.75,0,None
machine_M,1418,47.9,127,23.650000000000034,34.75,0,None
machine_M,1426,50.7,130,23.75,34.650000000000034,0,None
machine_L,1535,39.2,133,23.75,34.75,0,None
machine_L,1557,38.1,135,23.75,34.650000000000034,0,None
machine_L,1653,29.7,137,23.75,34.650000000000034,0,None
machine_L,1435,41.6,139,23.75,34.75,0,None
machine_M,1569,33.3,141,23.850000000000023,34.75,0,None
machine_M,1385,44.8,144,23.75,34.75,0,None
machine_L,1635,31.6,147,23.850000000000023,34.75,0,None
machine_L,1423,43.9,149,23.75,34.75,0,None
machine_L,1479,39.2,151,23.850000000000023,34.75,0,None
machine_L,1296,69.1,153,23.850000000000023,34.75,1,PWF
machine_L,1553,33.3,155,23.850000000000023,34.650000000000034,0,None
machine_L,1529,42.2,157,23.850000000000023,34.75,0,None
machine_M,1690,25.6,159,23.950000000000045,34.85000000000002,0,None
machine_L,1348,58.0,162,23.950000000000045,34.85000000000002,0,None
machine_L,1446,38.5,164,24.05000000000001,34.950000000000045,0,None
machine_L,1456,50.0,166,23.950000000000045,34.75,0,None
machine_L,1350,47.7,168,23.850000000000023,34.75,0,None
machine_L,1507,38.3,170,23.950000000000045,34.75,0,None
machine_H,1448,45.6,172,23.850000000000023,34.75,0,None
machine_L,1626,29.9,177,23.75,34.75,0,None
machine_H,1846,27.3,179,23.850000000000023,34.75,0,None
machine_H,1404,40.7,184,23.850000000000023,34.650000000000034,0,None
machine_L,1583,37.2,189,23.850000000000023,34.650000000000034,0,None
machine_L,1436,47.7,191,23.850000000000023,34.75,0,None
machine_L,1609,35.6,193,23.850000000000023,34.650000000000034,0,None
machine_H,1834,23.8,195,23.850000000000023,34.55000000000001,0,None
machine_L,1316,61.2,200,23.850000000000023,34.650000000000034,1,OSF
machine_L,1400,57.1,202,23.75,34.650000000000034,1,OSF
machine_L,1367,47.1,204,23.75,34.75,0,None
machine_L,1754,30.3,206,23.950000000000045,34.950000000000045,0,None
machine_L,1487,34.6,208,23.950000000000045,34.950000000000045,0,None
machine_M,1506,37.7,210,23.950000000000045,34.950000000000045,0,None
machine_L,1362,52.5,213,23.850000000000023,34.950000000000045,1,OSF
machine_L,1584,36.8,215,23.950000000000045,34.950000000000045,0,None
machine_L,1355,43.7,217,23.850000000000023,34.950000000000045,0,None
machine_M,1823,24.3,219,23.950000000000045,34.950000000000045,0,None
machine_H,1517,41.4,222,23.850000000000023,34.950000000000045,0,None
machine_L,1446,36.6,227,23.950000000000045,34.950000000000045,0,None
machine_H,1559,38.8,229,23.950000000000045,34.85000000000002,0,None
machine_M,1352,44.4,0,23.950000000000045,34.950000000000045,0,None
machine_M,1578,37.8,3,24.05000000000001,35.150000000000034,0,None
machine_M,1429,42.0,6,24.05000000000001,35.150000000000034,0,None
machine_M,1604,39.4,9,24.05000000000001,35.150000000000034,0,None
machine_L,1398,60.4,12,24.150000000000034,35.35000000000002,0,None
machine_L,1441,43.4,14,24.150000000000034,35.25,0,None
machine_H,1531,35.6,16,24.150000000000034,35.25,0,None
machine_L,1379,52.1,21,24.05000000000001,35.150000000000034,0,None
machine_L,1410,48.1,23,24.150000000000034,35.150000000000034,0,None
machine_L,1513,40.5,25,24.150000000000034,35.25,0,None
machine_L,1497,47.5,27,24.150000000000034,35.35000000000002,0,None
machine_L,1491,46.5,29,24.150000000000034,35.25,0,None
machine_L,1417,47.8,31,24.150000000000034,35.25,0,None
machine_M,1522,38.0,33,24.25,35.450000000000045,0,None
machine_L,1339,52.1,36,24.150000000000034,35.25,0,None
machine_M,1794,27.5,38,24.05000000000001,35.150000000000034,0,None
machine_L,1460,42.1,41,24.05000000000001,35.25,0,None
machine_M,1776,28.0,43,24.05000000000001,35.150000000000034,0,None
machine_M,1431,43.7,46,24.05000000000001,35.150000000000034,0,None
machine_L,1347,50.8,49,23.950000000000045,35.05000000000001,0,None
machine_M,1507,43.1,51,23.850000000000023,34.950000000000045,0,None
machine_M,1408,47.9,54,23.850000000000023,34.85000000000002,0,None
machine_M,1493,34.7,57,23.850000000000023,34.75,0,None
machine_M,1441,47.6,60,23.75,34.75,0,None
machine_H,1557,36.5,63,23.75,34.75,0,None
machine_M,1979,20.4,68,23.75,34.75,0,None
machine_M,1430,55.9,71,23.75,34.85000000000002,0,None
machine_L,1658,41.0,74,23.75,34.85000000000002,0,None
machine_M,1355,51.4,76,23.850000000000023,34.950000000000045,0,None
machine_H,1410,47.6,79,23.850000000000023,34.950000000000045,0,None
machine_L,1521,34.5,84,23.75,34.85000000000002,0,None
machine_L,1371,54.5,86,23.650000000000034,34.85000000000002,0,None
machine_H,1318,53.5,88,23.75,34.85000000000002,0,None
machine_M,1573,34.9,93,23.850000000000023,34.950000000000045,0,None
machine_L,1489,44.1,96,23.850000000000023,34.950000000000045,0,None
machine_H,2540,13.3,98,23.850000000000023,34.950000000000045,0,None
machine_L,1537,39.0,103,23.850000000000023,34.950000000000045,0,None
machine_H,1416,46.9,105,23.75,34.85000000000002,0,None
machine_L,1359,56.5,110,23.75,34.75,0,None
machine_M,1551,38.9,112,23.650000000000034,34.650000000000034,0,None
machine_M,1694,33.0,115,23.650000000000034,34.650000000000034,0,None
machine_L,1709,28.4,118,23.650000000000034,34.75,0,None
machine_L,1514,41.0,120,23.75,34.85000000000002,0,None
machine_L,1455,43.5,122,23.850000000000023,34.950000000000045,0,None
machine_M,1702,30.7,124,23.850000000000023,35.05000000000001,0,None
machine_M,1357,41.8,127,23.75,34.950000000000045,0,None
machine_L,1577,29.4,130,23.850000000000023,35.05000000000001,0,None
machine_M,1399,46.4,132,23.850000000000023,35.150000000000034,0,None
machine_L,1399,59.0,135,23.850000000000023,35.150000000000034,0,None
machine_L,1492,48.1,137,23.850000000000023,35.150000000000034,0,None
machine_L,1763,25.7,139,23.950000000000045,35.150000000000034,0,None
machine_H,1492,41.5,141,23.950000000000045,35.150000000000034,0,None
machine_L,1488,42.5,146,23.950000000000045,35.25,0,None
machine_L,1422,42.1,148,23.950000000000045,35.25,0,None
machine_M,1583,38.2,150,23.950000000000045,35.25,0,None
machine_L,1304,53.5,153,23.950000000000045,35.25,0,None
machine_M,1880,23.5,155,23.950000000000045,35.25,0,None
machine_M,1604,40.7,158,24.05000000000001,35.35000000000002,0,None
machine_L,1500,37.1,161,24.05000000000001,35.450000000000045,0,None
machine_M,1364,55.6,163,24.05000000000001,35.35000000000002,0,None
machine_H,2440,14.0,166,24.05000000000001,35.35000000000002,0,None
machine_H,1654,31.4,171,23.950000000000045,35.25,0,None
machine_H,1359,46.6,176,23.950000000000045,35.25,0,None
machine_M,1502,37.3,181,23.950000000000045,35.25,0,None
machine_M,1615,32.6,184,23.950000000000045,35.25,0,None
machine_H,1482,39.3,187,24.05000000000001,35.35000000000002,0,None
machine_L,1636,31.3,192,24.05000000000001,35.450000000000045,0,None
machine_M,1621,32.4,194,23.950000000000045,35.35000000000002,0,None
machine_L,1468,44.4,197,23.950000000000045,35.25,0,None
machine_M,1432,53.4,199,23.950000000000045,35.25,0,None
machine_L,1726,28.4,202,23.950000000000045,35.25,0,None
machine_M,1588,33.4,204,23.950000000000045,35.25,0,None
machine_H,1653,33.3,207,24.05000000000001,35.35000000000002,0,None
machine_L,1513,42.9,212,24.05000000000001,35.35000000000002,0,None
machine_L,1489,40.2,214,24.05000000000001,35.450000000000045,0,None
machine_L,1467,36.8,216,24.150000000000034,35.55000000000001,0,None
machine_L,1549,36.1,218,24.150000000000034,35.55000000000001,0,None
machine_M,1359,48.7,220,24.25,35.650000000000034,0,None
machine_L,1533,41.5,223,24.350000000000023,35.650000000000034,0,None
machine_L,1309,57.3,0,24.350000000000023,35.650000000000034,0,None
machine_H,1430,49.4,2,24.350000000000023,35.650000000000034,0,None
machine_H,1419,50.7,7,24.350000000000023,35.75,0,None
machine_M,1535,37.7,12,24.350000000000023,35.75,0,None
machine_L,1466,43.0,15,24.350000000000023,35.75,0,None
machine_L,1427,50.4,17,24.350000000000023,35.75,0,None
machine_M,1280,48.5,19,24.350000000000023,35.75,0,None
machine_L,1528,33.8,22,24.450000000000045,35.85000000000002,0,None
machine_H,1885,25.2,24,24.450000000000045,35.85000000000002,0,None
machine_H,1648,33.0,29,24.650000000000034,36.05000000000001,0,None
machine_L,1400,56.9,34,24.650000000000034,36.05000000000001,0,None
machine_M,2243,15.7,36,24.650000000000034,36.150000000000034,0,None
machine_L,1558,35.7,39,24.75,36.25,0,None
machine_L,1633,34.8,41,24.850000000000023,36.450000000000045,0,None
machine_M,1549,38.7,43,24.950000000000045,36.450000000000045,0,None
machine_L,1496,45.8,46,24.850000000000023,36.35000000000002,0,None
machine_L,1467,41.8,48,24.950000000000045,36.35000000000002,0,None
machine_M,1276,65.9,50,24.850000000000023,36.25,0,None
machine_H,1490,40.5,53,24.850000000000023,36.25,0,None
machine_H,1562,38.1,58,24.850000000000023,36.25,0,None
machine_L,1397,48.2,63,24.950000000000045,36.25,0,None
machine_H,1530,40.2,65,24.950000000000045,36.35000000000002,0,None
machine_M,1362,47.6,70,24.950000000000045,36.25,0,None
machine_M,1693,34.4,73,25.05000000000001,36.25,0,None
machine_M,1408,46.5,76,25.05000000000001,36.25,0,None
machine_L,1398,52.9,79,25.05000000000001,36.25,0,None
machine_M,1531,40.1,81,25.150000000000034,36.450000000000045,0,None
machine_H,1521,37.1,84,25.150000000000034,36.35000000000002,0,None
machine_H,1427,54.3,89,25.150000000000034,36.35000000000002,0,None
machine_L,1546,36.1,94,25.150000000000034,36.25,0,None
machine_L,1356,45.4,96,25.150000000000034,36.25,0,None
machine_L,2153,15.3,98,25.25,36.35000000000002,1,PWF
machine_M,1492,41.7,100,25.350000000000023,36.450000000000045,0,None
machine_L,1582,40.3,103,25.350000000000023,36.450000000000045,0,None
machine_L,1419,41.5,105,25.350000000000023,36.450000000000045,0,None
machine_M,1441,48.2,107,25.350000000000023,36.450000000000045,0,None
machine_M,1635,32.2,110,25.450000000000045,36.55000000000001,0,None
machine_L,1429,45.8,113,25.450000000000045,36.55000000000001,0,None
machine_M,1675,28.4,115,25.450000000000045,36.55000000000001,0,None
machine_M,1868,23.8,118,25.55000000000001,36.55000000000001,0,None
machine_H,1582,33.4,121,25.55000000000001,36.650000000000034,0,None
machine_L,1486,40.3,126,25.650000000000034,36.75,0,None
machine_L,1402,54.3,128,25.55000000000001,36.650000000000034,0,None
machine_L,1621,34.1,130,25.55000000000001,36.75,0,None
machine_L,1428,42.4,132,25.650000000000034,36.75,0,None
machine_M,1343,53.6,134,25.55000000000001,36.650000000000034,0,None
machine_M,1458,40.2,137,25.55000000000001,36.75,0,None
machine_L,1322,57.0,140,25.55000000000001,36.650000000000034,0,None
machine_L,1483,32.8,142,25.55000000000001,36.75,0,None
machine_L,1505,45.7,144,25.450000000000045,36.650000000000034,0,None
machine_L,1593,42.5,146,25.55000000000001,36.75,0,None
machine_L,2098,19.6,148,25.650000000000034,36.85000000000002,0,None
machine_L,1672,30.4,150,25.650000000000034,36.85000000000002,0,None
machine_L,1487,41.4,152,25.650000000000034,36.85000000000002,0,None
machine_L,1423,42.1,154,25.650000000000034,36.85000000000002,0,None
machine_L,1750,25.0,156,25.75,36.950000000000045,0,None
machine_L,1654,31.1,158,25.75,37.05000000000001,0,None
machine_L,1498,50.2,160,25.75,37.05000000000001,0,None
machine_L,1587,30.2,162,25.75,36.950000000000045,0,None
machine_L,1473,42.6,164,25.75,36.950000000000045,0,None
machine_L,1359,56.9,166,25.75,37.05000000000001,0,None
machine_M,1635,34.5,168,25.850000000000023,37.150000000000034,0,None
machine_L,1520,45.0,171,25.850000000000023,37.150000000000034,0,None
machine_L,1507,36.7,173,25.850000000000023,37.150000000000034,0,None
machine_L,1428,46.3,175,25.850000000000023,37.150000000000034,0,None
machine_M,1582,33.3,177,25.850000000000023,37.150000000000034,0,None
machine_L,1929,24.4,180,25.850000000000023,37.150000000000034,0,None
machine_M,1540,38.1,182,25.850000000000023,37.150000000000034,0,None
machine_L,1362,53.0,185,25.75,37.05000000000001,0,None
machine_H,1452,49.9,187,25.75,36.950000000000045,0,None
machine_L,1361,51.7,192,25.75,36.950000000000045,0,None
machine_M,1243,74.5,194,25.650000000000034,36.950000000000045,1,PWF
machine_H,1567,36.8,197,25.650000000000034,36.950000000000045,0,None
machine_L,1411,46.5,202,25.75,37.05000000000001,0,None
machine_L,1814,26.8,204,25.650000000000034,37.05000000000001,0,None
machine_M,1719,28.8,206,25.650000000000034,36.950000000000045,0,None
machine_H,1663,30.4,209,25.650000000000034,37.05000000000001,0,None
machine_L,1696,30.2,214,25.75,37.05000000000001,0,None
machine_H,1771,26.8,216,25.75,37.05000000000001,0,None
machine_L,1868,24.0,221,25.850000000000023,37.150000000000034,0,None
machine_M,1558,35.4,223,25.850000000000023,37.150000000000034,0,None
machine_L,1365,49.1,226,25.850000000000023,37.25,1,OSF
machine_L,1371,53.8,228,25.850000000000023,37.25,1,OSF
machine_L,1583,32.6,230,25.75,37.150000000000034,0,None
machine_H,1613,36.0,0,25.55000000000001,37.05000000000001,0,None
machine_L,1721,27.2,5,25.450000000000045,36.950000000000045,0,None
machine_M,1668,31.5,7,25.450000000000045,37.05000000000001,0,None
machine_L,1569,36.3,10,25.450000000000045,37.05000000000001,0,None
machine_M,1328,50.5,12,25.450000000000045,37.05000000000001,0,None
machine_M,1596,33.0,15,25.450000000000045,36.950000000000045,0,None
machine_L,1676,32.7,18,25.350000000000023,37.05000000000001,0,None
machine_L,1809,28.9,20,25.350000000000023,36.950000000000045,0,None
machine_L,1804,26.1,22,25.350000000000023,36.85000000000002,0,None
machine_L,1533,33.9,24,25.450000000000045,36.950000000000045,0,None
machine_L,1717,27.3,26,25.55000000000001,37.05000000000001,0,None
machine_L,1363,45.5,28,25.55000000000001,37.05000000000001,0,None
machine_L,1402,45.9,30,25.55000000000001,37.05000000000001,0,None
machine_L,1436,47.5,32,25.55000000000001,37.05000000000001,0,None
machine_L,1525,43.7,34,25.55000000000001,37.05000000000001,0,None
machine_M,1598,33.3,36,25.55000000000001,37.05000000000001,0,None
machine_M,1444,48.1,39,25.450000000000045,36.950000000000045,0,None
machine_L,1334,48.0,42,25.450000000000045,36.85000000000002,0,None
machine_M,1681,35.5,44,25.450000000000045,36.85000000000002,0,None
machine_L,1593,37.4,47,25.450000000000045,36.75,0,None
machine_L,1461,45.7,49,25.450000000000045,36.75,0,None
machine_M,1693,31.9,51,25.55000000000001,36.950000000000045,0,None
machine_L,1404,50.3,54,25.55000000000001,37.05000000000001,0,None
machine_H,1707,27.6,56,25.650000000000034,37.05000000000001,0,None
machine_M,1458,41.9,61,25.450000000000045,36.950000000000045,0,None
machine_L,1517,41.2,64,25.450000000000045,36.85000000000002,0,None
machine_L,1433,54.6,66,25.55000000000001,36.950000000000045,0,None
machine_L,1566,33.1,68,25.55000000000001,37.05000000000001,0,None
machine_L,1676,33.5,70,25.55000000000001,36.950000000000045,0,None
machine_M,1368,56.8,72,25.55000000000001,36.950000000000045,0,None
machine_M,1581,37.5,75,25.650000000000034,37.05000000000001,0,None
machine_H,1708,27.1,78,25.650000000000034,37.150000000000034,0,None
machine_M,1481,41.5,83,25.55000000000001,37.150000000000034,0,None
machine_L,1451,40.0,86,25.55000000000001,37.150000000000034,0,None
machine_M,1495,38.7,88,25.55000000000001,37.150000000000034,0,None
machine_M,1573,41.8,91,25.650000000000034,37.150000000000034,0,None
machine_M,1366,59.0,94,25.650000000000034,37.150000000000034,0,None
machine_L,1553,36.8,97,25.650000000000034,37.150000000000034,0,None
machine_M,1528,37.1,99,25.650000000000034,37.150000000000034,0,None
machine_M,1527,31.2,102,25.650000000000034,37.05000000000001,0,None
machine_L,1461,46.7,105,25.650000000000034,37.05000000000001,0,None
machine_H,1455,44.9,107,25.650000000000034,37.05000000000001,0,None
machine_L,1620,34.8,112,25.55000000000001,36.950000000000045,0,None
machine_L,1786,27.7,114,25.55000000000001,36.950000000000045,0,None
machine_M,1583,35.7,116,25.650000000000034,37.05000000000001,0,None
machine_L,1653,30.3,119,25.650000000000034,36.950000000000045,0,None
machine_M,1331,49.0,121,25.75,37.05000000000001,0,None
machine_L,1484,43.8,124,25.75,37.150000000000034,0,None
machine_M,1603,36.1,126,25.75,37.05000000000001,0,None
machine_L,1445,40.0,129,25.75,37.05000000000001,0,None
machine_L,1823,26.1,131,25.75,36.950000000000045,0,None
machine_H,1491,45.3,133,25.75,36.950000000000045,0,None
machine_L,1533,42.8,138,25.75,37.05000000000001,0,None
machine_L,1409,54.8,140,25.75,37.05000000000001,0,None
machine_L,2737,8.8,142,25.75,37.05000000000001,1,PWF
machine_M,1494,46.6,144,25.850000000000023,37.150000000000034,0,None
machine_L,1594,33.3,147,25.950000000000045,37.25,0,None
machine_L,1527,44.0,149,25.950000000000045,37.25,0,None
machine_L,1452,39.7,151,25.950000000000045,37.25,0,None
machine_L,1483,39.2,153,25.850000000000023,37.150000000000034,0,None
machine_L,1569,38.2,155,25.950000000000045,37.05000000000001,0,None
machine_L,1472,46.6,157,25.950000000000045,37.150000000000034,0,None
machine_L,1533,43.5,159,25.850000000000023,37.05000000000001,0,None
machine_H,1366,62.7,161,25.75,36.950000000000045,0,None
machine_H,1532,37.7,166,25.75,37.05000000000001,0,None
machine_M,1313,56.8,171,25.75,36.950000000000045,0,None
machine_L,1372,48.0,174,25.850000000000023,37.05000000000001,0,None
machine_M,1555,40.6,176,25.75,36.950000000000045,0,None
machine_L,1394,42.7,179,25.75,36.950000000000045,0,None
machine_L,1442,48.0,181,25.75,36.950000000000045,0,None
machine_L,1564,33.8,183,25.75,36.85000000000002,0,None
machine_L,1452,48.9,185,25.75,36.85000000000002,0,None
machine_L,1466,42.5,187,25.75,36.950000000000045,0,None
machine_M,1469,53.2,189,25.75,36.950000000000045,0,None
machine_L,1944,23.4,192,25.75,36.950000000000045,0,None
machine_M,1415,53.2,194,25.650000000000034,36.75,0,None
machine_M,1528,36.7,197,25.55000000000001,36.650000000000034,0,None
machine_M,1570,42.1,200,25.55000000000001,36.650000000000034,0,None
machine_L,1617,33.0,203,25.55000000000001,36.75,0,None
machine_M,2083,18.2,205,25.55000000000001,36.75,0,None
machine_L,1541,38.5,208,25.55000000000001,36.75,0,None
machine_L,1320,47.4,210,25.650000000000034,36.75,0,None
machine_L,1354,53.3,212,25.55000000000001,36.650000000000034,1,OSF
machine_M,1495,35.2,214,25.650000000000034,36.75,0,None
machine_L,1589,31.8,217,25.55000000000001,36.650000000000034,0,None
machine_L,1530,35.5,0,25.55000000000001,36.650000000000034,0,None
machine_L,1539,33.4,2,25.55000000000001,36.650000000000034,0,None
machine_L,1462,46.8,4,25.55000000000001,36.55000000000001,0,None
machine_L,1356,54.0,6,25.450000000000045,36.55000000000001,0,None
machine_M,1622,34.6,8,25.55000000000001,36.55000000000001,0,None
machine_L,1394,40.3,11,25.55000000000001,36.650000000000034,0,None
machine_L,1568,33.7,13,25.650000000000034,36.75,0,None
machine_M,1456,43.8,15,25.75,36.85000000000002,0,None
machine_L,1378,49.3,18,25.75,36.85000000000002,0,None
machine_M,1404,41.4,20,25.75,36.75,0,None
machine_L,1437,42.8,23,25.650000000000034,36.650000000000034,0,None
machine_L,1363,44.0,25,25.650000000000034,36.650000000000034,0,None
machine_M,1377,49.6,27,25.650000000000034,36.650000000000034,0,None
machine_H,1526,42.1,30,25.650000000000034,36.75,0,None
machine_H,1510,44.2,35,25.650000000000034,36.650000000000034,0,None
machine_H,1439,45.2,40,25.650000000000034,36.75,1,Unknown
machine_L,1482,39.1,45,25.650000000000034,36.75,0,None
machine_M,1534,37.0,47,25.650000000000034,36.650000000000034,0,None
machine_M,1741,27.7,50,25.650000000000034,36.75,0,None
machine_L,1550,38.8,53,25.650000000000034,36.75,0,None
machine_M,1486,38.5,55,25.650000000000034,36.85000000000002,0,None
machine_L,1602,38.2,58,25.75,36.950000000000045,0,None
machine_L,1477,37.9,60,25.850000000000023,37.05000000000001,0,None
machine_L,1618,29.2,62,25.850000000000023,36.950000000000045,0,None
machine_M,1628,35.8,64,25.850000000000023,37.05000000000001,0,None
machine_M,1662,33.6,67,25.850000000000023,37.150000000000034,0,None
machine_M,1657,31.0,70,25.850000000000023,37.150000000000034,0,None
machine_H,1677,30.8,73,25.850000000000023,37.25,0,None
machine_M,1447,39.9,78,25.850000000000023,37.150000000000034,0,None
machine_L,1831,25.4,81,25.75,37.25,0,None
machine_L,1584,34.4,83,25.850000000000023,37.150000000000034,0,None
machine_L,1450,40.9,85,25.950000000000045,37.25,0,None
machine_L,1428,46.9,87,25.950000000000045,37.25,0,None
machine_L,1382,53.0,89,25.850000000000023,37.25,0,None
machine_L,1501,43.0,91,25.850000000000023,37.150000000000034,0,None
machine_L,1475,42.4,93,25.850000000000023,37.150000000000034,0,None
machine_L,1364,54.0,95,25.75,37.150000000000034,0,None
machine_L,1472,36.1,97,25.850000000000023,37.150000000000034,0,None
machine_L,1437,47.8,99,25.850000000000023,37.150000000000034,0,None
machine_L,1491,45.1,101,25.75,37.05000000000001,0,None
machine_L,1706,27.6,103,25.75,37.05000000000001,0,None
machine_L,1607,39.5,105,25.650000000000034,36.950000000000045,0,None
machine_L,1412,46.3,107,25.650000000000034,36.85000000000002,0,None
machine_L,1546,40.9,109,25.55000000000001,36.650000000000034,0,None
machine_L,1365,50.5,111,25.55000000000001,36.650000000000034,0,None
machine_L,1544,30.2,113,25.450000000000045,36.650000000000034,0,None
machine_M,1419,44.9,115,25.450000000000045,36.650000000000034,0,None
machine_L,1497,41.6,118,25.450000000000045,36.650000000000034,0,None
machine_L,1437,42.6,120,25.350000000000023,36.55000000000001,0,None
machine_L,1421,53.6,122,25.350000000000023,36.450000000000045,0,None
machine_M,1438,44.5,124,25.350000000000023,36.450000000000045,0,None
machine_M,1315,48.9,127,25.350000000000023,36.35000000000002,0,None
machine_M,1366,61.9,130,25.350000000000023,36.35000000000002,0,None
machine_M,1519,35.4,133,25.25,36.35000000000002,0,None
machine_L,1692,28.3,136,25.25,36.35000000000002,0,None
machine_L,1570,35.6,138,25.150000000000034,36.25,0,None
machine_L,1568,35.8,140,25.150000000000034,36.25,0,None
machine_L,1355,43.8,142,25.05000000000001,36.150000000000034,0,None
machine_M,2056,18.7,144,25.05000000000001,36.150000000000034,0,None
machine_M,1332,60.2,147,25.05000000000001,36.05000000000001,0,None
machine_M,1448,52.5,150,24.950000000000045,35.950000000000045,0,None
machine_L,1578,35.6,153,24.850000000000023,35.75,0,None
machine_M,1562,39.2,155,24.850000000000023,35.85000000000002,0,None
machine_M,1976,19.3,158,24.950000000000045,35.85000000000002,0,None
machine_M,1524,34.6,161,25.05000000000001,36.05000000000001,0,None
machine_L,1429,48.5,164,25.05000000000001,35.950000000000045,0,None
machine_L,1568,36.3,166,25.05000000000001,35.950000000000045,0,None
machine_M,1723,26.6,168,25.05000000000001,35.85000000000002,0,None
machine_L,1341,43.8,171,25.05000000000001,35.85000000000002,0,None
machine_M,1353,46.2,173,24.950000000000045,35.75,0,None
machine_M,1479,58.5,176,24.850000000000023,35.55000000000001,1,PWF
machine_L,1496,44.9,179,24.850000000000023,35.650000000000034,0,None
machine_M,1377,48.5,181,24.850000000000023,35.55000000000001,0,None
machine_H,1383,44.6,184,24.75,35.35000000000002,0,None
machine_L,1268,69.4,189,24.850000000000023,35.55000000000001,1,PWF
machine_L,1629,34.3,191,24.850000000000023,35.55000000000001,0,None
machine_L,1790,27.2,193,24.850000000000023,35.650000000000034,0,None
machine_M,2206,16.3,195,24.950000000000045,35.650000000000034,0,None
machine_M,2101,17.4,198,24.850000000000023,35.55000000000001,0,None
machine_M,1436,48.2,201,24.850000000000023,35.55000000000001,0,None
machine_L,1462,48.2,204,24.850000000000023,35.55000000000001,0,None
machine_L,1771,26.2,206,24.850000000000023,35.55000000000001,0,None
machine_L,1506,47.0,208,24.850000000000023,35.55000000000001,0,None
machine_L,1626,36.7,210,24.850000000000023,35.55000000000001,0,None
machine_L,1610,33.7,212,24.850000000000023,35.650000000000034,0,None
machine_M,1376,55.7,214,24.850000000000023,35.450000000000045,0,None
machine_M,1507,37.3,217,24.850000000000023,35.450000000000045,0,None
machine_L,1429,37.7,220,24.850000000000023,35.35000000000002,1,TWF
machine_M,1547,38.9,0,24.950000000000045,35.55000000000001,0,None
machine_L,1642,30.3,3,24.950000000000045,35.55000000000001,0,None
machine_H,1503,36.3,5,24.850000000000023,35.55000000000001,0,None
machine_L,1568,32.9,10,24.950000000000045,35.55000000000001,0,None
machine_M,1628,37.6,12,24.950000000000045,35.650000000000034,0,None
machine_M,1614,35.5,15,25.05000000000001,35.75,0,None
machine_L,1278,54.0,18,25.05000000000001,35.75,0,None
machine_M,1408,38.8,20,25.05000000000001,35.75,0,None
machine_H,1371,55.7,23,25.05000000000001,35.85000000000002,0,None
machine_M,1512,38.5,28,25.05000000000001,35.75,0,None
machine_L,1472,40.1,31,25.150000000000034,35.950000000000045,0,None
machine_M,1585,34.3,33,25.05000000000001,35.75,0,None
machine_H,1562,37.7,36,25.05000000000001,35.85000000000002,0,None
machine_L,1519,36.9,41,25.150000000000034,35.85000000000002,0,None
machine_L,1601,35.8,43,25.05000000000001,35.85000000000002,0,None
machine_L,2449,13.8,45,25.05000000000001,35.85000000000002,0,None
machine_L,1787,27.6,47,24.950000000000045,35.85000000000002,0,None
machine_H,1425,44.5,49,24.950000000000045,35.950000000000045,0,None
machine_L,1559,34.0,54,24.950000000000045,35.85000000000002,0,None
machine_L,1557,36.0,56,24.950000000000045,35.85000000000002,0,None
machine_L,1497,40.5,58,24.950000000000045,35.85000000000002,0,None
machine_H,1438,41.4,60,24.950000000000045,35.85000000000002,0,None
machine_M,1417,39.2,65,24.950000000000045,35.75,0,None
machine_M,1339,51.4,68,24.850000000000023,35.75,0,None
machine_L,1757,29.1,71,24.850000000000023,35.650000000000034,0,None
machine_L,1581,36.1,73,24.850000000000023,35.650000000000034,0,None
machine_M,1326,54.4,75,25.05000000000001,35.75,0,None
machine_M,1467,39.6,78,25.25,35.950000000000045,0,None
machine_L,1798,29.6,81,25.25,35.950000000000045,0,None
machine_M,1449,46.4,83,25.350000000000023,36.05000000000001,0,None
machine_M,1525,39.3,86,25.25,35.950000000000045,0,None
machine_L,2304,15.1,89,25.25,35.85000000000002,0,None
machine_L,1379,54.7,91,25.150000000000034,35.75,0,None
machine_L,1628,34.9,93,25.25,35.75,0,None
machine_L,1474,52.7,95,25.25,35.85000000000002,0,None
machine_M,1544,38.8,97,25.25,35.85000000000002,0,None
machine_L,1391,48.4,100,25.25,35.75,0,None
machine_L,1348,55.5,102,25.150000000000034,35.75,0,None
machine_M,1349,52.1,104,25.150000000000034,35.650000000000034,0,None
machine_L,1706,29.5,107,25.25,35.75,0,None
machine_L,1638,32.4,109,25.25,35.75,0,None
machine_L,1458,40.1,111,25.25,35.650000000000034,0,None
machine_L,1781,27.8,113,25.350000000000023,35.75,0,None
machine_L,1332,59.1,115,25.350000000000023,35.650000000000034,0,None
machine_M,1584,31.7,117,25.25,35.55000000000001,0,None
machine_L,1491,42.0,120,25.25,35.450000000000045,0,None
machine_H,1398,47.1,122,25.25,35.35000000000002,0,None
machine_L,1585,30.6,127,25.150000000000034,35.25,0,None
machine_M,1476,43.5,129,25.05000000000001,35.150000000000034,0,None
machine_L,1458,41.8,132,25.05000000000001,35.150000000000034,0,None
machine_M,1510,39.9,134,25.05000000000001,35.25,0,None
machine_L,1388,53.8,137,25.05000000000001,35.25,0,None
machine_L,2216,16.8,139,25.05000000000001,35.150000000000034,0,None
machine_L,1402,51.0,141,25.05000000000001,35.150000000000034,0,None
machine_M,2090,19.0,143,24.850000000000023,35.05000000000001,0,None
machine_L,1459,42.1,146,24.850000000000023,35.05000000000001,0,None
machine_M,1403,44.8,148,24.850000000000023,34.950000000000045,0,None
machine_L,1521,39.3,151,24.950000000000045,35.05000000000001,0,None
machine_L,1407,47.1,153,25.05000000000001,35.05000000000001,0,None
machine_M,1654,35.3,155,24.950000000000045,35.05000000000001,0,None
machine_L,1452,43.5,158,25.05000000000001,35.25,0,None
machine_L,1528,37.3,160,25.150000000000034,35.25,0,None
machine_L,1230,59.6,162,25.05000000000001,35.150000000000034,0,None
machine_L,1466,42.4,164,25.05000000000001,35.05000000000001,0,None
machine_L,1478,50.1,166,25.05000000000001,35.05000000000001,0,None
machine_L,2057,18.0,168,25.05000000000001,35.150000000000034,0,None
machine_L,1490,41.7,170,25.150000000000034,35.25,0,None
machine_L,1484,43.4,172,25.150000000000034,35.25,0,None
machine_L,1593,37.0,174,25.150000000000034,35.25,0,None
machine_L,1444,43.8,176,25.150000000000034,35.150000000000034,0,None
machine_M,1444,47.5,178,25.150000000000034,35.25,0,None
machine_M,1560,33.0,181,25.05000000000001,35.150000000000034,0,None
machine_H,1530,42.0,184,24.950000000000045,35.150000000000034,0,None
machine_L,1310,61.0,189,25.05000000000001,35.25,1,OSF
machine_M,1639,33.3,191,25.05000000000001,35.150000000000034,0,None
machine_L,1400,48.7,194,25.05000000000001,35.150000000000034,0,None
machine_M,1486,44.2,196,25.150000000000034,35.25,0,None
machine_M,1448,43.3,199,25.05000000000001,35.150000000000034,0,None
machine_L,1688,32.0,202,25.05000000000001,35.150000000000034,0,None
machine_M,1453,41.5,204,24.950000000000045,35.150000000000034,0,None
machine_L,1497,37.7,207,25.05000000000001,35.25,0,None
machine_L,1355,49.4,209,25.05000000000001,35.25,0,None
machine_L,1592,38.2,211,24.950000000000045,35.25,0,None
machine_L,1544,34.7,213,24.850000000000023,35.150000000000034,0,None
machine_M,1373,51.2,215,24.850000000000023,35.05000000000001,0,None
machine_L,1365,52.9,218,24.850000000000023,35.05000000000001,1,OSF
machine_L,1877,24.3,0,24.850000000000023,34.950000000000045,0,None
machine_L,1531,40.8,2,24.75,34.950000000000045,0,None
machine_L,1501,36.7,4,24.75,34.85000000000002,0,None
machine_L,1490,46.2,6,24.75,34.85000000000002,0,None
machine_M,1543,43.7,8,24.650000000000034,34.650000000000034,0,None
machine_L,1597,38.2,11,24.650000000000034,34.650000000000034,0,None
machine_H,1600,33.5,13,24.650000000000034,34.75,0,None
machine_M,1622,32.1,18,24.650000000000034,34.650000000000034,0,None
machine_L,1452,39.8,21,24.650000000000034,34.650000000000034,0,None
machine_L,1396,42.5,23,24.650000000000034,34.650000000000034,0,None
machine_L,1505,39.7,25,24.650000000000034,34.55000000000001,0,None
machine_L,1412,48.3,27,24.650000000000034,34.650000000000034,0,None
machine_L,1393,38.0,29,24.650000000000034,34.55000000000001,0,None
machine_L,1581,34.9,31,24.55000000000001,34.55000000000001,0,None
machine_L,1573,37.9,33,24.650000000000034,34.650000000000034,0,None
machine_M,1726,27.3,35,24.650000000000034,34.75,0,None
machine_M,1540,39.8,38,24.75,34.75,0,None
machine_L,1296,62.9,41,24.75,34.85000000000002,0,None
machine_M,1802,25.8,43,24.650000000000034,34.75,0,None
machine_L,1447,48.6,46,24.650000000000034,34.75,0,None
machine_H,1662,30.7,48,24.650000000000034,34.650000000000034,0,None
machine_L,1563,34.3,53,24.650000000000034,34.650000000000034,0,None
machine_L,1286,59.5,55,24.75,34.650000000000034,0,None
machine_L,1590,34.6,57,24.75,34.55000000000001,0,None
machine_L,1492,43.7,59,24.75,34.55000000000001,0,None
machine_L,1844,21.9,61,24.55000000000001,34.450000000000045,0,None
machine_H,1538,38.3,63,24.55000000000001,34.450000000000045,0,None
machine_L,1921,22.9,68,24.55000000000001,34.450000000000045,0,None
machine_M,1310,57.9,70,24.650000000000034,34.650000000000034,0,None
machine_L,1365,46.9,73,24.75,34.650000000000034,0,None
machine_M,1303,59.3,75,24.75,34.650000000000034,0,None
machine_L,1499,37.5,78,24.75,34.650000000000034,0,None
machine_L,1451,38.2,80,24.75,34.650000000000034,0,None
machine_M,1336,54.4,82,24.75,34.75,0,None
machine_L,1412,44.5,85,24.75,34.75,0,None
machine_L,1433,39.2,87,24.850000000000023,34.85000000000002,0,None
machine_L,1426,43.6,89,24.75,34.75,0,None
machine_L,1476,45.2,91,24.75,34.75,0,None
machine_H,1406,58.5,93,24.75,34.75,0,None
machine_L,1383,56.5,98,24.650000000000034,34.650000000000034,0,None
machine_L,1505,37.3,100,24.75,34.650000000000034,0,None
machine_L,1665,33.9,102,24.75,34.650000000000034,0,None
machine_L,1397,45.0,104,24.75,34.650000000000034,0,None
machine_M,1450,43.5,106,24.75,34.650000000000034,0,None
machine_L,1567,36.4,109,24.850000000000023,34.650000000000034,0,None
machine_M,1555,37.0,111,24.850000000000023,34.85000000000002,0,None
machine_H,1588,35.4,114,24.850000000000023,34.650000000000034,0,None
machine_L,1453,37.7,119,24.850000000000023,34.650000000000034,0,None
machine_L,1622,33.3,121,24.850000000000023,34.650000000000034,0,None
machine_L,1538,38.5,123,24.75,34.650000000000034,0,None
machine_M,1527,42.8,125,24.75,34.55000000000001,0,None
machine_L,1761,28.9,128,24.650000000000034,34.650000000000034,0,None
machine_L,1373,50.2,130,24.75,34.650000000000034,0,None
machine_H,1482,37.8,132,24.850000000000023,34.75,0,None
machine_M,1417,51.0,137,24.850000000000023,34.75,0,None
machine_L,1414,51.7,140,24.850000000000023,34.650000000000034,0,None
machine_H,1635,34.0,142,24.75,34.650000000000034,0,None
machine_L,1386,57.3,147,24.850000000000023,34.650000000000034,0,None
machine_L,1379,62.3,149,25.05000000000001,34.950000000000045,0,None
machine_M,1577,35.9,151,25.05000000000001,34.85000000000002,0,None
machine_L,1532,42.5,154,25.05000000000001,34.950000000000045,0,None
machine_M,1374,48.8,156,24.950000000000045,34.85000000000002,0,None
machine_H,1570,35.3,159,24.950000000000045,34.85000000000002,0,None
machine_L,1697,31.0,164,24.950000000000045,34.85000000000002,0,None
machine_L,1499,44.1,166,25.05000000000001,34.85000000000002,0,None
machine_M,1411,47.2,168,25.05000000000001,34.85000000000002,0,None
machine_H,1462,45.5,171,25.05000000000001,34.75,0,None
machine_M,1759,28.6,176,24.950000000000045,34.75,0,None
machine_L,1535,38.0,179,25.05000000000001,34.85000000000002,0,None
machine_H,1491,39.7,181,25.05000000000001,34.75,0,None
machine_L,1551,36.0,186,25.05000000000001,34.75,0,None
machine_L,1769,27.2,188,25.05000000000001,34.75,0,None
machine_L,1551,34.1,190,25.05000000000001,34.75,0,None
machine_L,1544,31.4,192,25.05000000000001,34.75,0,None
machine_L,1528,31.1,194,25.05000000000001,34.650000000000034,0,None
machine_L,1614,35.8,196,24.950000000000045,34.75,0,None
machine_L,1432,49.8,198,24.950000000000045,34.650000000000034,0,None
machine_M,1384,43.7,200,24.950000000000045,34.650000000000034,0,None
machine_L,1540,37.8,203,24.950000000000045,34.650000000000034,0,None
machine_L,1407,43.9,205,24.850000000000023,34.55000000000001,0,None
machine_H,1418,43.0,207,24.75,34.450000000000045,0,None
machine_M,1647,30.8,212,24.75,34.35000000000002,0,None
machine_L,1644,32.8,215,24.850000000000023,34.35000000000002,0,None
machine_L,1792,27.9,217,24.850000000000023,34.35000000000002,0,None
machine_M,1610,34.6,219,24.75,34.25,0,None
machine_M,1804,26.0,222,24.650000000000034,34.150000000000034,0,None
machine_H,1604,36.1,225,24.75,34.25,1,TWF
machine_M,1403,52.8,0,24.75,34.25,0,None
machine_L,1438,44.5,3,24.650000000000034,34.150000000000034,0,None
machine_L,1824,26.3,5,24.75,34.150000000000034,0,None
machine_H,1663,28.7,7,24.75,34.150000000000034,0,None
machine_L,1502,36.7,12,24.75,34.150000000000034,0,None
machine_L,1606,35.5,14,24.75,34.25,0,None
machine_L,1561,37.7,16,24.75,34.35000000000002,0,None
machine_M,1435,42.9,18,24.75,34.25,0,None
machine_L,1602,38.3,21,24.75,34.35000000000002,0,None
machine_M,1764,27.7,23,24.950000000000045,34.450000000000045,0,None
machine_H,1683,27.8,26,24.850000000000023,34.35000000000002,0,None
machine_L,1618,35.2,31,24.850000000000023,34.35000000000002,0,None
machine_L,1509,41.6,33,24.850000000000023,34.450000000000045,0,None
machine_L,1550,39.0,35,24.75,34.450000000000045,0,None
machine_M,1519,44.0,37,24.75,34.450000000000045,0,None
machine_L,1481,38.0,40,24.75,34.450000000000045,0,None
machine_L,1289,48.3,42,24.950000000000045,34.55000000000001,0,None
machine_M,1844,23.8,44,24.850000000000023,34.450000000000045,0,None
machine_L,1479,42.5,47,24.850000000000023,34.55000000000001,0,None
machine_L,1430,47.3,49,24.850000000000023,34.55000000000001,0,None
machine_M,1636,36.7,51,24.950000000000045,34.650000000000034,0,None
machine_M,1503,44.7,54,24.950000000000045,34.650000000000034,0,None
machine_M,1608,32.6,57,24.950000000000045,34.650000000000034,0,None
machine_L,1521,42.9,60,25.05000000000001,34.650000000000034,0,None
machine_L,1439,41.6,62,25.05000000000001,34.650000000000034,0,None
machine_L,1627,31.5,64,25.05000000000001,34.650000000000034,0,None
machine_L,1749,26.1,66,25.05000000000001,34.650000000000034,0,None
machine_L,1530,35.9,68,25.05000000000001,34.650000000000034,0,None
machine_L,1355,51.3,70,25.05000000000001,34.650000000000034,0,None
machine_L,1551,33.8,72,25.150000000000034,34.75,0,None
machine_L,1515,46.7,74,25.05000000000001,34.650000000000034,0,None
machine_L,1388,48.6,76,25.05000000000001,34.650000000000034,0,None
machine_L,1585,34.6,78,25.05000000000001,34.650000000000034,0,None
machine_L,1523,37.7,80,24.950000000000045,34.55000000000001,0,None
machine_L,1369,54.5,82,25.05000000000001,34.450000000000045,0,None
machine_M,1681,31.0,84,25.05000000000001,34.55000000000001,0,None
machine_L,1503,38.3,87,25.05000000000001,34.55000000000001,0,None
machine_L,1459,44.5,89,25.05000000000001,34.55000000000001,0,None
machine_L,1688,32.4,91,25.05000000000001,34.55000000000001,0,None
machine_M,1952,21.6,93,25.05000000000001,34.55000000000001,0,None
machine_L,2029,19.9,96,25.05000000000001,34.650000000000034,0,None
machine_M,1457,52.5,98,25.150000000000034,34.650000000000034,0,None
machine_M,1392,50.4,101,25.150000000000034,34.650000000000034,0,None
machine_L,1906,22.1,104,25.150000000000034,34.650000000000034,0,None
machine_M,1602,33.4,106,25.150000000000034,34.55000000000001,0,None
machine_L,1465,49.4,109,25.150000000000034,34.55000000000001,0,None
machine_M,1439,43.8,111,25.150000000000034,34.55000000000001,0,None
machine_M,1330,55.4,114,25.150000000000034,34.650000000000034,0,None
machine_M,1485,42.0,117,25.150000000000034,34.75,0,None
machine_H,1700,28.2,120,25.25,34.75,0,None
machine_L,1515,42.8,125,25.25,34.85000000000002,0,None
machine_M,1501,39.2,127,25.350000000000023,34.950000000000045,0,None
machine_L,1380,47.6,130,25.25,34.85000000000002,0,None
machine_L,1544,35.9,132,25.25,34.75,0,None
machine_L,1743,27.3,134,25.25,34.75,0,None
machine_H,1948,21.4,136,25.25,34.75,0,None
machine_H,1260,54.2,141,25.350000000000023,34.75,0,None
machine_M,1640,33.1,146,25.350000000000023,34.75,0,None
machine_M,1363,49.2,149,25.350000000000023,34.85000000000002,0,None
machine_L,1379,49.6,152,25.350000000000023,34.85000000000002,0,None
machine_M,1713,25.8,154,25.350000000000023,34.85000000000002,0,None
machine_M,1461,51.9,157,25.350000000000023,34.85000000000002,0,None
machine_L,1624,29.8,160,25.350000000000023,34.85000000000002,0,None
machine_L,1526,41.1,162,25.25,34.85000000000002,0,None
machine_L,2381,14.2,164,25.25,34.75,0,None
machine_H,1626,31.1,166,25.25,34.55000000000001,0,None
machine_L,1576,33.8,171,25.150000000000034,34.55000000000001,0,None
machine_M,1617,31.6,173,25.25,34.650000000000034,0,None
machine_L,1942,20.6,176,25.150000000000034,34.450000000000045,0,None
machine_L,1492,37.2,178,25.05000000000001,34.450000000000045,0,None
machine_L,1470,51.3,180,25.05000000000001,34.35000000000002,0,None
machine_M,1463,46.5,182,24.850000000000023,34.25,0,None
machine_L,1424,46.5,185,24.850000000000023,34.150000000000034,0,None
machine_M,1363,60.1,187,24.950000000000045,34.25,0,None
machine_M,1335,56.2,190,24.950000000000045,34.25,0,None
machine_L,1608,33.9,193,24.950000000000045,34.25,0,None
machine_H,1606,35.2,195,24.850000000000023,34.25,0,None
machine_L,1684,33.1,200,24.950000000000045,34.35000000000002,0,None
machine_L,1950,20.3,202,24.950000000000045,34.450000000000045,0,None
machine_H,1460,48.6,204,25.05000000000001,34.450000000000045,0,None
machine_L,1511,31.0,209,25.05000000000001,34.450000000000045,1,TWF
machine_H,1318,55.7,0,25.05000000000001,34.450000000000045,0,None
machine_L,1368,51.8,5,25.05000000000001,34.450000000000045,0,None
machine_M,1717,27.1,7,25.150000000000034,34.55000000000001,0,None
machine_M,1520,41.4,10,25.150000000000034,34.55000000000001,0,None
machine_M,1485,42.0,13,25.150000000000034,34.650000000000034,0,None
machine_L,1981,23.2,16,25.25,34.75,0,None
machine_H,1605,31.0,18,25.25,34.75,0,None
machine_L,1446,45.3,23,25.25,34.75,0,None
machine_L,1508,47.9,25,25.25,34.85000000000002,0,None
machine_L,1384,59.5,27,25.350000000000023,34.85000000000002,0,None
machine_M,1519,37.3,29,25.350000000000023,34.85000000000002,0,None
machine_L,1404,48.1,32,25.350000000000023,34.85000000000002,0,None
machine_L,1564,31.1,34,25.350000000000023,34.950000000000045,0,None
machine_H,1555,36.8,36,25.450000000000045,35.05000000000001,0,None
machine_L,1325,54.0,41,25.450000000000045,35.05000000000001,0,None
machine_M,1488,44.0,43,25.450000000000045,35.05000000000001,0,None
machine_L,1595,32.3,46,25.350000000000023,35.05000000000001,0,None
machine_L,1662,28.6,48,25.350000000000023,34.950000000000045,0,None
machine_L,1571,37.4,50,25.25,34.85000000000002,0,None
machine_H,1553,41.0,52,25.150000000000034,34.85000000000002,0,None
machine_L,2886,3.8,57,25.150000000000034,34.85000000000002,1,PWF
machine_L,1538,38.2,59,25.05000000000001,34.85000000000002,0,None
machine_L,1618,33.0,61,25.25,35.05000000000001,0,None
machine_L,1364,45.9,63,25.25,35.05000000000001,0,None
machine_L,1442,47.3,65,25.150000000000034,34.85000000000002,0,None
machine_L,1313,67.3,67,25.05000000000001,34.75,1,PWF
machine_L,1847,23.6,69,25.05000000000001,34.75,0,None
machine_L,1524,40.8,71,24.950000000000045,34.650000000000034,0,None
machine_M,1445,48.0,73,24.950000000000045,34.55000000000001,0,None
machine_L,1761,28.2,76,24.950000000000045,34.650000000000034,0,None
machine_M,1514,43.5,78,24.950000000000045,34.650000000000034,0,None
machine_M,1498,38.3,81,24.950000000000045,34.55000000000001,0,None
machine_H,1542,37.1,84,24.950000000000045,34.450000000000045,0,None
machine_M,1508,41.8,89,24.850000000000023,34.450000000000045,0,None
machine_M,1431,52.9,92,24.850000000000023,34.35000000000002,0,None
machine_M,1427,45.1,95,24.850000000000023,34.35000000000002,0,None
machine_M,1524,36.3,98,24.850000000000023,34.35000000000002,0,None
machine_M,1427,43.6,101,24.850000000000023,34.35000000000002,0,None
machine_H,1496,44.1,104,24.950000000000045,34.450000000000045,0,None
machine_L,1388,40.3,109,24.950000000000045,34.55000000000001,0,None
machine_L,1495,48.1,111,24.950000000000045,34.55000000000001,0,None
machine_H,1376,56.2,113,24.950000000000045,34.55000000000001,0,None
machine_H,1593,32.2,118,24.850000000000023,34.450000000000045,0,None
machine_L,1654,28.9,123,24.850000000000023,34.450000000000045,0,None
machine_L,2567,12.8,125,24.950000000000045,34.55000000000001,1,PWF
machine_L,1767,27.0,127,24.950000000000045,34.55000000000001,0,None
machine_L,1364,53.8,129,24.950000000000045,34.450000000000045,0,None
machine_M,1569,31.2,131,24.950000000000045,34.650000000000034,0,None
machine_L,1476,36.8,134,25.05000000000001,34.650000000000034,0,None
machine_L,1479,45.0,136,24.950000000000045,34.55000000000001,0,None
machine_L,1650,34.1,138,24.950000000000045,34.55000000000001,0,None
machine_M,1565,36.3,140,24.950000000000045,34.450000000000045,0,None
machine_L,1460,46.5,143,24.950000000000045,34.450000000000045,0,None
machine_L,1664,27.6,145,24.950000000000045,34.55000000000001,0,None
machine_M,1435,40.9,147,24.950000000000045,34.55000000000001,0,None
machine_M,2066,19.2,150,24.950000000000045,34.450000000000045,0,None
machine_L,1493,43.7,153,24.950000000000045,34.35000000000002,0,None
machine_L,1354,43.3,155,24.950000000000045,34.450000000000045,0,None
machine_L,1488,39.4,157,24.950000000000045,34.450000000000045,0,None
machine_L,1414,48.7,159,24.950000000000045,34.55000000000001,0,None
machine_L,1391,57.4,161,24.950000000000045,34.35000000000002,0,None
machine_M,1784,27.8,163,24.850000000000023,34.35000000000002,0,None
machine_H,1516,40.1,166,24.650000000000034,34.150000000000034,0,None
machine_M,1420,47.8,171,24.75,34.150000000000034,0,None
machine_L,1351,56.3,174,24.650000000000034,34.05000000000001,0,None
machine_L,1880,23.0,176,24.650000000000034,34.05000000000001,0,None
machine_L,1859,24.0,178,24.650000000000034,34.150000000000034,0,None
machine_M,1315,54.0,180,24.650000000000034,34.150000000000034,0,None
machine_M,1330,51.7,183,24.650000000000034,34.25,0,None
machine_L,1327,61.0,186,24.650000000000034,34.150000000000034,1,OSF
machine_L,1498,38.1,188,24.650000000000034,34.05000000000001,0,None
machine_H,1555,35.8,190,24.650000000000034,34.150000000000034,0,None
machine_L,1518,35.8,195,24.55000000000001,34.05000000000001,0,None
machine_L,1392,43.0,197,24.55000000000001,34.05000000000001,0,None
machine_M,1456,39.6,199,24.650000000000034,34.05000000000001,0,None
machine_L,1715,30.2,0,24.55000000000001,33.950000000000045,0,None
machine_M,1405,43.7,2,24.55000000000001,34.05000000000001,0,None
machine_L,1668,37.8,5,24.55000000000001,34.05000000000001,0,None
machine_H,1855,22.5,7,24.55000000000001,33.950000000000045,0,None
machine_L,1496,39.2,12,24.450000000000045,33.950000000000045,0,None
machine_M,1471,44.9,14,24.450000000000045,33.950000000000045,0,None
machine_L,1444,40.0,17,24.55000000000001,34.05000000000001,0,None
machine_H,1514,38.6,19,24.55000000000001,34.150000000000034,0,None
machine_L,1412,50.7,24,24.650000000000034,34.150000000000034,0,None
machine_H,1429,44.1,26,24.55000000000001,34.05000000000001,0,None
machine_L,1668,32.7,31,24.55000000000001,34.05000000000001,0,None
machine_M,1372,52.8,33,24.55000000000001,34.05000000000001,0,None
machine_M,1365,49.2,36,24.55000000000001,34.150000000000034,0,None
machine_M,1526,39.1,39,24.450000000000045,33.950000000000045,0,None
machine_L,1486,40.6,42,24.450000000000045,34.05000000000001,0,None
machine_M,1470,42.6,44,24.450000000000045,34.05000000000001,0,None
machine_H,1249,62.8,47,24.55000000000001,34.150000000000034,0,None
machine_M,1752,26.1,52,24.650000000000034,34.25,0,None
machine_L,1643,36.5,55,24.55000000000001,34.25,0,None
machine_M,1488,36.1,57,24.650000000000034,34.25,0,None
machine_L,1355,45.8,60,24.650000000000034,34.25,0,None
machine_L,1607,30.3,62,24.650000000000034,34.450000000000045,0,None
machine_M,1609,30.3,64,24.75,34.450000000000045,0,None
machine_L,1517,44.4,67,24.75,34.55000000000001,0,None
machine_M,1517,39.5,69,24.75,34.55000000000001,0,None
machine_L,1546,37.6,72,24.75,34.55000000000001,0,None
machine_L,1567,34.7,74,24.75,34.55000000000001,0,None
machine_M,1662,28.9,76,24.950000000000045,34.75,0,None
machine_L,1502,41.8,79,24.950000000000045,34.75,0,None
machine_L,1361,56.9,81,25.150000000000034,34.85000000000002,0,None
machine_M,1630,32.7,83,25.150000000000034,34.950000000000045,0,None
machine_L,1486,42.3,86,25.150000000000034,34.85000000000002,0,None
machine_L,1840,21.5,88,25.150000000000034,34.950000000000045,0,None
machine_L,1326,58.4,90,25.150000000000034,34.950000000000045,0,None
machine_L,1367,57.8,92,25.25,34.950000000000045,0,None
machine_L,1598,32.7,94,25.25,34.950000000000045,0,None
machine_L,1363,50.1,96,25.150000000000034,34.85000000000002,0,None
machine_L,1242,62.0,98,25.150000000000034,34.85000000000002,0,None
machine_M,1566,33.8,100,25.05000000000001,34.650000000000034,0,None
machine_M,1424,47.7,103,24.950000000000045,34.55000000000001,0,None
machine_M,1608,33.8,106,25.05000000000001,34.55000000000001,0,None
machine_L,1705,29.1,109,24.950000000000045,34.55000000000001,0,None
machine_L,1548,45.8,111,24.850000000000023,34.450000000000045,0,None
machine_M,1581,43.4,113,24.850000000000023,34.450000000000045,0,None
machine_M,1472,46.7,116,24.850000000000023,34.450000000000045,0,None
machine_M,1792,26.0,119,24.850000000000023,34.450000000000045,0,None
machine_L,1683,32.8,122,24.850000000000023,34.450000000000045,0,None
machine_L,1503,40.7,124,24.75,34.450000000000045,0,None
machine_M,1642,32.4,126,24.75,34.35000000000002,0,None
machine_M,1902,24.3,129,24.650000000000034,34.25,0,None
machine_H,1432,40.2,132,24.55000000000001,34.25,0,None
machine_L,1512,40.8,137,24.650000000000034,34.25,0,None
machine_L,1764,29.0,139,24.55000000000001,34.25,0,None
machine_M,1438,43.6,141,24.650000000000034,34.25,0,None
machine_L,1631,29.9,144,24.650000000000034,34.35000000000002,0,None
machine_H,1880,23.3,146,24.75,34.35000000000002,0,None
machine_L,1344,54.3,151,24.75,34.450000000000045,0,None
machine_L,1574,35.8,153,24.75,34.35000000000002,0,None
machine_L,1418,41.2,155,24.650000000000034,34.25,0,None
machine_L,1372,54.1,157,24.650000000000034,34.35000000000002,0,None
machine_L,1388,40.0,159,24.650000000000034,34.35000000000002,0,None
machine_H,1493,36.0,161,24.75,34.450000000000045,0,None
machine_M,1505,40.1,166,24.75,34.450000000000045,0,None
machine_L,1694,29.1,169,24.850000000000023,34.450000000000045,0,None
machine_L,1968,20.4,171,24.75,34.450000000000045,0,None
machine_M,1569,35.6,173,24.850000000000023,34.450000000000045,0,None
machine_L,1687,29.1,176,24.75,34.450000000000045,0,None
machine_L,1430,52.4,178,24.75,34.450000000000045,0,None
machine_L,1504,42.4,180,24.75,34.450000000000045,0,None
machine_L,1977,20.2,182,24.75,34.450000000000045,0,None
machine_L,1435,45.6,184,24.850000000000023,34.55000000000001,0,None
machine_H,1547,36.8,186,24.850000000000023,34.55000000000001,0,None
machine_M,1316,57.2,191,24.950000000000045,34.650000000000034,0,None
machine_M,1621,34.9,194,24.850000000000023,34.55000000000001,0,None
machine_M,1492,40.2,197,24.850000000000023,34.650000000000034,0,None
machine_L,1643,32.3,200,24.850000000000023,34.55000000000001,0,None
machine_L,1492,38.7,202,24.850000000000023,34.55000000000001,0,None
machine_L,1387,50.8,204,24.850000000000023,34.55000000000001,0,None
machine_M,1463,47.3,206,24.950000000000045,34.75,0,None
machine_M,1496,40.0,0,24.950000000000045,34.75,0,None
machine_L,1658,30.0,3,25.05000000000001,34.85000000000002,0,None
machine_L,2161,17.5,5,24.950000000000045,34.75,0,None
machine_L,1665,32.0,7,24.950000000000045,34.75,0,None
machine_L,1716,26.6,9,24.850000000000023,34.650000000000034,0,None
machine_L,1529,34.1,11,24.850000000000023,34.55000000000001,0,None
machine_L,1353,50.7,13,24.75,34.55000000000001,0,None
machine_L,1537,37.7,15,24.75,34.55000000000001,0,None
machine_L,1606,30.8,17,24.850000000000023,34.55000000000001,0,None
machine_H,1314,47.8,19,24.850000000000023,34.650000000000034,0,None
machine_L,1623,29.9,24,24.850000000000023,34.650000000000034,0,None
machine_M,1483,50.9,26,24.850000000000023,34.650000000000034,0,None
machine_M,1569,37.0,29,24.950000000000045,34.75,0,None
machine_M,1969,21.7,32,25.05000000000001,34.85000000000002,0,None
machine_M,1686,29.3,35,24.950000000000045,34.85000000000002,0,None
machine_L,1638,35.1,38,24.950000000000045,34.85000000000002,0,None
machine_L,1698,33.3,40,24.950000000000045,34.75,0,None
machine_M,1377,55.1,42,24.950000000000045,34.75,0,None
machine_M,2129,18.4,45,24.950000000000045,34.85000000000002,0,None
machine_L,1411,42.4,48,25.05000000000001,34.85000000000002,0,None
machine_L,1517,40.8,50,24.950000000000045,34.75,0,None
machine_M,1303,53.9,52,24.950000000000045,34.75,0,None
machine_L,1578,35.6,55,24.950000000000045,34.75,0,None
machine_L,1425,58.2,57,24.950000000000045,34.75,0,None
machine_L,1456,42.4,59,24.950000000000045,34.85000000000002,0,None
machine_L,1704,30.9,61,24.950000000000045,34.85000000000002,0,None
machine_L,1791,27.3,63,24.950000000000045,34.950000000000045,0,None
machine_L,1616,32.8,65,24.950000000000045,34.950000000000045,0,None
machine_L,1622,34.9,67,25.05000000000001,34.950000000000045,0,None
machine_L,1462,49.9,69,25.05000000000001,34.950000000000045,0,None
machine_L,1410,45.8,71,24.950000000000045,34.950000000000045,0,None
machine_M,1543,41.9,73,24.950000000000045,34.85000000000002,0,None
machine_M,1479,47.6,76,24.850000000000023,34.75,0,None
machine_L,1839,22.7,79,24.850000000000023,34.650000000000034,0,None
machine_L,1266,60.5,81,24.850000000000023,34.650000000000034,0,None
machine_L,1593,34.9,83,24.75,34.55000000000001,0,None
machine_L,1459,46.9,85,24.75,34.650000000000034,0,None
machine_L,1308,55.2,87,24.75,34.55000000000001,0,None
machine_M,1364,46.8,89,24.75,34.55000000000001,0,None
machine_H,1618,35.9,92,24.75,34.55000000000001,0,None
machine_H,1464,43.2,97,24.75,34.55000000000001,0,None
machine_M,1352,49.4,102,24.650000000000034,34.450000000000045,0,None
machine_L,1446,51.4,105,24.650000000000034,34.450000000000045,0,None
machine_L,1448,51.2,107,24.650000000000034,34.35000000000002,0,None
machine_L,1391,48.6,109,24.650000000000034,34.35000000000002,0,None
machine_L,1379,43.3,111,24.55000000000001,34.35000000000002,0,None
machine_M,1405,46.9,113,24.650000000000034,34.35000000000002,0,None
machine_L,1581,33.1,116,24.650000000000034,34.35000000000002,0,None
machine_L,1515,40.5,118,24.75,34.450000000000045,0,None
machine_L,1589,37.8,120,24.75,34.450000000000045,0,None
machine_L,1281,50.8,122,24.850000000000023,34.450000000000045,0,None
machine_H,1631,31.3,124,24.650000000000034,34.35000000000002,0,None
machine_M,1202,67.0,129,24.75,34.450000000000045,0,None
machine_L,1298,52.7,132,24.75,34.450000000000045,0,None
machine_L,1612,30.7,134,24.75,34.450000000000045,0,None
machine_L,1747,25.3,136,24.75,34.450000000000045,0,None
machine_L,1450,48.7,138,24.850000000000023,34.450000000000045,0,None
machine_L,1422,45.6,140,24.850000000000023,34.55000000000001,0,None
machine_M,1419,47.4,142,24.950000000000045,34.55000000000001,0,None
machine_M,1633,30.7,145,24.950000000000045,34.55000000000001,0,None
machine_L,1442,43.6,148,24.850000000000023,34.55000000000001,0,None
machine_H,1420,45.8,150,24.850000000000023,34.450000000000045,0,None
machine_M,1301,58.5,155,24.850000000000023,34.450000000000045,0,None
machine_L,1385,45.0,158,24.850000000000023,34.450000000000045,0,None
machine_M,1487,41.3,160,24.850000000000023,34.55000000000001,0,None
machine_M,1459,44.4,163,24.850000000000023,34.450000000000045,0,None
machine_M,1387,45.5,166,24.850000000000023,34.35000000000002,0,None
machine_L,1537,40.8,169,24.950000000000045,34.55000000000001,0,None
machine_L,1498,42.9,171,24.950000000000045,34.450000000000045,0,None
machine_M,1599,31.2,173,25.05000000000001,34.650000000000034,0,None
machine_H,1420,39.2,176,25.150000000000034,34.75,0,None
machine_L,1785,23.4,181,25.05000000000001,34.75,0,None
machine_L,1423,48.1,183,25.05000000000001,34.650000000000034,0,None
machine_M,1583,36.6,185,25.05000000000001,34.650000000000034,0,None
machine_L,1375,46.6,188,25.05000000000001,34.650000000000034,0,None
machine_M,1463,42.5,190,25.150000000000034,34.85000000000002,0,None
machine_M,1403,45.1,193,25.05000000000001,34.75,0,None
machine_L,1451,47.1,196,25.150000000000034,34.85000000000002,0,None
machine_M,1416,38.2,198,25.25,34.85000000000002,1,TWF
machine_L,1672,41.3,0,25.150000000000034,34.950000000000045,0,None
machine_H,1637,30.8,2,25.150000000000034,34.85000000000002,0,None
machine_L,1540,37.8,7,25.25,34.85000000000002,0,None
machine_L,1279,53.1,9,25.25,34.950000000000045,0,None
machine_L,1604,34.9,11,25.25,35.05000000000001,0,None
machine_L,1654,27.1,13,25.350000000000023,35.05000000000001,0,None
machine_M,1564,37.5,15,25.350000000000023,35.05000000000001,0,None
machine_L,1451,47.5,18,25.350000000000023,35.05000000000001,0,None
machine_L,1504,38.0,20,25.350000000000023,35.150000000000034,0,None
machine_M,1381,50.5,22,25.350000000000023,35.150000000000034,0,None
machine_L,1562,34.4,25,25.450000000000045,35.25,0,None
machine_L,1811,24.7,27,25.350000000000023,35.150000000000034,0,None
machine_M,1717,28.7,29,25.450000000000045,35.150000000000034,0,None
machine_L,1278,60.5,32,25.450000000000045,35.150000000000034,0,None
machine_L,1616,30.2,34,25.55000000000001,35.35000000000002,0,None
machine_L,1397,46.4,36,25.450000000000045,35.25,0,None
machine_L,1485,42.9,38,25.450000000000045,35.25,0,None
machine_L,1310,59.7,40,25.450000000000045,35.25,0,None
machine_L,1301,66.3,42,25.350000000000023,35.05000000000001,1,PWF
machine_L,1458,44.0,44,25.350000000000023,35.150000000000034,0,None
machine_L,1483,42.5,46,25.55000000000001,35.35000000000002,0,None
machine_L,1375,46.4,48,25.55000000000001,35.35000000000002,0,None
machine_M,1660,27.0,50,25.55000000000001,35.35000000000002,0,None
machine_H,1560,33.3,53,25.55000000000001,35.25,0,None
machine_L,1480,42.2,58,25.55000000000001,35.35000000000002,0,None
machine_L,1373,46.9,60,25.55000000000001,35.25,0,None
machine_L,1444,54.2,62,25.55000000000001,35.35000000000002,0,None
machine_M,1722,24.7,64,25.55000000000001,35.450000000000045,0,None
machine_L,1469,39.9,67,25.55000000000001,35.35000000000002,0,None
machine_M,1360,52.9,69,25.55000000000001,35.35000000000002,0,None
machine_L,1750,25.8,72,25.55000000000001,35.25,0,None
machine_M,1349,46.6,74,25.55000000000001,35.150000000000034,0,None
machine_L,1668,35.2,77,25.55000000000001,35.35000000000002,0,None
machine_L,1400,49.5,79,25.75,35.450000000000045,0,None
machine_L,1331,62.8,81,25.650000000000034,35.450000000000045,0,None
machine_L,1444,42.2,83,25.650000000000034,35.35000000000002,0,None
machine_H,1359,47.6,85,25.650000000000034,35.35000000000002,0,None
machine_M,1425,47.4,90,25.650000000000034,35.35000000000002,0,None
machine_M,1469,34.2,93,25.75,35.450000000000045,0,None
machine_L,1892,22.8,96,25.850000000000023,35.55000000000001,0,None
machine_H,1940,19.9,98,25.850000000000023,35.55000000000001,0,None
machine_L,1405,55.2,103,25.850000000000023,35.650000000000034,0,None
machine_M,1449,39.6,105,25.850000000000023,35.75,0,None
machine_L,1686,29.6,108,25.950000000000045,35.75,0,None
machine_L,1680,27.2,110,25.950000000000045,35.75,0,None
machine_M,1397,52.4,112,25.950000000000045,35.75,0,None
machine_M,1597,30.3,115,26.05000000000001,35.85000000000002,0,None
machine_L,1470,41.1,118,26.150000000000034,35.950000000000045,0,None
machine_M,1703,31.3,120,26.150000000000034,35.950000000000045,0,None
machine_L,1388,45.5,123,26.150000000000034,35.950000000000045,0,None
machine_L,1775,24.2,125,26.150000000000034,36.05000000000001,0,None
machine_L,1465,41.5,127,26.150000000000034,36.05000000000001,0,None
machine_M,1586,37.9,129,26.150000000000034,36.05000000000001,0,None
machine_M,1675,29.2,132,26.350000000000023,36.150000000000034,0,None
machine_M,1470,44.4,135,26.25,36.05000000000001,0,None
machine_L,1477,40.4,138,26.350000000000023,36.150000000000034,0,None
machine_L,1382,61.0,140,26.350000000000023,36.150000000000034,0,None
machine_M,1605,29.8,142,26.450000000000045,36.25,0,None
machine_L,1643,32.9,145,26.450000000000045,36.25,0,None
machine_L,1333,54.1,147,26.350000000000023,36.150000000000034,0,None
machine_L,1520,42.3,149,26.350000000000023,36.150000000000034,0,None
machine_M,1902,24.0,151,26.350000000000023,36.150000000000034,0,None
machine_H,1386,44.4,154,26.350000000000023,36.25,0,None
machine_L,1803,27.7,159,26.450000000000045,36.35000000000002,0,None
machine_L,1359,50.7,161,26.55000000000001,36.450000000000045,0,None
machine_M,1477,42.7,163,26.55000000000001,36.450000000000045,0,None
machine_L,1321,53.4,166,26.55000000000001,36.450000000000045,0,None
machine_L,1453,41.4,168,26.450000000000045,36.35000000000002,0,None
machine_L,1419,45.1,170,26.55000000000001,36.450000000000045,0,None
machine_L,1512,36.2,172,26.55000000000001,36.450000000000045,0,None
machine_L,1553,36.8,174,26.55000000000001,36.450000000000045,0,None
machine_M,1534,39.1,176,26.55000000000001,36.450000000000045,0,None
machine_H,1553,41.0,179,26.55000000000001,36.450000000000045,0,None
machine_L,1352,49.7,184,26.55000000000001,36.35000000000002,0,None
machine_M,1313,60.0,186,26.55000000000001,36.450000000000045,0,None
machine_L,1570,35.5,189,26.450000000000045,36.35000000000002,0,None
machine_L,1677,31.1,191,26.450000000000045,36.25,0,None
machine_L,1602,31.5,193,26.350000000000023,36.25,0,None
machine_L,1390,58.8,195,26.350000000000023,36.25,1,OSF
machine_L,1544,36.0,197,26.25,36.150000000000034,0,None
machine_L,1701,31.2,199,26.25,36.25,0,None
machine_M,1692,28.4,201,26.25,36.150000000000034,0,None
machine_M,1523,37.9,204,26.150000000000034,36.150000000000034,0,None
machine_L,2280,15.4,207,26.150000000000034,36.05000000000001,0,None
machine_M,1485,47.1,209,26.25,36.150000000000034,0,None
machine_H,1513,36.1,212,26.25,36.05000000000001,0,None
machine_H,1743,28.2,0,26.25,36.150000000000034,0,None
machine_L,1442,46.2,5,26.350000000000023,36.150000000000034,0,None
machine_L,1462,46.7,7,26.350000000000023,36.150000000000034,0,None
machine_H,1439,49.7,9,26.25,36.150000000000034,0,None
machine_L,1577,36.6,14,26.350000000000023,36.150000000000034,0,None
machine_L,1331,46.4,16,26.450000000000045,36.25,0,None
machine_L,1941,22.5,18,26.350000000000023,36.150000000000034,0,None
machine_L,1393,47.3,20,26.350000000000023,36.05000000000001,0,None
machine_L,1433,42.1,22,26.25,36.05000000000001,0,None
machine_L,1444,48.2,24,26.25,36.05000000000001,0,None
machine_L,1564,39.0,26,26.25,36.05000000000001,0,None
machine_L,1377,43.6,28,26.25,36.150000000000034,0,None
machine_L,1525,41.5,30,26.25,36.150000000000034,0,None
machine_M,1387,56.2,32,26.350000000000023,36.25,0,None
machine_M,1326,47.5,35,26.25,36.25,0,None
machine_L,1401,59.0,38,26.25,36.150000000000034,0,None
machine_L,1596,31.8,40,26.25,36.150000000000034,0,None
machine_M,1471,46.0,42,26.150000000000034,36.150000000000034,0,None
machine_L,1528,37.8,45,26.150000000000034,36.150000000000034,0,None
machine_L,1325,62.0,47,26.150000000000034,36.150000000000034,0,None
machine_M,1376,46.7,49,26.150000000000034,35.950000000000045,0,None
machine_M,1600,35.3,52,26.150000000000034,35.950000000000045,0,None
machine_L,1495,44.0,55,26.150000000000034,35.950000000000045,0,None
machine_L,1645,28.6,57,26.25,35.950000000000045,0,None
machine_M,1417,47.3,59,26.25,35.950000000000045,0,None
machine_H,1415,51.7,62,26.25,35.85000000000002,0,None
machine_M,1496,43.4,67,26.150000000000034,35.85000000000002,0,None
machine_H,1508,35.0,70,26.150000000000034,35.85000000000002,0,None
machine_L,1436,47.9,75,26.25,35.85000000000002,0,None
machine_L,1852,22.6,77,26.350000000000023,35.950000000000045,0,None
machine_L,1863,22.5,79,26.350000000000023,35.950000000000045,0,None
machine_H,1373,44.1,81,26.25,35.950000000000045,0,None
machine_L,1404,47.3,86,26.25,35.85000000000002,0,None
machine_M,1381,44.9,88,26.25,35.85000000000002,0,None
machine_H,1762,29.3,91,26.25,35.75,0,None
machine_H,1429,43.0,96,26.150000000000034,35.75,0,None
machine_M,1858,24.7,101,26.150000000000034,35.75,0,None
machine_H,1908,21.3,104,26.05000000000001,35.650000000000034,0,None
machine_M,1503,37.4,109,26.05000000000001,35.650000000000034,0,None
machine_M,1523,38.9,112,26.05000000000001,35.650000000000034,0,None
machine_L,1491,38.4,115,26.150000000000034,35.85000000000002,0,None
machine_L,1430,39.1,117,26.05000000000001,35.75,0,None
machine_L,1258,69.4,119,26.150000000000034,35.75,1,PWF
machine_L,1449,46.5,121,26.150000000000034,35.85000000000002,0,None
machine_H,1425,40.6,123,26.150000000000034,35.85000000000002,0,None
machine_L,1800,24.3,128,26.25,35.85000000000002,0,None
machine_H,1607,33.7,130,26.25,35.85000000000002,0,None
machine_L,1391,58.2,135,26.25,35.85000000000002,0,None
machine_L,1432,45.4,137,26.25,35.950000000000045,0,None
machine_L,1660,28.4,139,26.25,35.85000000000002,0,None
machine_H,1732,29.7,141,26.150000000000034,35.85000000000002,0,None
machine_L,1473,46.3,146,26.150000000000034,35.85000000000002,0,None
machine_L,1511,47.8,148,26.150000000000034,35.85000000000002,0,None
machine_L,1588,41.5,150,26.05000000000001,35.75,0,None
machine_L,1623,31.1,152,26.150000000000034,35.75,0,None
machine_L,1734,30.6,154,26.150000000000034,35.85000000000002,0,None
machine_L,1415,47.6,156,26.150000000000034,35.85000000000002,0,None
machine_L,1419,46.6,158,26.150000000000034,35.85000000000002,0,None
machine_M,1577,34.9,160,26.150000000000034,35.75,0,None
machine_L,1376,60.3,163,26.150000000000034,35.75,0,None
machine_M,1442,49.0,165,26.150000000000034,35.650000000000034,0,None
machine_L,1451,40.5,168,26.25,35.75,0,None
machine_L,1550,45.8,170,26.150000000000034,35.650000000000034,0,None
machine_L,1647,32.9,172,26.150000000000034,35.650000000000034,0,None
machine_L,1550,33.7,174,26.25,35.75,0,None
machine_L,1583,34.1,176,26.25,35.75,0,None
machine_L,1613,32.2,178,26.25,35.85000000000002,0,None
machine_H,1636,35.5,180,26.150000000000034,35.650000000000034,0,None
machine_M,1289,51.5,185,26.150000000000034,35.55000000000001,0,None
machine_M,1648,28.4,188,26.150000000000034,35.650000000000034,0,None
machine_H,1397,45.4,191,26.150000000000034,35.650000000000034,0,None
machine_M,1767,24.8,196,26.150000000000034,35.75,0,None
machine_L,1341,47.7,199,26.150000000000034,35.650000000000034,0,None
machine_M,1457,41.5,201,26.25,35.75,0,None
machine_M,1939,19.8,204,26.25,35.85000000000002,0,None
machine_M,1399,49.7,207,26.350000000000023,35.85000000000002,0,None
machine_M,1602,31.3,210,26.350000000000023,35.85000000000002,0,None
machine_L,1507,41.0,213,26.25,35.85000000000002,0,None
machine_L,1464,40.5,215,26.25,35.950000000000045,0,None
machine_L,1336,42.1,217,26.350000000000023,35.950000000000045,0,None
machine_L,1422,39.8,219,26.450000000000045,36.05000000000001,0,None
machine_L,1540,36.7,221,26.450000000000045,36.05000000000001,0,None
machine_L,1476,47.8,223,26.350000000000023,35.950000000000045,0,None
machine_M,1867,23.4,225,26.450000000000045,36.05000000000001,1,TWF
machine_H,1588,41.3,0,26.450000000000045,35.950000000000045,0,None
machine_M,1420,49.5,5,26.350000000000023,35.950000000000045,0,None
machine_L,1415,49.2,8,26.350000000000023,35.950000000000045,0,None
machine_M,1500,43.3,10,26.25,35.950000000000045,0,None
machine_L,1502,44.6,13,26.350000000000023,35.950000000000045,0,None
machine_L,1816,23.0,15,26.350000000000023,36.05000000000001,0,None
machine_M,1495,41.6,17,26.350000000000023,36.05000000000001,0,None
machine_L,1572,33.4,20,26.450000000000045,36.05000000000001,0,None
machine_M,1590,35.9,22,26.350000000000023,36.05000000000001,0,None
machine_M,1387,48.3,25,26.450000000000045,36.150000000000034,0,None
machine_M,1393,47.7,28,26.450000000000045,36.05000000000001,0,None
machine_L,1602,37.3,31,26.450000000000045,36.05000000000001,0,None
machine_L,1601,33.3,33,26.450000000000045,36.05000000000001,0,None
machine_H,1597,36.3,35,26.450000000000045,36.05000000000001,0,None
machine_H,1548,44.3,40,26.350000000000023,35.950000000000045,0,None
machine_M,1314,61.8,45,26.350000000000023,36.05000000000001,0,None
machine_M,1577,39.8,48,26.450000000000045,36.150000000000034,0,None
machine_L,1475,43.4,51,26.650000000000034,36.25,0,None
machine_L,1630,32.4,53,26.650000000000034,36.25,0,None
machine_L,1445,42.9,55,26.55000000000001,36.25,0,None
machine_M,1439,47.4,57,26.650000000000034,36.25,0,None
machine_L,1420,44.1,60,26.55000000000001,36.150000000000034,0,None
machine_H,1554,41.6,62,26.55000000000001,36.05000000000001,0,None
machine_M,1471,44.3,67,26.450000000000045,35.950000000000045,0,None
machine_L,1648,33.6,70,26.450000000000045,35.85000000000002,0,None
machine_L,1472,48.8,72,26.450000000000045,35.85000000000002,0,None
machine_M,1448,42.9,74,26.350000000000023,35.75,0,None
machine_M,1568,35.3,77,26.450000000000045,35.75,0,None
machine_L,1613,30.8,80,26.450000000000045,35.75,0,None
machine_M,1551,35.4,82,26.55000000000001,35.75,0,None
machine_L,1412,49.2,85,26.55000000000001,35.85000000000002,0,None
machine_M,1478,41.0,87,26.55000000000001,35.75,0,None
machine_M,1268,58.0,90,26.650000000000034,35.950000000000045,0,None
machine_L,1546,35.6,93,26.650000000000034,35.950000000000045,0,None
machine_L,1567,36.1,95,26.650000000000034,35.85000000000002,0,None
machine_M,1548,35.7,97,26.75,36.05000000000001,0,None
machine_L,1614,30.8,100,26.650000000000034,35.85000000000002,0,None
machine_M,1352,46.1,102,26.55000000000001,35.950000000000045,0,None
machine_L,1624,34.6,105,26.75,36.05000000000001,0,None
machine_L,1436,52.0,107,26.75,36.05000000000001,0,None
machine_L,1591,37.5,109,26.650000000000034,36.05000000000001,0,None
machine_H,1435,42.6,111,26.650000000000034,36.05000000000001,0,None
machine_L,1386,49.4,116,26.650000000000034,36.150000000000034,0,None
machine_L,1401,54.1,118,26.55000000000001,36.05000000000001,0,None
machine_M,1245,64.0,120,26.450000000000045,35.85000000000002,0,None
machine_L,1475,40.0,123,26.55000000000001,35.950000000000045,0,None
machine_L,1473,39.4,125,26.55000000000001,35.950000000000045,0,None
machine_H,1355,44.8,127,26.55000000000001,36.05000000000001,0,None
machine_H,1468,49.6,132,26.55000000000001,36.05000000000001,0,None
machine_L,1645,30.8,137,26.55000000000001,36.05000000000001,0,None
machine_L,1347,55.3,139,26.55000000000001,35.950000000000045,0,None
machine_L,1713,33.5,141,26.55000000000001,35.950000000000045,0,None
machine_M,1435,48.4,143,26.450000000000045,35.950000000000045,0,None
machine_M,1736,26.1,146,26.450000000000045,35.85000000000002,0,None
machine_L,1372,60.4,149,26.450000000000045,35.85000000000002,0,None
machine_L,1605,33.0,151,26.55000000000001,35.85000000000002,0,None
machine_L,1413,48.5,153,26.450000000000045,35.85000000000002,0,None
machine_M,1645,31.9,155,26.55000000000001,35.85000000000002,0,None
machine_M,1465,49.0,158,26.55000000000001,35.85000000000002,0,None
machine_M,1685,27.8,161,26.450000000000045,35.75,0,None
machine_L,1965,20.4,164,26.350000000000023,35.650000000000034,0,None
machine_H,1542,41.8,166,26.25,35.450000000000045,0,None
machine_L,1681,30.8,171,26.25,35.55000000000001,0,None
machine_L,1446,45.7,173,26.350000000000023,35.55000000000001,0,None
machine_L,1415,56.4,175,26.25,35.450000000000045,0,None
machine_L,1672,30.5,177,26.350000000000023,35.450000000000045,0,None
machine_L,2549,13.0,179,26.350000000000023,35.55000000000001,1,PWF
machine_L,1492,40.5,181,26.25,35.450000000000045,0,None
machine_M,1455,42.7,183,26.25,35.450000000000045,0,None
machine_M,1422,43.1,186,26.150000000000034,35.35000000000002,0,None
machine_L,1403,50.6,189,26.150000000000034,35.450000000000045,0,None
machine_L,1474,49.6,191,26.150000000000034,35.450000000000045,0,None
machine_L,1381,50.0,193,26.05000000000001,35.450000000000045,0,None
machine_L,1457,44.7,195,26.05000000000001,35.35000000000002,0,None
machine_L,1711,28.9,197,26.05000000000001,35.25,0,None
machine_L,1667,29.0,199,26.05000000000001,35.25,0,None
machine_L,1465,35.0,201,26.05000000000001,35.25,0,None
machine_M,1542,37.5,203,26.150000000000034,35.25,1,TWF
machine_M,1438,42.3,0,26.150000000000034,35.25,0,None
machine_L,1406,47.4,3,26.150000000000034,35.25,0,None
machine_M,1396,48.5,5,26.05000000000001,35.25,0,None
machine_M,1304,60.6,8,26.150000000000034,35.35000000000002,0,None
machine_L,1442,46.5,11,26.05000000000001,35.35000000000002,0,None
machine_M,1396,48.7,13,26.05000000000001,35.25,0,None
machine_H,1424,43.4,16,25.950000000000045,35.150000000000034,0,None
machine_H,1451,42.8,21,25.950000000000045,35.150000000000034,0,None
machine_L,1386,54.1,26,26.05000000000001,35.25,0,None
machine_L,1325,46.9,28,25.950000000000045,35.150000000000034,0,None
machine_L,1559,33.7,30,25.950000000000045,35.150000000000034,0,None
machine_L,1489,38.1,32,25.950000000000045,35.150000000000034,0,None
machine_L,1892,25.2,34,25.950000000000045,35.150000000000034,0,None
machine_L,1319,60.3,36,25.950000000000045,35.05000000000001,0,None
machine_L,1431,52.3,38,25.950000000000045,35.150000000000034,0,None
machine_H,1521,36.5,40,25.950000000000045,35.150000000000034,0,None
machine_M,1435,45.2,45,25.950000000000045,35.05000000000001,0,None
machine_L,1533,42.4,48,25.950000000000045,35.150000000000034,0,None
machine_M,1529,43.0,50,26.05000000000001,35.25,0,None
machine_M,1415,43.5,53,26.05000000000001,35.25,0,None
machine_M,1330,51.2,56,26.05000000000001,35.25,0,None
machine_L,1381,60.6,59,26.05000000000001,35.35000000000002,0,None
machine_L,1370,52.4,61,26.05000000000001,35.35000000000002,0,None
machine_L,1438,46.6,63,26.05000000000001,35.35000000000002,0,None
machine_L,1314,48.2,65,26.150000000000034,35.450000000000045,0,None
machine_L,1437,48.1,67,26.150000000000034,35.450000000000045,0,None
machine_L,1821,26.1,69,26.05000000000001,35.35000000000002,0,None
machine_M,1448,52.1,71,26.150000000000034,35.450000000000045,0,None
machine_L,1589,32.7,74,26.150000000000034,35.35000000000002,0,None
machine_L,1520,33.7,76,26.150000000000034,35.450000000000045,0,None
machine_L,1605,37.0,78,26.150000000000034,35.450000000000045,0,None
machine_L,1393,54.2,80,26.150000000000034,35.55000000000001,0,None
machine_H,1408,44.4,82,26.150000000000034,35.55000000000001,0,None
machine_M,1459,35.6,87,26.150000000000034,35.55000000000001,0,None
machine_L,1525,39.0,90,26.25,35.55000000000001,0,None
machine_L,1390,57.0,92,26.25,35.650000000000034,0,None
machine_L,1536,38.9,94,26.150000000000034,35.55000000000001,0,None
machine_L,1459,47.6,96,26.25,35.55000000000001,0,None
machine_L,1387,51.1,98,26.05000000000001,35.35000000000002,0,None
machine_L,1378,53.4,100,26.05000000000001,35.35000000000002,0,None
machine_L,1381,56.7,102,26.25,35.55000000000001,0,None
machine_M,1289,60.5,104,26.25,35.55000000000001,0,None
machine_L,1746,26.8,107,26.25,35.450000000000045,0,None
machine_M,1541,39.1,109,26.25,35.450000000000045,0,None
machine_L,1504,37.8,112,26.25,35.55000000000001,0,None
machine_M,1321,51.9,114,26.350000000000023,35.55000000000001,0,None
machine_M,1886,20.9,117,26.350000000000023,35.650000000000034,0,None
machine_L,1422,53.2,120,26.450000000000045,35.75,0,None
machine_L,1520,38.3,122,26.350000000000023,35.75,0,None
machine_L,1627,32.6,124,26.25,35.650000000000034,0,None
machine_L,1512,37.2,126,26.25,35.55000000000001,0,None
machine_L,1553,42.7,128,26.25,35.55000000000001,0,None
machine_L,1802,26.0,130,26.150000000000034,35.55000000000001,0,None
machine_L,1482,37.6,132,26.150000000000034,35.450000000000045,0,None
machine_L,1446,62.9,134,26.25,35.55000000000001,1,PWF
machine_L,1371,50.5,136,26.150000000000034,35.450000000000045,0,None
machine_M,1586,35.7,138,26.05000000000001,35.450000000000045,0,None
machine_L,1515,39.8,141,26.05000000000001,35.35000000000002,0,None
machine_L,1374,53.6,143,26.05000000000001,35.35000000000002,0,None
machine_L,1455,39.8,145,25.950000000000045,35.35000000000002,0,None
machine_H,1342,47.5,147,26.05000000000001,35.35000000000002,0,None
machine_L,1260,57.8,152,25.950000000000045,35.450000000000045,0,None
machine_H,1623,33.5,154,25.850000000000023,35.35000000000002,0,None
machine_L,1371,55.5,159,25.950000000000045,35.35000000000002,0,None
machine_L,1611,31.4,161,25.950000000000045,35.450000000000045,0,None
machine_M,1535,47.5,163,25.850000000000023,35.25,0,None
machine_M,1491,38.5,166,25.950000000000045,35.450000000000045,0,None
machine_M,1441,36.2,169,25.950000000000045,35.450000000000045,0,None
machine_M,1725,26.6,172,25.950000000000045,35.650000000000034,0,None
machine_L,1368,47.2,175,26.05000000000001,35.75,0,None
machine_L,1526,37.9,177,26.05000000000001,35.75,0,None
machine_L,1542,39.2,179,26.05000000000001,35.650000000000034,0,None
machine_L,1605,31.1,181,26.05000000000001,35.650000000000034,0,None
machine_L,1405,51.4,183,26.05000000000001,35.650000000000034,0,None
machine_M,1700,33.5,185,26.05000000000001,35.650000000000034,0,None
machine_H,1440,39.1,188,26.05000000000001,35.650000000000034,0,None
machine_M,1314,52.5,193,26.05000000000001,35.650000000000034,0,None
machine_L,1514,41.9,196,26.05000000000001,35.55000000000001,0,None
machine_M,1401,47.0,198,26.05000000000001,35.55000000000001,0,None
machine_L,1636,29.9,201,26.150000000000034,35.650000000000034,0,None
machine_L,1603,33.9,203,26.150000000000034,35.650000000000034,0,None
machine_M,1487,52.6,205,26.25,35.55000000000001,0,None
machine_M,1420,50.3,208,26.150000000000034,35.55000000000001,0,None
machine_L,1579,36.3,211,26.150000000000034,35.55000000000001,0,None
machine_L,1484,40.5,213,26.150000000000034,35.55000000000001,0,None
machine_M,1390,49.3,215,26.150000000000034,35.55000000000001,0,None
machine_L,1384,53.6,218,26.150000000000034,35.450000000000045,1,OSF
machine_L,1378,50.4,220,26.05000000000001,35.35000000000002,1,OSF
machine_L,1445,45.2,222,26.05000000000001,35.35000000000002,0,None
machine_L,1445,43.5,224,26.05000000000001,35.25,0,None
machine_L,1509,39.4,0,26.05000000000001,35.25,0,None
machine_L,1434,46.8,2,26.05000000000001,35.25,0,None
machine_L,1877,23.9,4,26.05000000000001,35.25,0,None
machine_L,1651,28.0,6,26.150000000000034,35.150000000000034,0,None
machine_L,1466,41.3,8,26.05000000000001,35.05000000000001,0,None
machine_L,1479,40.7,10,25.950000000000045,34.950000000000045,0,None
machine_L,1409,46.4,12,25.950000000000045,35.05000000000001,0,None
machine_M,1674,28.2,14,26.05000000000001,35.05000000000001,0,None
machine_L,1305,61.4,17,25.950000000000045,35.150000000000034,0,None
machine_M,1755,26.4,19,26.05000000000001,35.150000000000034,0,None
machine_L,1475,38.7,22,26.05000000000001,35.25,0,None
machine_L,1402,47.7,24,26.05000000000001,35.25,0,None
machine_L,1410,43.0,26,26.05000000000001,35.150000000000034,0,None
machine_L,1436,41.8,28,26.05000000000001,35.25,0,None
machine_M,1386,42.2,30,26.150000000000034,35.35000000000002,0,None
machine_L,1744,26.4,33,26.150000000000034,35.450000000000045,0,None
machine_L,1393,48.4,35,26.05000000000001,35.25,0,None
machine_M,1422,45.4,37,26.150000000000034,35.35000000000002,0,None
machine_L,1841,22.8,40,26.05000000000001,35.25,0,None
machine_L,1433,37.7,42,26.150000000000034,35.450000000000045,0,None
machine_M,1305,60.6,44,26.150000000000034,35.35000000000002,0,None
machine_H,1498,39.5,47,26.150000000000034,35.450000000000045,0,None
machine_L,1772,26.1,52,26.150000000000034,35.35000000000002,0,None
machine_M,1381,42.5,54,26.05000000000001,35.25,0,None
machine_L,1413,38.5,57,26.150000000000034,35.35000000000002,0,None
machine_H,1388,53.2,59,26.05000000000001,35.25,0,None
machine_M,1631,35.4,64,26.05000000000001,35.450000000000045,0,None
machine_H,1520,41.4,67,26.150000000000034,35.450000000000045,0,None
machine_L,1510,45.4,72,26.150000000000034,35.35000000000002,0,None
machine_L,1366,49.7,74,26.05000000000001,35.35000000000002,0,None
machine_L,1845,22.9,76,26.25,35.35000000000002,0,None
machine_L,1485,44.7,78,26.150000000000034,35.35000000000002,0,None
machine_M,1496,39.4,80,26.150000000000034,35.35000000000002,0,None
machine_M,1468,42.2,83,26.150000000000034,35.25,0,None
machine_M,1856,22.7,86,26.05000000000001,35.25,0,None
machine_L,1620,34.1,89,26.05000000000001,35.25,0,None
machine_L,1409,44.8,91,26.150000000000034,35.35000000000002,0,None
machine_M,1404,49.4,93,26.150000000000034,35.35000000000002,0,None
machine_L,1350,51.3,96,26.05000000000001,35.25,0,None
machine_M,1538,38.0,98,26.05000000000001,35.25,0,None
machine_M,1476,32.7,101,26.05000000000001,35.25,0,None
machine_M,1364,51.8,104,26.05000000000001,35.150000000000034,0,None
machine_M,1582,45.5,107,26.05000000000001,35.150000000000034,0,None
machine_L,1348,56.1,110,25.950000000000045,35.05000000000001,0,None
machine_H,1450,46.1,112,25.950000000000045,35.05000000000001,0,None
machine_L,1242,60.9,117,25.850000000000023,34.950000000000045,0,None
machine_L,1493,34.9,119,25.950000000000045,35.05000000000001,0,None
machine_L,1601,31.4,121,25.950000000000045,35.150000000000034,0,None
machine_L,1568,33.3,123,25.950000000000045,35.05000000000001,0,None
machine_M,1506,38.0,125,25.950000000000045,35.150000000000034,0,None
machine_L,1524,34.1,128,25.950000000000045,35.150000000000034,0,None
machine_L,1543,37.9,130,25.950000000000045,35.25,0,None
machine_M,1474,47.2,132,26.05000000000001,35.35000000000002,0,None
machine_M,1526,37.3,135,26.05000000000001,35.35000000000002,0,None
machine_L,1867,27.0,138,26.05000000000001,35.35000000000002,0,None
machine_L,1487,41.2,140,26.05000000000001,35.35000000000002,0,None
machine_L,1580,32.6,142,26.05000000000001,35.25,0,None
machine_L,1340,50.0,144,26.05000000000001,35.35000000000002,0,None
machine_L,1544,41.6,146,26.05000000000001,35.35000000000002,0,None
machine_L,1488,40.3,148,26.05000000000001,35.35000000000002,0,None
machine_M,1742,28.9,150,26.05000000000001,35.35000000000002,0,None
machine_M,1592,34.2,153,25.950000000000045,35.35000000000002,0,None
machine_L,1582,38.8,156,26.05000000000001,35.450000000000045,0,None
machine_L,1490,43.2,158,26.05000000000001,35.35000000000002,0,None
machine_M,1594,35.8,160,26.05000000000001,35.35000000000002,0,None
machine_H,1462,55.0,163,26.05000000000001,35.450000000000045,0,None
machine_M,1367,47.6,168,26.05000000000001,35.450000000000045,0,None
machine_L,1325,51.0,171,26.05000000000001,35.55000000000001,0,None
machine_H,1448,51.4,173,26.05000000000001,35.55000000000001,0,None
machine_M,2008,20.3,178,25.950000000000045,35.55000000000001,0,None
machine_L,1498,38.9,181,25.950000000000045,35.55000000000001,0,None
machine_L,1437,41.6,183,25.950000000000045,35.450000000000045,0,None
machine_M,1499,45.1,185,25.950000000000045,35.450000000000045,0,None
machine_L,1356,52.6,188,25.850000000000023,35.25,0,None
machine_L,1539,46.8,190,25.950000000000045,35.35000000000002,0,None
machine_L,1689,32.1,192,25.950000000000045,35.35000000000002,0,None
machine_L,1559,38.1,194,25.850000000000023,35.35000000000002,0,None
machine_L,1408,46.7,196,25.950000000000045,35.450000000000045,0,None
machine_L,1886,23.0,198,25.850000000000023,35.35000000000002,0,None
machine_L,1415,43.4,0,25.950000000000045,35.35000000000002,0,None
machine_M,1587,35.6,2,25.950000000000045,35.35000000000002,0,None
machine_L,1571,38.6,5,25.850000000000023,35.25,0,None
machine_L,1576,36.6,7,25.75,35.150000000000034,0,None
machine_L,1660,34.4,9,25.75,35.150000000000034,0,None
machine_M,1328,49.2,11,25.75,35.05000000000001,0,None
machine_H,1450,44.7,14,25.650000000000034,35.05000000000001,0,None
machine_L,2384,15.0,19,25.75,35.05000000000001,0,None
machine_L,1443,53.4,21,25.650000000000034,35.05000000000001,0,None
machine_M,2022,20.0,23,25.75,35.05000000000001,0,None
machine_L,1828,23.8,26,25.75,35.05000000000001,0,None
machine_L,1472,53.5,28,25.650000000000034,34.950000000000045,0,None
machine_M,1372,63.6,30,25.75,35.05000000000001,1,PWF
machine_L,1855,23.8,33,25.75,35.150000000000034,0,None
machine_M,1377,47.2,35,25.850000000000023,35.150000000000034,0,None
machine_L,1432,48.9,38,25.75,35.150000000000034,0,None
machine_M,1335,47.8,40,25.75,35.05000000000001,0,None
machine_M,1411,51.3,43,25.75,35.05000000000001,0,None
machine_L,1510,43.5,46,25.75,35.05000000000001,0,None
machine_L,1441,44.0,48,25.850000000000023,35.150000000000034,0,None
machine_M,1358,42.7,50,25.850000000000023,35.05000000000001,0,None
machine_L,1686,30.4,53,25.75,35.05000000000001,0,None
machine_H,1662,30.4,55,25.850000000000023,35.05000000000001,0,None
machine_L,1426,40.1,60,25.950000000000045,35.150000000000034,0,None
machine_M,1330,53.6,62,25.950000000000045,35.25,0,None
machine_L,1693,31.6,65,25.950000000000045,35.25,0,None
machine_L,1426,47.9,67,25.950000000000045,35.25,0,None
machine_L,1676,31.0,69,25.950000000000045,35.35000000000002,0,None
machine_M,1332,51.7,71,25.950000000000045,35.25,0,None
machine_L,1647,35.0,74,25.950000000000045,35.35000000000002,0,None
machine_L,1267,68.2,76,26.05000000000001,35.450000000000045,1,PWF
machine_H,1375,55.1,78,26.05000000000001,35.55000000000001,0,None
machine_L,1422,48.9,83,26.150000000000034,35.450000000000045,0,None
machine_L,1408,48.7,85,26.150000000000034,35.55000000000001,0,None
machine_L,1440,42.5,87,26.25,35.75,0,None
machine_L,1772,25.2,89,26.150000000000034,35.650000000000034,0,None
machine_L,1492,37.8,91,26.05000000000001,35.55000000000001,0,None
machine_L,1650,30.5,93,26.05000000000001,35.55000000000001,0,None
machine_M,2329,14.6,95,25.950000000000045,35.450000000000045,0,None
machine_L,1648,30.8,98,25.850000000000023,35.450000000000045,0,None
machine_L,1653,31.7,100,25.850000000000023,35.450000000000045,0,None
machine_L,1946,22.3,102,25.850000000000023,35.450000000000045,0,None
machine_L,1555,36.6,104,25.950000000000045,35.450000000000045,0,None
machine_L,1661,32.2,106,25.850000000000023,35.450000000000045,0,None
machine_L,1434,45.9,108,25.850000000000023,35.450000000000045,0,None
machine_L,1297,54.2,110,25.850000000000023,35.450000000000045,0,None
machine_L,1466,46.4,112,25.850000000000023,35.450000000000045,0,None
machine_M,1517,39.8,114,25.75,35.450000000000045,0,None
machine_L,1742,34.5,117,25.75,35.35000000000002,0,None
machine_L,1580,39.1,119,25.75,35.35000000000002,0,None
machine_M,1534,42.9,121,25.75,35.35000000000002,0,None
machine_L,1481,40.7,124,25.75,35.450000000000045,0,None
machine_L,1429,37.7,126,25.850000000000023,35.450000000000045,0,None
machine_M,1574,33.5,128,25.75,35.450000000000045,0,None
machine_M,1524,40.4,131,25.75,35.450000000000045,0,None
machine_L,1507,37.5,134,25.850000000000023,35.55000000000001,0,None
machine_L,1467,44.7,136,25.75,35.35000000000002,0,None
machine_L,1301,51.1,138,25.75,35.25,0,None
machine_L,1429,55.1,140,25.75,35.35000000000002,0,None
machine_M,1555,37.6,142,25.75,35.35000000000002,0,None
machine_L,1503,40.6,145,25.75,35.35000000000002,0,None
machine_L,1459,43.1,147,25.75,35.35000000000002,0,None
machine_H,1449,42.4,149,25.75,35.25,0,None
machine_L,1387,57.3,154,25.75,35.35000000000002,0,None
machine_M,1456,50.0,156,25.75,35.35000000000002,0,None
machine_L,1604,34.7,159,25.850000000000023,35.35000000000002,0,None
machine_L,1734,32.4,161,25.850000000000023,35.450000000000045,0,None
machine_L,1378,47.8,163,25.850000000000023,35.450000000000045,0,None
machine_L,1504,41.8,165,25.75,35.55000000000001,0,None
machine_M,1402,49.8,167,25.75,35.55000000000001,0,None
machine_H,1524,37.7,170,25.650000000000034,35.450000000000045,0,None
machine_L,1593,35.5,175,25.650000000000034,35.450000000000045,0,None
machine_M,1772,28.4,177,25.75,35.55000000000001,0,None
machine_H,1623,31.0,180,25.75,35.450000000000045,0,None
machine_L,1356,50.7,185,25.75,35.55000000000001,0,None
machine_H,1500,41.6,187,25.75,35.55000000000001,0,None
machine_H,1566,46.6,192,25.950000000000045,35.650000000000034,0,None
machine_L,1445,43.4,197,25.950000000000045,35.75,0,None
machine_H,1382,58.5,199,25.850000000000023,35.650000000000034,0,None
machine_M,1418,45.7,204,25.850000000000023,35.650000000000034,0,None
machine_L,1329,53.6,207,25.950000000000045,35.650000000000034,1,OSF
machine_M,1491,41.0,209,25.950000000000045,35.650000000000034,0,None
machine_M,1573,37.4,212,26.05000000000001,35.75,0,None
machine_M,1521,42.3,215,26.05000000000001,35.75,0,None
machine_L,1467,47.2,218,25.950000000000045,35.75,0,None
machine_M,1325,48.4,220,25.950000000000045,35.75,0,None
machine_L,1617,32.3,223,25.950000000000045,35.75,0,None
machine_M,1476,42.7,225,25.950000000000045,35.75,0,None
machine_L,1515,48.9,228,26.05000000000001,35.85000000000002,1,OSF
machine_L,1408,47.2,0,26.05000000000001,35.85000000000002,0,None
machine_L,1468,45.6,2,26.05000000000001,35.950000000000045,0,None
machine_L,1387,48.7,4,26.05000000000001,35.950000000000045,0,None
machine_M,1503,34.7,6,26.05000000000001,35.950000000000045,0,None
machine_H,1410,47.1,9,26.05000000000001,35.950000000000045,0,None
machine_L,1615,30.6,14,25.850000000000023,35.75,0,None
machine_L,1511,35.9,16,25.850000000000023,35.75,0,None
machine_L,1405,53.8,18,25.950000000000045,35.85000000000002,0,None
machine_M,1526,41.1,20,25.850000000000023,35.75,0,None
machine_L,1530,38.3,23,25.75,35.650000000000034,0,None
machine_L,1583,32.5,25,25.850000000000023,35.55000000000001,0,None
machine_L,2069,18.7,27,25.75,35.450000000000045,0,None
machine_L,1490,35.0,29,25.650000000000034,35.35000000000002,0,None
machine_L,1736,29.0,31,25.650000000000034,35.35000000000002,0,None
machine_L,1395,44.4,33,25.650000000000034,35.35000000000002,0,None
machine_M,1425,49.6,35,25.75,35.450000000000045,0,None
machine_L,1631,32.4,38,25.650000000000034,35.450000000000045,0,None
machine_L,1535,41.2,40,25.650000000000034,35.450000000000045,0,None
machine_L,1584,34.4,42,25.650000000000034,35.450000000000045,0,None
machine_M,1543,38.2,44,25.650000000000034,35.55000000000001,0,None
machine_L,1635,35.2,47,25.650000000000034,35.55000000000001,0,None
machine_M,1446,45.5,49,25.650000000000034,35.55000000000001,0,None
machine_M,1598,35.1,52,25.650000000000034,35.450000000000045,0,None
machine_L,1501,35.0,55,25.650000000000034,35.450000000000045,0,None
machine_L,1450,50.8,57,25.650000000000034,35.35000000000002,0,None
machine_L,1730,25.9,59,25.650000000000034,35.450000000000045,0,None
machine_M,1571,33.7,61,25.650000000000034,35.450000000000045,0,None
machine_L,1438,51.7,64,25.75,35.55000000000001,0,None
machine_M,1510,38.7,66,25.650000000000034,35.35000000000002,0,None
machine_L,1389,44.9,69,25.75,35.55000000000001,0,None
machine_L,1490,33.6,71,25.650000000000034,35.55000000000001,0,None
machine_L,1729,26.6,73,25.75,35.55000000000001,0,None
machine_L,1495,38.4,75,25.850000000000023,35.650000000000034,0,None
machine_L,1281,53.9,77,25.75,35.650000000000034,0,None
machine_H,1353,48.1,79,25.75,35.55000000000001,0,None
machine_L,1429,50.1,84,25.950000000000045,35.650000000000034,0,None
machine_L,1413,42.1,86,25.950000000000045,35.650000000000034,0,None
machine_L,1502,38.3,88,25.950000000000045,35.650000000000034,0,None
machine_H,1553,32.6,90,25.950000000000045,35.650000000000034,0,None
machine_H,1712,26.4,95,26.05000000000001,35.75,0,None
machine_L,1786,23.5,100,26.150000000000034,35.85000000000002,0,None
machine_L,1951,21.4,102,26.05000000000001,35.85000000000002,0,None
machine_M,1541,36.3,104,26.05000000000001,35.85000000000002,0,None
machine_L,1605,34.3,107,26.05000000000001,35.950000000000045,0,None
machine_L,1578,38.1,109,26.05000000000001,35.950000000000045,0,None
machine_M,1440,37.5,111,26.150000000000034,36.05000000000001,0,None
machine_L,1489,42.3,114,26.25,36.05000000000001,0,None
machine_L,1366,48.4,116,26.25,36.150000000000034,0,None
machine_L,1541,37.2,118,26.150000000000034,36.05000000000001,0,None
machine_H,1552,40.7,120,26.150000000000034,35.950000000000045,0,None
machine_L,1473,40.3,125,26.150000000000034,35.950000000000045,0,None
machine_L,1531,37.9,127,26.150000000000034,35.950000000000045,0,None
machine_L,1511,37.2,129,26.150000000000034,36.05000000000001,0,None
machine_M,1449,47.9,131,26.150000000000034,35.950000000000045,0,None
machine_M,1440,50.0,134,26.25,35.950000000000045,0,None
machine_M,1881,23.9,137,26.05000000000001,35.85000000000002,0,None
machine_L,1447,50.4,140,26.150000000000034,35.85000000000002,0,None
machine_M,1326,62.0,142,26.25,35.950000000000045,0,None
machine_L,1607,31.7,145,26.25,36.05000000000001,0,None
machine_L,1551,39.1,147,26.150000000000034,35.950000000000045,0,None
machine_L,1496,37.2,149,26.150000000000034,35.950000000000045,0,None
machine_L,1493,38.0,151,26.150000000000034,35.950000000000045,0,None
machine_L,1304,50.5,153,26.25,35.950000000000045,0,None
machine_M,1420,41.6,155,26.150000000000034,35.85000000000002,0,None
machine_L,1766,24.6,158,26.25,35.950000000000045,0,None
machine_L,1450,43.1,160,26.450000000000045,36.05000000000001,0,None
machine_H,1872,22.6,162,26.350000000000023,36.05000000000001,0,None
machine_L,1713,26.5,167,26.450000000000045,36.05000000000001,0,None
machine_M,1497,40.9,169,26.350000000000023,36.05000000000001,0,None
machine_M,1352,44.7,172,26.25,35.950000000000045,0,None
machine_L,1499,41.5,175,26.350000000000023,36.05000000000001,0,None
machine_L,1972,19.3,177,26.350000000000023,36.150000000000034,0,None
machine_L,1422,49.2,179,26.350000000000023,36.150000000000034,0,None
machine_L,1523,41.5,181,26.350000000000023,36.150000000000034,0,None
machine_L,1563,41.5,183,26.350000000000023,36.25,0,None
machine_L,1391,46.6,185,26.25,36.150000000000034,0,None
machine_L,1795,24.7,187,26.150000000000034,35.950000000000045,0,None
machine_L,1293,53.7,189,26.150000000000034,35.950000000000045,0,None
machine_L,1345,60.7,191,26.05000000000001,35.950000000000045,1,OSF
machine_L,1615,33.7,193,26.05000000000001,35.85000000000002,0,None
machine_L,1342,50.8,195,26.05000000000001,35.75,0,None
machine_L,1502,46.7,197,25.950000000000045,35.650000000000034,0,None
machine_M,1620,35.4,199,25.850000000000023,35.55000000000001,0,None
machine_L,1537,42.8,202,25.850000000000023,35.55000000000001,0,None
machine_L,2248,16.8,204,25.850000000000023,35.55000000000001,0,None
machine_L,1706,28.6,206,25.850000000000023,35.55000000000001,0,None
machine_L,2250,16.6,208,25.850000000000023,35.55000000000001,0,None
machine_L,1396,48.6,0,25.850000000000023,35.55000000000001,0,None
machine_L,1522,46.4,2,25.75,35.450000000000045,0,None
machine_L,1539,45.4,4,25.75,35.450000000000045,0,None
machine_H,1415,54.0,6,25.75,35.35000000000002,0,None
machine_L,1446,37.0,11,25.650000000000034,35.35000000000002,0,None
machine_M,1486,41.1,13,25.650000000000034,35.450000000000045,0,None
machine_L,1426,38.6,16,25.850000000000023,35.55000000000001,0,None
machine_L,1449,38.9,18,25.850000000000023,35.55000000000001,0,None
machine_L,1320,67.5,20,25.950000000000045,35.650000000000034,1,PWF
machine_M,1447,39.6,22,26.05000000000001,35.75,0,None
machine_L,1422,47.3,25,26.150000000000034,35.85000000000002,0,None
machine_L,1399,52.1,27,26.150000000000034,35.950000000000045,0,None
machine_L,1427,41.5,29,26.25,36.05000000000001,0,None
machine_M,1334,46.3,31,26.150000000000034,36.05000000000001,0,None
machine_M,1385,45.6,34,26.150000000000034,35.950000000000045,0,None
machine_L,1552,37.4,37,26.25,36.05000000000001,0,None
machine_H,1534,37.5,39,26.25,36.150000000000034,0,None
machine_L,1448,48.6,44,26.25,36.150000000000034,0,None
machine_L,1409,44.7,46,26.350000000000023,36.150000000000034,0,None
machine_L,1621,34.5,48,26.25,36.05000000000001,0,None
machine_H,1547,40.9,50,26.25,35.950000000000045,0,None
machine_L,1957,22.1,55,26.25,35.950000000000045,0,None
machine_L,2421,14.2,57,26.25,35.950000000000045,0,None
machine_M,1571,38.3,59,26.150000000000034,35.950000000000045,0,None
machine_L,1634,36.8,62,26.150000000000034,35.950000000000045,0,None
machine_L,1516,38.7,64,26.150000000000034,35.85000000000002,0,None
machine_L,1207,66.5,66,26.25,35.950000000000045,0,None
machine_L,1670,35.9,68,26.25,35.950000000000045,0,None
machine_M,1461,48.6,70,26.25,35.950000000000045,0,None
machine_L,1569,40.8,73,26.25,36.05000000000001,0,None
machine_L,1556,35.7,75,26.25,36.05000000000001,0,None
machine_M,1506,41.5,77,26.350000000000023,36.150000000000034,0,None
machine_M,1642,30.3,80,26.450000000000045,36.25,0,None
machine_M,1283,62.1,83,26.450000000000045,36.25,0,None
machine_H,1375,46.8,86,26.55000000000001,36.35000000000002,0,None
machine_L,1399,39.9,91,26.55000000000001,36.25,0,None
machine_L,1650,29.8,93,26.55000000000001,36.25,0,None
machine_M,1346,53.2,95,26.650000000000034,36.450000000000045,0,None
machine_H,1410,51.2,98,26.75,36.450000000000045,0,None
machine_L,1586,37.8,103,26.850000000000023,36.55000000000001,0,None
machine_L,1372,39.6,105,26.850000000000023,36.650000000000034,0,None
machine_H,1529,42.4,107,26.850000000000023,36.55000000000001,0,None
machine_M,1652,28.6,112,26.850000000000023,36.55000000000001,0,None
machine_L,1532,39.8,115,26.950000000000045,36.650000000000034,0,None
machine_L,1554,32.0,117,26.850000000000023,36.55000000000001,0,None
machine_H,1462,51.0,119,26.75,36.450000000000045,0,None
machine_L,1254,61.3,124,26.75,36.450000000000045,0,None
machine_L,1294,49.7,126,26.75,36.450000000000045,0,None
machine_L,1739,27.5,128,26.650000000000034,36.35000000000002,0,None
machine_M,1412,47.8,130,26.650000000000034,36.25,0,None
machine_M,1372,56.2,133,26.75,36.35000000000002,0,None
machine_H,1420,46.7,136,26.650000000000034,36.35000000000002,0,None
machine_L,1542,40.3,141,26.650000000000034,36.35000000000002,0,None
machine_M,1401,48.1,143,26.650000000000034,36.25,0,None
machine_L,1510,42.5,146,26.650000000000034,36.25,0,None
machine_H,1547,38.5,148,26.75,36.35000000000002,0,None
machine_M,1453,43.2,153,26.650000000000034,36.35000000000002,0,None
machine_L,1408,45.6,156,26.650000000000034,36.25,0,None
machine_L,1436,51.6,158,26.650000000000034,36.25,0,None
machine_M,1582,38.2,160,26.75,36.35000000000002,0,None
machine_L,1280,59.3,163,26.75,36.450000000000045,0,None
machine_L,2008,20.4,165,26.75,36.35000000000002,0,None
machine_L,1772,23.5,167,26.75,36.35000000000002,0,None
machine_L,1779,26.1,169,26.75,36.35000000000002,0,None
machine_L,1567,35.5,171,26.75,36.35000000000002,0,None
machine_M,1751,27.0,173,26.650000000000034,36.25,0,None
machine_L,1349,51.3,176,26.75,36.35000000000002,0,None
machine_M,1425,40.8,178,26.850000000000023,36.35000000000002,0,None
machine_L,1395,44.5,181,26.850000000000023,36.25,0,None
machine_H,1595,32.1,183,26.650000000000034,36.150000000000034,0,None
machine_L,1291,56.4,188,26.650000000000034,36.150000000000034,0,None
machine_M,1509,42.8,190,26.75,36.25,0,None
machine_M,1483,38.1,193,26.75,36.25,0,None
machine_L,1620,31.1,196,26.75,36.150000000000034,0,None
machine_M,1487,42.2,198,26.75,36.25,0,None
machine_L,2256,15.9,201,26.650000000000034,36.25,0,None
machine_H,1691,27.7,203,26.55000000000001,36.05000000000001,0,None
machine_M,1663,35.2,208,26.650000000000034,36.150000000000034,0,None
machine_M,1640,31.1,211,26.650000000000034,36.150000000000034,0,None
machine_H,1494,37.8,214,26.55000000000001,36.150000000000034,0,None
machine_L,1467,46.2,219,26.650000000000034,36.25,0,None
machine_M,1399,41.9,221,26.55000000000001,36.150000000000034,1,TWF
machine_L,1445,42.6,0,26.55000000000001,36.150000000000034,0,None
machine_L,1480,40.9,2,26.650000000000034,36.25,0,None
machine_L,1546,37.2,4,26.55000000000001,36.150000000000034,0,None
machine_L,1574,35.8,6,26.55000000000001,36.150000000000034,0,None
machine_L,1592,34.2,8,26.55000000000001,36.150000000000034,0,None
machine_L,1495,39.6,10,26.650000000000034,36.35000000000002,0,None
machine_L,1447,43.1,12,26.650000000000034,36.450000000000045,0,None
machine_L,1476,44.4,14,26.650000000000034,36.35000000000002,0,None
machine_L,1641,27.1,16,26.650000000000034,36.35000000000002,0,None
machine_L,1545,32.2,18,26.650000000000034,36.35000000000002,0,None
machine_M,1364,44.4,20,26.75,36.450000000000045,0,None
machine_L,1590,28.5,23,26.650000000000034,36.35000000000002,0,None
machine_L,1460,37.4,25,26.650000000000034,36.25,0,None
machine_L,1609,32.5,27,26.650000000000034,36.25,0,None
machine_L,1633,27.5,29,26.650000000000034,36.25,0,None
machine_L,1348,52.8,31,26.75,36.25,0,None
machine_L,1322,53.9,33,26.75,36.25,0,None
machine_L,1641,30.1,35,26.850000000000023,36.35000000000002,0,None
machine_L,1728,26.0,37,26.850000000000023,36.35000000000002,0,None
machine_L,1431,47.7,39,26.850000000000023,36.450000000000045,0,None
machine_L,1641,30.4,41,26.950000000000045,36.55000000000001,0,None
machine_M,1622,36.1,43,26.950000000000045,36.450000000000045,0,None
machine_M,1625,38.0,46,26.950000000000045,36.450000000000045,0,None
machine_L,1869,22.7,49,26.850000000000023,36.35000000000002,0,None
machine_L,1452,46.0,51,26.850000000000023,36.450000000000045,0,None
machine_L,1618,28.7,53,26.850000000000023,36.450000000000045,0,None
machine_L,2010,20.0,55,26.850000000000023,36.25,0,None
machine_L,1363,60.9,57,26.75,36.25,0,None
machine_L,1473,40.4,59,26.75,36.150000000000034,0,None
machine_L,1333,50.8,61,26.75,36.05000000000001,0,None
machine_L,1760,25.9,63,26.650000000000034,36.05000000000001,0,None
machine_M,1372,58.2,65,26.650000000000034,36.05000000000001,0,None
machine_M,1608,34.4,68,26.55000000000001,36.05000000000001,0,None
machine_L,1326,64.8,71,26.55000000000001,36.05000000000001,0,None
machine_M,1560,37.1,73,26.450000000000045,35.950000000000045,0,None
machine_M,1539,36.1,76,26.450000000000045,35.85000000000002,0,None
machine_L,2266,15.3,79,26.450000000000045,35.950000000000045,0,None
machine_L,1641,35.8,81,26.450000000000045,35.950000000000045,0,None
machine_L,1574,39.2,83,26.450000000000045,35.950000000000045,0,None
machine_L,1407,50.6,85,26.450000000000045,35.950000000000045,0,None
machine_H,1302,55.5,87,26.55000000000001,36.05000000000001,0,None
machine_M,1651,30.8,92,26.450000000000045,36.05000000000001,0,None
machine_M,1366,55.2,95,26.450000000000045,35.950000000000045,0,None
machine_M,1701,28.6,98,26.350000000000023,35.85000000000002,0,None
machine_L,1498,44.6,101,26.350000000000023,35.85000000000002,0,None
machine_M,1422,45.3,103,26.350000000000023,35.950000000000045,0,None
machine_L,1357,47.3,106,26.350000000000023,35.950000000000045,0,None
machine_L,1690,29.2,108,26.350000000000023,36.05000000000001,0,None
machine_L,1559,39.1,110,26.450000000000045,36.05000000000001,0,None
machine_M,1553,32.4,112,26.450000000000045,36.150000000000034,0,None
machine_L,1558,34.8,115,26.450000000000045,36.150000000000034,0,None
machine_L,1362,51.9,117,26.55000000000001,36.25,0,None
machine_M,1470,42.7,119,26.650000000000034,36.150000000000034,0,None
machine_L,1555,34.8,122,26.650000000000034,36.25,0,None
machine_M,1423,42.9,124,26.650000000000034,36.25,0,None
machine_L,1434,38.5,127,26.55000000000001,36.150000000000034,0,None
machine_L,1779,25.5,129,26.55000000000001,36.150000000000034,0,None
machine_L,1417,54.6,131,26.55000000000001,36.150000000000034,0,None
machine_L,1425,45.9,133,26.450000000000045,36.05000000000001,0,None
machine_M,1597,32.9,135,26.55000000000001,36.05000000000001,0,None
machine_L,1346,57.4,138,26.55000000000001,36.05000000000001,0,None
machine_L,1422,40.4,140,26.55000000000001,36.05000000000001,0,None
machine_H,1572,32.8,142,26.55000000000001,36.05000000000001,0,None
machine_L,1412,45.4,147,26.55000000000001,36.05000000000001,0,None
machine_M,1576,36.4,149,26.55000000000001,35.950000000000045,0,None
machine_M,1508,41.2,152,26.55000000000001,35.950000000000045,0,None
machine_M,1496,44.4,155,26.650000000000034,35.950000000000045,0,None
machine_L,1572,35.4,158,26.650000000000034,36.05000000000001,0,None
machine_L,1525,42.8,160,26.450000000000045,35.85000000000002,0,None
machine_L,1378,51.9,162,26.450000000000045,35.85000000000002,0,None
machine_L,1369,51.4,164,26.450000000000045,35.950000000000045,0,None
machine_L,1476,45.3,166,26.450000000000045,35.950000000000045,0,None
machine_L,1620,30.0,168,26.55000000000001,36.05000000000001,0,None
machine_M,1603,38.5,170,26.55000000000001,35.950000000000045,0,None
machine_L,1411,46.1,173,26.55000000000001,36.05000000000001,0,None
machine_L,1616,31.6,175,26.55000000000001,36.05000000000001,0,None
machine_L,1631,35.1,177,26.55000000000001,36.05000000000001,0,None
machine_M,1685,28.9,179,26.55000000000001,36.05000000000001,1,Unknown
machine_H,1456,40.6,182,26.55000000000001,36.05000000000001,0,None
machine_L,1417,50.1,187,26.55000000000001,35.950000000000045,0,None
machine_M,1851,24.7,189,26.55000000000001,35.950000000000045,0,None
machine_L,1715,27.8,192,26.55000000000001,35.950000000000045,0,None
machine_H,1630,32.3,194,26.450000000000045,35.950000000000045,0,None
machine_L,1478,38.8,199,26.55000000000001,36.05000000000001,0,None
machine_L,1781,29.6,201,26.55000000000001,36.05000000000001,0,None
machine_L,1439,36.1,203,26.650000000000034,36.05000000000001,0,None
machine_M,1412,45.3,205,26.55000000000001,36.05000000000001,0,None
machine_L,1483,41.1,208,26.55000000000001,35.950000000000045,0,None
machine_L,1400,42.6,210,26.650000000000034,36.05000000000001,0,None
machine_L,1299,65.1,212,26.650000000000034,36.150000000000034,1,OSF
machine_L,1479,44.4,214,26.650000000000034,36.05000000000001,0,None
machine_L,1491,47.5,216,26.650000000000034,36.05000000000001,0,None
machine_M,1389,52.8,0,26.75,36.150000000000034,0,None
machine_M,1399,54.8,3,26.75,36.25,0,None
machine_M,1889,26.0,6,26.75,36.25,0,None
machine_L,1925,21.9,9,26.850000000000023,36.35000000000002,0,None
machine_L,1675,30.2,11,26.850000000000023,36.35000000000002,0,None
machine_M,1477,38.1,13,26.850000000000023,36.450000000000045,0,None
machine_L,1364,45.9,16,26.850000000000023,36.450000000000045,0,None
machine_L,1451,39.4,18,26.75,36.35000000000002,0,None
machine_L,1467,41.2,20,26.75,36.25,0,None
machine_L,1858,22.5,22,26.75,36.25,0,None
machine_L,1559,39.7,24,26.950000000000045,36.25,0,None
machine_L,1560,47.7,26,26.950000000000045,36.25,0,None
machine_L,1453,47.6,28,26.950000000000045,36.25,0,None
machine_L,1464,41.7,30,26.950000000000045,36.25,0,None
machine_L,1308,50.2,32,26.850000000000023,36.25,0,None
machine_L,1353,50.9,34,26.950000000000045,36.35000000000002,0,None
machine_M,1556,35.8,36,27.05000000000001,36.450000000000045,0,None
machine_L,2183,17.8,39,27.05000000000001,36.35000000000002,0,None
machine_M,1491,41.8,41,27.05000000000001,36.450000000000045,0,None
machine_M,1528,35.1,44,27.05000000000001,36.450000000000045,0,None
machine_L,1430,52.7,47,27.05000000000001,36.450000000000045,0,None
machine_L,1495,32.6,49,27.05000000000001,36.35000000000002,0,None
machine_M,1630,28.3,51,27.05000000000001,36.35000000000002,0,None
machine_M,1524,38.4,54,27.150000000000034,36.450000000000045,0,None
machine_L,1326,52.4,57,27.150000000000034,36.450000000000045,0,None
machine_H,1438,44.0,59,27.150000000000034,36.35000000000002,0,None
machine_L,1356,45.9,64,27.25,36.450000000000045,0,None
machine_H,1416,43.3,66,27.25,36.450000000000045,0,None
machine_L,1584,32.6,71,27.25,36.55000000000001,0,None
machine_L,1597,31.8,73,27.150000000000034,36.450000000000045,0,None
machine_L,1553,43.9,75,27.25,36.450000000000045,0,None
machine_M,1405,49.4,77,27.150000000000034,36.35000000000002,0,None
machine_L,1539,35.3,80,27.05000000000001,36.35000000000002,0,None
machine_M,1398,53.7,82,27.150000000000034,36.450000000000045,0,None
machine_L,1568,39.6,85,27.150000000000034,36.450000000000045,0,None
machine_L,1404,44.6,87,27.150000000000034,36.450000000000045,0,None
machine_M,1500,45.7,89,27.05000000000001,36.35000000000002,0,None
machine_M,1642,28.8,92,27.05000000000001,36.35000000000002,0,None
machine_M,1509,46.6,95,27.150000000000034,36.450000000000045,0,None
machine_L,1343,50.2,98,27.05000000000001,36.35000000000002,0,None
machine_L,1450,40.1,100,26.950000000000045,36.35000000000002,0,None
machine_L,1460,43.5,102,26.850000000000023,36.25,0,None
machine_L,1364,41.2,104,26.850000000000023,36.150000000000034,0,None
machine_M,1452,41.9,106,26.75,36.150000000000034,0,None
machine_L,1471,41.8,109,26.75,36.150000000000034,0,None
machine_L,1598,34.6,111,26.75,36.05000000000001,0,None
machine_L,1772,24.8,113,26.650000000000034,35.950000000000045,0,None
machine_L,1761,25.6,115,26.75,36.05000000000001,0,None
machine_M,1413,40.7,117,26.850000000000023,36.150000000000034,0,None
machine_L,1887,22.6,120,26.850000000000023,36.150000000000034,0,None
machine_L,1395,56.5,122,26.850000000000023,36.150000000000034,0,None
machine_M,1569,31.6,124,26.950000000000045,36.25,0,None
machine_L,1434,47.3,127,26.950000000000045,36.25,0,None
machine_L,1417,41.1,129,27.05000000000001,36.35000000000002,0,None
machine_L,1729,28.4,131,27.05000000000001,36.35000000000002,0,None
machine_L,1356,51.1,133,27.05000000000001,36.35000000000002,0,None
machine_L,1436,48.8,135,27.05000000000001,36.35000000000002,0,None
machine_M,1419,42.5,137,27.150000000000034,36.450000000000045,0,None
machine_L,1593,38.1,140,27.150000000000034,36.450000000000045,0,None
machine_M,1320,62.2,142,27.150000000000034,36.35000000000002,0,None
machine_M,1448,42.4,145,27.150000000000034,36.35000000000002,0,None
machine_L,1470,33.5,148,27.150000000000034,36.25,0,None
machine_M,1612,33.1,150,27.150000000000034,36.25,0,None
machine_L,1412,51.6,153,27.25,36.25,0,None
machine_M,1875,23.9,155,27.25,36.25,0,None
machine_L,1612,36.0,158,27.150000000000034,36.150000000000034,0,None
machine_M,1411,41.6,160,27.25,36.150000000000034,0,None
machine_M,1490,47.9,163,27.150000000000034,36.05000000000001,0,None
machine_M,1467,40.3,166,27.25,36.150000000000034,0,None
machine_L,1807,26.4,169,27.150000000000034,36.05000000000001,0,None
machine_L,1368,46.0,171,27.150000000000034,35.950000000000045,0,None
machine_L,1572,32.0,173,27.150000000000034,36.05000000000001,0,None
machine_M,1458,44.3,175,27.150000000000034,35.950000000000045,0,None
machine_L,1699,30.3,178,27.150000000000034,35.950000000000045,0,None
machine_L,1478,39.5,180,27.150000000000034,36.150000000000034,0,None
machine_M,1362,42.1,182,27.25,36.25,0,None
machine_H,1487,38.9,185,27.25,36.25,0,None
machine_L,1705,29.4,190,27.150000000000034,36.25,0,None
machine_L,1345,53.5,192,27.150000000000034,36.150000000000034,0,None
machine_L,1532,40.2,194,27.150000000000034,36.05000000000001,0,None
machine_L,1650,35.2,196,27.150000000000034,36.05000000000001,0,None
machine_L,1398,54.4,198,27.150000000000034,36.05000000000001,0,None
machine_L,1412,44.8,200,27.150000000000034,36.05000000000001,0,None
machine_L,1525,39.6,202,27.25,36.150000000000034,0,None
machine_M,1391,57.9,204,27.150000000000034,36.150000000000034,0,None
machine_L,1766,28.2,207,27.25,36.150000000000034,0,None
machine_L,1671,35.0,209,27.25,36.150000000000034,0,None
machine_L,1373,48.8,211,27.350000000000023,36.150000000000034,0,None
machine_M,1347,50.1,213,27.350000000000023,36.25,0,None
machine_M,1539,39.1,216,27.350000000000023,36.150000000000034,0,None
machine_L,1470,40.8,219,27.350000000000023,36.150000000000034,0,None
machine_L,1528,37.0,221,27.350000000000023,36.150000000000034,0,None
machine_H,1471,45.2,223,27.350000000000023,36.150000000000034,0,None
machine_M,1528,37.2,228,27.25,36.05000000000001,0,None
machine_L,1417,51.5,231,27.350000000000023,36.150000000000034,1,OSF
machine_L,1549,43.4,233,27.450000000000045,36.25,0,None
machine_H,1463,49.2,235,27.450000000000045,36.25,0,None
machine_L,1479,43.6,240,27.55000000000001,36.35000000000002,0,None
machine_L,1867,23.0,242,27.450000000000045,36.35000000000002,0,None
machine_L,1471,44.1,244,27.450000000000045,36.25,0,None
machine_H,1380,47.6,246,27.450000000000045,36.25,1,TWF
machine_H,1623,32.7,0,27.55000000000001,36.55000000000001,0,None
machine_L,1997,20.7,5,27.650000000000034,36.55000000000001,0,None
machine_H,1390,48.5,7,27.55000000000001,36.450000000000045,0,None
machine_L,1418,46.6,12,27.650000000000034,36.55000000000001,0,None
machine_L,1519,35.8,14,27.650000000000034,36.55000000000001,0,None
machine_M,1519,39.7,16,27.650000000000034,36.55000000000001,0,None
machine_M,1536,37.2,19,27.55000000000001,36.450000000000045,0,None
machine_L,1680,28.7,22,27.650000000000034,36.450000000000045,0,None
machine_H,1555,37.9,24,27.450000000000045,36.25,0,None
machine_L,1471,49.6,29,27.450000000000045,36.35000000000002,0,None
machine_M,1877,23.8,31,27.350000000000023,36.25,0,None
machine_M,1578,30.5,34,27.350000000000023,36.150000000000034,0,None
machine_M,1655,32.1,37,27.350000000000023,36.25,0,None
machine_H,1502,34.3,40,27.350000000000023,36.25,0,None
machine_M,1367,63.2,45,27.450000000000045,36.25,1,PWF
machine_L,1541,37.2,48,27.55000000000001,36.35000000000002,0,None
machine_M,1588,37.0,50,27.450000000000045,36.450000000000045,0,None
machine_L,1684,32.8,53,27.450000000000045,36.450000000000045,0,None
machine_L,1437,40.0,55,27.450000000000045,36.35000000000002,0,None
machine_L,1409,42.4,57,27.450000000000045,36.450000000000045,0,None
machine_M,1320,49.9,59,27.350000000000023,36.35000000000002,0,None
machine_H,1635,34.2,62,27.350000000000023,36.35000000000002,0,None
machine_M,1691,27.6,67,27.350000000000023,36.35000000000002,0,None
machine_M,1365,50.0,70,27.450000000000045,36.450000000000045,0,None
machine_M,1523,38.2,73,27.55000000000001,36.55000000000001,0,None
machine_L,1593,32.4,76,27.450000000000045,36.55000000000001,0,None
machine_L,1682,30.7,78,27.450000000000045,36.450000000000045,0,None
machine_L,1329,54.3,80,27.55000000000001,36.450000000000045,0,None
machine_M,1568,35.2,82,27.55000000000001,36.450000000000045,0,None
machine_L,1733,24.8,85,27.55000000000001,36.450000000000045,0,None
machine_M,1473,48.1,87,27.55000000000001,36.450000000000045,0,None
machine_M,1633,31.3,90,27.55000000000001,36.35000000000002,0,None
machine_M,1530,40.2,93,27.450000000000045,36.35000000000002,0,None
machine_M,1550,40.2,96,27.450000000000045,36.35000000000002,0,None
machine_L,1410,40.6,99,27.450000000000045,36.25,0,None
machine_L,1574,33.5,101,27.350000000000023,36.150000000000034,0,None
machine_L,1425,40.3,103,27.450000000000045,36.25,0,None
machine_M,1541,35.2,105,27.450000000000045,36.25,0,None
machine_M,1733,26.7,108,27.55000000000001,36.35000000000002,0,None
machine_L,2496,13.5,111,27.450000000000045,36.25,0,None
machine_L,1552,36.4,113,27.450000000000045,36.25,0,None
machine_L,1409,38.7,115,27.450000000000045,36.150000000000034,0,None
machine_M,1581,35.7,117,27.450000000000045,36.25,0,None
machine_L,1251,59.9,120,27.55000000000001,36.35000000000002,0,None
machine_L,1500,44.1,122,27.55000000000001,36.450000000000045,0,None
machine_L,1576,38.8,124,27.450000000000045,36.35000000000002,0,None
machine_M,1352,44.0,126,27.55000000000001,36.35000000000002,0,None
machine_L,1661,30.3,129,27.55000000000001,36.450000000000045,0,None
machine_L,1541,34.6,131,27.55000000000001,36.450000000000045,0,None
machine_H,1888,20.5,133,27.450000000000045,36.450000000000045,0,None
machine_L,1255,62.1,138,27.350000000000023,36.35000000000002,0,None
machine_L,1411,41.6,140,27.450000000000045,36.450000000000045,0,None
machine_L,1516,39.0,142,27.450000000000045,36.35000000000002,0,None
machine_M,1492,34.0,144,27.450000000000045,36.35000000000002,0,None
machine_L,1726,30.0,147,27.450000000000045,36.450000000000045,0,None
machine_L,1598,33.7,149,27.55000000000001,36.55000000000001,0,None
machine_L,1657,31.1,151,27.650000000000034,36.650000000000034,0,None
machine_L,1481,38.1,153,27.650000000000034,36.55000000000001,0,None
machine_M,1397,51.3,155,27.55000000000001,36.55000000000001,0,None
machine_L,1461,44.3,158,27.650000000000034,36.55000000000001,0,None
machine_M,1388,51.1,160,27.55000000000001,36.450000000000045,0,None
machine_L,1507,52.4,163,27.55000000000001,36.55000000000001,0,None
machine_M,1421,49.8,165,27.55000000000001,36.450000000000045,0,None
machine_M,1258,54.9,168,27.650000000000034,36.55000000000001,0,None
machine_M,1482,39.0,171,27.650000000000034,36.55000000000001,0,None
machine_H,1403,51.3,174,27.55000000000001,36.450000000000045,0,None
machine_L,1373,45.4,179,27.650000000000034,36.55000000000001,0,None
machine_L,1460,42.1,181,27.75,36.55000000000001,0,None
machine_M,1751,27.9,183,27.650000000000034,36.55000000000001,0,None
machine_M,1546,42.3,186,27.650000000000034,36.450000000000045,0,None
machine_M,1680,28.2,189,27.650000000000034,36.55000000000001,0,None
machine_M,1394,48.8,192,27.75,36.55000000000001,0,None
machine_L,1810,26.0,195,27.55000000000001,36.450000000000045,0,None
machine_L,1479,34.5,197,27.55000000000001,36.35000000000002,0,None
machine_L,1431,41.4,199,27.75,36.55000000000001,0,None
machine_L,2355,14.4,201,27.75,36.55000000000001,0,None
machine_M,1996,19.8,203,27.55000000000001,36.450000000000045,1,TWF
machine_L,1461,49.9,0,27.55000000000001,36.35000000000002,0,None
machine_H,2007,19.7,2,27.55000000000001,36.35000000000002,0,None
machine_L,1505,34.9,7,27.55000000000001,36.450000000000045,0,None
machine_H,1925,20.5,9,27.55000000000001,36.450000000000045,0,None
machine_M,1622,30.5,14,27.55000000000001,36.35000000000002,0,None
machine_L,1592,29.0,17,27.55000000000001,36.35000000000002,0,None
machine_L,1850,24.5,19,27.55000000000001,36.35000000000002,0,None
machine_M,1470,48.7,21,27.55000000000001,36.35000000000002,0,None
machine_M,1445,46.4,24,27.55000000000001,36.35000000000002,0,None
machine_L,1685,31.1,27,27.55000000000001,36.35000000000002,0,None
machine_H,1667,30.5,29,27.55000000000001,36.35000000000002,0,None
machine_L,1578,35.4,34,27.55000000000001,36.35000000000002,0,None
machine_H,1691,28.0,36,27.450000000000045,36.25,0,None
machine_M,1439,43.8,41,27.55000000000001,36.35000000000002,0,None
machine_M,1404,38.7,44,27.650000000000034,36.450000000000045,0,None
machine_L,1498,45.8,47,27.650000000000034,36.450000000000045,0,None
machine_M,1481,44.5,49,27.650000000000034,36.35000000000002,0,None
machine_M,1589,35.0,52,27.55000000000001,36.25,0,None
machine_L,1467,44.3,55,27.55000000000001,36.35000000000002,0,None
machine_L,1654,32.8,57,27.450000000000045,36.25,0,None
machine_L,1508,39.9,59,27.55000000000001,36.35000000000002,0,None
machine_M,1439,43.0,61,27.55000000000001,36.450000000000045,0,None
machine_L,1692,30.3,64,27.55000000000001,36.35000000000002,0,None
machine_M,1838,24.9,66,27.55000000000001,36.35000000000002,0,None
machine_L,1601,40.2,69,27.450000000000045,36.150000000000034,0,None
machine_L,1369,51.6,71,27.450000000000045,36.25,0,None
machine_M,1312,45.2,73,27.450000000000045,36.25,0,None
machine_L,1468,44.1,76,27.450000000000045,36.25,0,None
machine_M,1452,39.4,78,27.450000000000045,36.25,0,None
machine_M,1393,43.9,81,27.55000000000001,36.35000000000002,0,None
machine_M,1432,44.2,84,27.450000000000045,36.25,0,None
machine_M,1510,46.0,87,27.450000000000045,36.150000000000034,0,None
machine_M,1521,37.2,90,27.450000000000045,36.25,0,None
machine_H,1360,46.2,93,27.350000000000023,36.25,0,None
machine_M,1881,25.5,98,27.350000000000023,36.150000000000034,0,None
machine_L,1413,50.3,101,27.25,36.150000000000034,0,None
machine_H,1642,36.2,103,27.350000000000023,36.25,0,None
machine_L,1542,38.5,108,27.350000000000023,36.35000000000002,0,None
machine_L,1447,39.3,110,27.25,36.35000000000002,0,None
machine_H,1530,40.4,112,27.25,36.25,0,None
machine_L,1795,27.7,117,27.350000000000023,36.35000000000002,0,None
machine_L,1290,57.4,119,27.450000000000045,36.450000000000045,0,None
machine_L,1639,30.4,121,27.450000000000045,36.55000000000001,0,None
machine_L,1596,31.5,123,27.55000000000001,36.650000000000034,0,None
machine_L,1455,48.0,125,27.450000000000045,36.650000000000034,0,None
machine_M,1659,28.9,127,27.450000000000045,36.650000000000034,0,None
machine_M,1532,42.5,130,27.450000000000045,36.650000000000034,0,None
machine_L,1502,42.4,133,27.450000000000045,36.650000000000034,0,None
machine_L,1688,28.6,135,27.450000000000045,36.650000000000034,0,None
machine_M,1341,50.9,137,27.350000000000023,36.55000000000001,0,None
machine_M,1685,29.4,140,27.350000000000023,36.55000000000001,0,None
machine_M,1370,55.9,143,27.350000000000023,36.650000000000034,0,None
machine_L,1461,52.5,146,27.350000000000023,36.650000000000034,0,None
machine_L,1550,37.4,148,27.350000000000023,36.650000000000034,0,None
machine_M,1508,37.8,150,27.350000000000023,36.650000000000034,0,None
machine_L,1345,62.7,153,27.350000000000023,36.650000000000034,0,None
machine_L,1616,34.5,155,27.350000000000023,36.55000000000001,0,None
machine_L,1395,61.0,157,27.350000000000023,36.55000000000001,0,None
machine_H,1324,72.8,159,27.350000000000023,36.650000000000034,1,PWF
machine_L,1445,43.9,164,27.350000000000023,36.650000000000034,0,None
machine_M,1555,38.9,166,27.350000000000023,36.650000000000034,0,None
machine_M,1449,42.4,169,27.450000000000045,36.75,0,None
machine_M,1466,53.2,172,27.350000000000023,36.75,0,None
machine_L,1503,37.4,175,27.350000000000023,36.75,0,None
machine_L,1488,35.7,177,27.25,36.55000000000001,0,None
machine_L,1314,50.2,179,27.25,36.55000000000001,0,None
machine_M,1547,38.0,181,27.25,36.55000000000001,0,None
machine_M,1466,39.8,184,27.25,36.55000000000001,0,None
machine_L,1537,37.1,187,27.150000000000034,36.450000000000045,0,None
machine_M,1434,51.5,189,27.05000000000001,36.35000000000002,0,None
machine_L,1432,44.7,192,27.25,36.450000000000045,0,None
machine_L,1390,48.4,194,27.350000000000023,36.450000000000045,0,None
machine_L,1580,42.8,196,27.350000000000023,36.55000000000001,0,None
machine_L,1589,30.5,198,27.350000000000023,36.55000000000001,0,None
machine_L,1441,48.8,200,27.350000000000023,36.650000000000034,0,None
machine_L,1305,51.7,202,27.350000000000023,36.650000000000034,0,None
machine_M,1566,35.9,204,27.350000000000023,36.650000000000034,0,None
machine_L,1379,54.2,207,27.350000000000023,36.650000000000034,1,OSF
machine_L,1543,38.1,209,27.25,36.450000000000045,0,None
machine_L,1421,49.6,211,27.350000000000023,36.650000000000034,0,None
machine_L,1760,30.6,213,27.350000000000023,36.450000000000045,0,None
machine_L,1711,29.2,215,27.25,36.35000000000002,0,None
machine_L,1465,41.6,217,27.350000000000023,36.450000000000045,0,None
machine_L,1366,50.2,219,27.350000000000023,36.450000000000045,0,None
machine_M,1888,21.9,221,27.25,36.35000000000002,0,None
machine_L,1777,23.6,0,27.350000000000023,36.35000000000002,0,None
machine_L,1379,55.6,2,27.350000000000023,36.35000000000002,0,None
machine_L,1525,51.3,4,27.25,36.35000000000002,0,None
machine_M,1563,34.0,6,27.25,36.450000000000045,0,None
machine_M,1389,43.3,9,27.350000000000023,36.55000000000001,0,None
machine_M,1447,42.9,12,27.450000000000045,36.650000000000034,0,None
machine_M,1934,22.8,15,27.450000000000045,36.55000000000001,0,None
machine_H,1470,43.8,18,27.450000000000045,36.55000000000001,0,None
machine_M,1428,42.6,23,27.450000000000045,36.55000000000001,0,None
machine_L,1319,48.1,26,27.25,36.450000000000045,0,None
machine_L,1887,24.3,28,27.350000000000023,36.55000000000001,0,None
machine_L,1349,50.4,30,27.25,36.35000000000002,0,None
machine_M,1665,31.4,32,27.150000000000034,36.35000000000002,0,None
machine_L,1474,38.7,35,27.150000000000034,36.35000000000002,0,None
machine_L,1543,38.9,37,27.25,36.35000000000002,0,None
machine_M,1459,43.9,39,27.05000000000001,36.25,0,None
machine_L,1551,37.9,42,27.150000000000034,36.35000000000002,0,None
machine_L,1981,21.4,44,27.05000000000001,36.25,0,None
machine_L,1526,35.3,46,27.05000000000001,36.25,0,None
machine_M,1501,40.0,48,27.05000000000001,36.25,0,None
machine_L,1558,38.3,51,27.05000000000001,36.25,0,None
machine_L,1532,43.2,53,27.05000000000001,36.150000000000034,0,None
machine_L,1326,55.9,55,26.950000000000045,36.05000000000001,0,None
machine_L,1431,51.3,57,27.05000000000001,36.05000000000001,0,None
machine_L,1366,49.3,59,27.05000000000001,36.150000000000034,0,None
machine_L,1421,42.5,61,26.950000000000045,36.05000000000001,0,None
machine_H,1506,35.6,63,27.05000000000001,36.150000000000034,0,None
machine_H,1342,48.7,68,27.05000000000001,36.150000000000034,0,None
machine_L,1427,37.6,73,26.950000000000045,36.05000000000001,0,None
machine_L,1667,29.9,75,27.05000000000001,36.05000000000001,0,None
machine_L,1400,46.7,77,26.950000000000045,35.950000000000045,0,None
machine_L,1709,32.1,79,26.850000000000023,35.85000000000002,0,None
machine_M,1368,45.8,81,26.850000000000023,35.85000000000002,0,None
machine_L,1882,23.8,84,26.850000000000023,35.950000000000045,0,None
machine_L,1353,58.7,86,26.950000000000045,35.950000000000045,0,None
machine_L,1553,40.0,88,26.75,35.85000000000002,0,None
machine_L,1431,45.4,90,26.850000000000023,35.950000000000045,0,None
machine_M,1731,30.4,92,26.950000000000045,35.950000000000045,0,None
machine_M,1687,27.7,95,26.950000000000045,36.05000000000001,0,None
machine_M,1457,44.3,98,26.950000000000045,36.05000000000001,0,None
machine_L,1533,37.0,101,26.950000000000045,36.05000000000001,0,None
machine_H,1622,31.8,103,26.850000000000023,35.85000000000002,0,None
machine_L,1791,28.2,108,26.850000000000023,35.950000000000045,0,None
machine_L,1631,28.3,110,26.850000000000023,35.950000000000045,0,None
machine_L,2174,16.9,112,26.850000000000023,35.85000000000002,0,None
machine_L,1314,58.2,114,26.950000000000045,35.85000000000002,0,None
machine_L,1478,46.9,116,26.950000000000045,35.950000000000045,0,None
machine_L,1783,27.3,118,26.950000000000045,36.05000000000001,0,None
machine_M,1385,46.1,120,26.950000000000045,36.05000000000001,0,None
machine_L,1444,43.6,123,26.850000000000023,36.05000000000001,0,None
machine_L,1841,23.0,125,26.950000000000045,36.150000000000034,0,None
machine_M,1349,56.2,127,26.950000000000045,36.25,0,None
machine_L,1340,56.0,130,26.950000000000045,36.150000000000034,0,None
machine_M,1539,43.2,132,26.75,36.05000000000001,0,None
machine_M,1932,21.8,135,26.850000000000023,36.150000000000034,0,None
machine_M,1407,43.9,138,26.850000000000023,36.150000000000034,0,None
machine_L,1712,28.5,141,26.950000000000045,36.150000000000034,0,None
machine_H,1329,55.2,143,26.950000000000045,36.25,0,None
machine_L,1441,42.9,148,26.950000000000045,36.05000000000001,0,None
machine_L,1610,32.1,150,26.850000000000023,36.05000000000001,0,None
machine_M,1474,45.2,152,26.850000000000023,35.950000000000045,0,None
machine_M,1624,30.8,155,26.850000000000023,35.950000000000045,0,None
machine_H,1520,38.2,158,26.950000000000045,36.150000000000034,0,None
machine_H,1448,45.8,163,26.950000000000045,36.150000000000034,0,None
machine_L,1558,29.7,168,26.850000000000023,36.150000000000034,0,None
machine_M,2293,16.3,170,26.850000000000023,36.150000000000034,0,None
machine_L,1397,51.2,173,26.850000000000023,36.150000000000034,0,None
machine_L,1972,22.0,175,26.850000000000023,36.150000000000034,0,None
machine_M,1574,36.5,177,26.75,36.05000000000001,0,None
machine_L,1560,38.9,180,26.75,36.05000000000001,0,None
machine_M,1353,49.8,182,26.75,36.05000000000001,0,None
machine_M,1389,51.2,185,26.75,36.05000000000001,0,None
machine_M,1513,43.8,188,26.75,35.950000000000045,0,None
machine_L,1578,42.1,191,26.650000000000034,35.950000000000045,0,None
machine_H,1467,37.3,193,26.650000000000034,35.85000000000002,0,None
machine_L,1412,48.3,198,26.75,35.950000000000045,0,None
machine_L,1668,30.3,200,26.650000000000034,35.950000000000045,0,None
machine_M,1678,29.8,202,26.650000000000034,36.05000000000001,0,None
machine_L,1612,35.4,205,26.650000000000034,35.950000000000045,0,None
machine_L,1485,39.9,207,26.650000000000034,35.950000000000045,0,None
machine_M,1456,39.4,209,26.650000000000034,35.950000000000045,0,None
machine_L,1504,38.7,212,26.650000000000034,36.05000000000001,0,None
machine_L,1491,44.3,214,26.75,36.05000000000001,0,None
machine_H,1525,33.2,0,26.75,36.05000000000001,0,None
machine_L,1759,27.9,5,26.850000000000023,36.05000000000001,0,None
machine_M,1355,56.7,7,26.650000000000034,35.950000000000045,0,None
machine_M,1345,56.8,10,26.75,35.950000000000045,0,None
machine_M,1683,30.5,13,26.75,36.05000000000001,0,None
machine_L,1658,34.8,16,26.75,36.05000000000001,0,None
machine_L,1566,34.4,18,26.850000000000023,36.05000000000001,0,None
machine_M,1469,43.9,20,26.950000000000045,36.150000000000034,0,None
machine_M,1458,46.9,23,27.05000000000001,36.35000000000002,0,None
machine_L,1858,23.6,26,26.950000000000045,36.25,0,None
machine_H,1563,40.8,28,26.950000000000045,36.25,0,None
machine_L,2141,17.9,33,26.950000000000045,36.25,0,None
machine_L,1473,46.0,35,26.850000000000023,36.150000000000034,0,None
machine_H,1498,38.5,37,26.850000000000023,36.25,0,None
machine_L,1568,39.7,42,26.950000000000045,36.25,0,None
machine_L,1694,27.4,44,26.950000000000045,36.25,0,None
machine_L,1499,35.7,46,26.850000000000023,36.25,0,None
machine_L,1717,28.3,48,26.850000000000023,36.35000000000002,0,None
machine_M,1462,42.8,50,26.950000000000045,36.35000000000002,0,None
machine_L,1642,34.5,53,26.950000000000045,36.450000000000045,0,None
machine_L,1760,25.4,55,26.950000000000045,36.450000000000045,0,None
machine_L,1660,32.7,57,26.950000000000045,36.35000000000002,0,None
machine_L,1557,40.6,59,26.950000000000045,36.35000000000002,0,None
machine_H,1442,49.2,61,27.05000000000001,36.450000000000045,0,None
machine_L,1359,51.5,66,27.05000000000001,36.450000000000045,0,None
machine_L,1342,52.5,68,27.25,36.650000000000034,0,None
machine_L,1435,54.8,70,27.25,36.75,0,None
machine_L,1567,36.5,72,27.25,36.75,0,None
machine_L,1376,43.5,74,27.25,36.75,0,None
machine_H,1513,38.7,76,27.25,36.75,0,None
machine_H,2563,12.8,81,27.25,36.75,1,PWF
machine_L,1521,45.1,86,27.350000000000023,36.85000000000002,0,None
machine_L,1658,34.7,88,27.450000000000045,36.85000000000002,0,None
machine_H,1419,42.4,90,27.450000000000045,36.85000000000002,0,None
machine_M,1478,36.3,95,27.450000000000045,36.85000000000002,0,None
machine_M,1415,43.5,98,27.350000000000023,36.85000000000002,0,None
machine_M,1780,26.5,101,27.350000000000023,36.75,0,None
machine_M,1440,42.8,104,27.25,36.55000000000001,0,None
machine_H,1448,39.7,107,27.25,36.650000000000034,0,None
machine_H,1500,35.2,112,27.25,36.55000000000001,0,None
machine_L,1513,32.9,117,27.25,36.650000000000034,0,None
machine_L,1428,43.8,119,27.350000000000023,36.650000000000034,0,None
machine_M,1473,42.3,121,27.350000000000023,36.650000000000034,0,None
machine_M,1483,49.3,124,27.350000000000023,36.75,0,None
machine_L,1534,42.5,127,27.25,36.55000000000001,0,None
machine_L,1367,54.0,129,27.350000000000023,36.650000000000034,0,None
machine_L,1467,36.9,131,27.25,36.55000000000001,0,None
machine_M,1488,42.2,133,27.25,36.55000000000001,0,None
machine_L,1679,30.1,136,27.25,36.55000000000001,0,None
machine_H,1409,47.5,138,27.25,36.650000000000034,0,None
machine_M,1367,51.2,143,27.25,36.55000000000001,0,None
machine_L,1314,63.1,146,27.25,36.650000000000034,0,None
machine_L,1480,40.0,148,27.350000000000023,36.75,0,None
machine_L,1549,38.9,150,27.25,36.650000000000034,0,None
machine_L,1685,31.3,152,27.25,36.55000000000001,0,None
machine_L,1536,34.5,154,27.25,36.450000000000045,0,None
machine_M,1539,37.7,156,27.25,36.55000000000001,0,None
machine_L,1384,45.1,159,27.25,36.55000000000001,0,None
machine_M,1614,30.3,161,27.25,36.450000000000045,0,None
machine_M,1675,35.5,164,27.25,36.450000000000045,0,None
machine_M,1685,32.3,167,27.25,36.55000000000001,0,None
machine_L,1386,56.9,170,27.25,36.450000000000045,0,None
machine_M,1488,41.3,172,27.150000000000034,36.450000000000045,0,None
machine_L,1624,32.6,175,27.150000000000034,36.450000000000045,0,None
machine_L,1600,34.6,177,27.150000000000034,36.450000000000045,0,None
machine_L,1468,44.7,179,27.150000000000034,36.450000000000045,0,None
machine_L,1435,45.4,181,27.150000000000034,36.450000000000045,0,None
machine_M,1564,33.4,183,27.05000000000001,36.35000000000002,0,None
machine_M,1329,53.6,186,27.05000000000001,36.25,0,None
machine_L,1570,36.8,189,26.950000000000045,36.150000000000034,0,None
machine_M,1433,48.8,191,27.05000000000001,36.25,0,None
machine_L,1527,37.0,194,27.05000000000001,36.25,0,None
machine_M,1443,50.3,196,26.950000000000045,36.150000000000034,0,None
machine_L,1616,32.0,199,26.950000000000045,36.150000000000034,0,None
machine_L,1654,31.0,201,26.950000000000045,36.150000000000034,0,None
machine_L,1685,27.1,203,26.950000000000045,36.150000000000034,0,None
machine_M,1456,48.8,205,27.05000000000001,36.25,0,None
machine_M,1752,27.8,208,27.05000000000001,36.25,0,None
machine_M,1438,51.0,211,26.950000000000045,36.05000000000001,0,None
machine_L,1551,33.7,214,26.950000000000045,35.950000000000045,0,None
machine_L,1599,30.1,216,26.950000000000045,36.05000000000001,0,None
machine_M,1732,33.7,218,26.950000000000045,36.05000000000001,0,None
machine_M,1418,39.8,221,26.950000000000045,36.05000000000001,0,None
machine_L,1401,44.5,0,26.850000000000023,35.950000000000045,0,None
machine_L,1454,51.7,2,26.850000000000023,35.85000000000002,0,None
machine_M,1635,32.4,4,26.850000000000023,36.05000000000001,0,None
machine_L,1489,40.3,7,26.850000000000023,35.950000000000045,0,None
machine_L,1465,40.6,9,26.850000000000023,35.950000000000045,0,None
machine_M,1463,45.7,11,26.850000000000023,35.950000000000045,0,None
machine_H,1560,35.4,14,26.950000000000045,35.950000000000045,0,None
machine_M,1454,44.4,19,26.950000000000045,36.05000000000001,0,None
machine_L,1479,47.0,22,27.05000000000001,35.950000000000045,0,None
machine_L,1430,43.4,24,27.05000000000001,36.05000000000001,0,None
machine_M,1533,38.0,26,26.950000000000045,35.950000000000045,0,None
machine_L,1404,54.8,29,26.950000000000045,35.85000000000002,0,None
machine_M,1548,38.4,31,26.950000000000045,35.75,0,None
machine_M,1612,33.0,34,26.950000000000045,35.85000000000002,0,None
machine_M,1642,31.2,37,27.05000000000001,35.85000000000002,0,None
machine_M,1406,42.2,40,27.05000000000001,35.950000000000045,0,None
machine_L,1587,31.4,43,27.150000000000034,36.05000000000001,0,None
machine_M,1364,47.6,45,27.150000000000034,36.05000000000001,0,None
machine_L,1462,51.4,48,27.150000000000034,36.05000000000001,0,None
machine_L,1649,32.4,50,27.150000000000034,36.05000000000001,0,None
machine_L,1752,29.0,52,27.25,36.05000000000001,0,None
machine_H,1396,51.2,54,27.25,36.150000000000034,0,None
machine_M,2179,16.3,59,27.350000000000023,36.25,0,None
machine_L,1653,27.6,62,27.350000000000023,36.35000000000002,0,None
machine_L,2025,21.4,64,27.450000000000045,36.35000000000002,0,None
machine_L,1426,53.6,66,27.450000000000045,36.450000000000045,0,None
machine_M,1503,38.4,68,27.450000000000045,36.450000000000045,0,None
machine_M,1525,36.5,71,27.55000000000001,36.450000000000045,0,None
machine_L,1423,49.1,74,27.450000000000045,36.450000000000045,0,None
machine_M,1435,44.7,76,27.55000000000001,36.55000000000001,0,None
machine_H,1495,36.5,79,27.450000000000045,36.35000000000002,0,None
machine_M,1557,33.8,84,27.450000000000045,36.35000000000002,0,None
machine_L,1474,40.7,87,27.450000000000045,36.25,0,None
machine_L,1465,46.0,89,27.350000000000023,36.150000000000034,0,None
machine_M,1589,34.9,91,27.350000000000023,36.150000000000034,0,None
machine_L,1475,46.8,94,27.350000000000023,36.150000000000034,0,None
machine_L,1442,43.2,96,27.450000000000045,36.25,0,None
machine_L,1556,36.0,98,27.450000000000045,36.25,0,None
machine_L,1425,45.3,100,27.55000000000001,36.150000000000034,0,None
machine_L,1580,38.3,102,27.55000000000001,36.150000000000034,0,None
machine_H,1474,40.7,104,27.650000000000034,36.25,0,None
machine_L,1489,38.4,109,27.650000000000034,36.25,0,None
machine_L,1946,20.5,111,27.650000000000034,36.25,0,None
machine_M,1342,62.4,113,27.650000000000034,36.25,1,HDF
machine_M,1758,26.8,116,27.75,36.35000000000002,0,None
machine_M,1724,25.6,119,27.75,36.25,0,None
machine_L,1430,48.5,122,27.850000000000023,36.35000000000002,0,None
machine_L,1612,35.2,124,27.75,36.35000000000002,0,None
machine_H,1469,43.4,126,27.75,36.35000000000002,0,None
machine_L,1384,42.4,131,27.75,36.450000000000045,0,None
machine_L,1724,28.1,133,27.850000000000023,36.450000000000045,0,None
machine_M,1397,48.0,135,27.850000000000023,36.450000000000045,0,None
machine_M,1588,32.7,138,27.850000000000023,36.450000000000045,0,None
machine_L,1468,42.0,141,27.850000000000023,36.55000000000001,0,None
machine_M,1594,31.1,143,27.850000000000023,36.650000000000034,0,None
machine_M,1511,39.3,146,27.850000000000023,36.55000000000001,0,None
machine_L,1493,38.9,149,27.950000000000045,36.650000000000034,0,None
machine_H,1709,27.0,151,28.05000000000001,36.650000000000034,0,None
machine_L,1501,36.1,156,27.950000000000045,36.450000000000045,0,None
machine_L,1668,30.8,158,27.950000000000045,36.55000000000001,0,None
machine_L,1502,48.9,160,27.950000000000045,36.450000000000045,0,None
machine_M,1288,58.4,162,27.850000000000023,36.55000000000001,0,None
machine_L,1491,42.9,165,27.850000000000023,36.55000000000001,0,None
machine_L,1519,39.6,167,27.950000000000045,36.650000000000034,0,None
machine_L,1984,19.7,169,28.05000000000001,36.75,0,None
machine_L,1643,32.9,171,28.05000000000001,36.75,0,None
machine_M,1625,31.6,173,28.05000000000001,36.85000000000002,0,None
machine_M,2068,17.8,176,28.150000000000034,36.85000000000002,0,None
machine_H,1469,39.7,179,28.150000000000034,36.950000000000045,0,None
machine_L,1558,36.3,184,28.150000000000034,36.950000000000045,0,None
machine_L,1344,54.8,186,28.150000000000034,36.85000000000002,0,None
machine_H,1455,44.1,188,28.150000000000034,36.950000000000045,0,None
machine_L,1355,53.6,193,28.150000000000034,36.950000000000045,0,None
machine_L,1269,56.8,195,28.150000000000034,36.950000000000045,1,OSF
machine_L,1550,41.5,197,28.150000000000034,36.85000000000002,0,None
machine_M,1525,37.8,199,28.150000000000034,36.950000000000045,0,None
machine_M,1696,32.4,202,28.150000000000034,36.85000000000002,0,None
machine_L,1937,21.8,205,28.25,36.950000000000045,0,None
machine_M,1689,32.1,207,28.25,36.85000000000002,0,None
machine_M,1593,30.8,210,28.150000000000034,36.85000000000002,0,None
machine_M,1565,36.0,213,28.150000000000034,36.75,0,None
machine_L,1665,31.4,0,28.150000000000034,36.85000000000002,0,None
machine_H,1532,36.3,2,28.150000000000034,36.85000000000002,0,None
machine_L,1438,40.9,7,28.150000000000034,36.85000000000002,0,None
machine_L,1531,41.6,9,28.150000000000034,36.950000000000045,0,None
machine_L,1506,40.8,11,28.150000000000034,36.85000000000002,0,None
machine_L,1382,52.4,13,28.05000000000001,36.75,0,None
machine_M,1456,50.8,15,28.05000000000001,36.75,0,None
machine_M,1445,45.6,18,28.05000000000001,36.85000000000002,0,None
machine_L,1515,40.9,21,28.05000000000001,36.75,0,None
machine_L,1449,45.5,23,28.05000000000001,36.75,0,None
machine_H,1362,50.7,25,28.05000000000001,36.75,0,None
machine_L,1687,29.7,30,28.05000000000001,36.75,0,None
machine_L,1618,37.6,32,28.05000000000001,36.85000000000002,0,None
machine_M,1558,32.6,34,28.05000000000001,36.950000000000045,0,None
machine_L,1662,31.0,37,28.150000000000034,36.950000000000045,0,None
machine_M,1295,56.6,39,28.05000000000001,36.950000000000045,0,None
machine_L,1385,42.3,42,28.05000000000001,37.05000000000001,0,None
machine_M,1479,45.5,44,28.05000000000001,36.950000000000045,0,None
machine_L,1400,44.3,47,28.150000000000034,37.150000000000034,0,None
machine_M,1357,54.5,49,28.05000000000001,37.150000000000034,0,None
machine_L,1657,34.1,52,27.950000000000045,37.05000000000001,0,None
machine_L,1496,43.4,54,27.950000000000045,37.05000000000001,0,None
machine_M,1379,43.2,56,28.05000000000001,37.150000000000034,0,None
machine_L,1548,38.6,59,28.05000000000001,37.150000000000034,0,None
machine_L,1499,38.1,61,28.05000000000001,37.150000000000034,0,None
machine_L,1390,45.8,63,28.150000000000034,37.35000000000002,0,None
machine_H,1538,38.4,65,28.150000000000034,37.25,0,None
machine_L,1365,47.7,70,28.150000000000034,37.35000000000002,0,None
machine_L,1503,48.6,72,28.150000000000034,37.35000000000002,0,None
machine_L,1390,49.9,74,28.05000000000001,37.25,0,None
machine_L,1497,45.7,76,28.05000000000001,37.150000000000034,0,None
machine_M,1577,48.3,78,28.150000000000034,37.25,0,None
machine_L,1432,54.3,81,28.25,37.35000000000002,0,None
machine_M,1563,39.9,83,28.25,37.35000000000002,0,None
machine_L,1433,43.4,86,28.25,37.25,0,None
machine_L,1384,50.1,88,28.150000000000034,37.25,0,None
machine_L,1346,46.7,90,28.150000000000034,37.25,0,None
machine_L,1459,44.7,92,28.150000000000034,37.25,0,None
machine_L,1639,28.9,94,28.25,37.25,0,None
machine_L,1737,31.9,96,28.25,37.25,0,None
machine_L,1489,43.5,98,28.25,37.35000000000002,0,None
machine_M,1492,43.0,100,28.350000000000023,37.450000000000045,0,None
machine_M,1217,60.6,103,28.25,37.35000000000002,0,None
machine_L,1636,28.7,106,28.350000000000023,37.35000000000002,0,None
machine_L,1436,49.7,108,28.25,37.25,0,None
machine_L,1689,30.6,110,28.25,37.25,0,None
machine_L,2289,16.4,112,28.350000000000023,37.35000000000002,0,None
machine_L,1522,41.0,114,28.350000000000023,37.450000000000045,0,None
machine_L,1351,52.9,116,28.350000000000023,37.35000000000002,0,None
machine_L,1589,36.7,118,28.350000000000023,37.35000000000002,0,None
machine_L,1578,34.1,120,28.350000000000023,37.450000000000045,0,None
machine_L,1587,33.7,122,28.350000000000023,37.450000000000045,0,None
machine_L,1962,20.2,124,28.350000000000023,37.450000000000045,0,None
machine_M,2432,14.2,126,28.350000000000023,37.450000000000045,0,None
machine_L,1418,43.9,129,28.450000000000045,37.450000000000045,0,None
machine_L,1683,29.7,131,28.450000000000045,37.55000000000001,0,None
machine_L,1385,50.7,133,28.55000000000001,37.650000000000034,0,None
machine_L,1559,44.5,135,28.55000000000001,37.650000000000034,0,None
machine_M,1671,31.6,137,28.55000000000001,37.650000000000034,0,None
machine_M,1343,49.5,140,28.450000000000045,37.650000000000034,0,None
machine_M,1548,34.2,143,28.450000000000045,37.650000000000034,0,None
machine_L,1705,31.2,146,28.55000000000001,37.75,0,None
machine_L,1535,35.4,148,28.450000000000045,37.650000000000034,0,None
machine_L,1564,34.1,150,28.450000000000045,37.650000000000034,0,None
machine_M,1510,40.9,152,28.450000000000045,37.75,0,None
machine_L,1492,45.2,155,28.450000000000045,37.75,0,None
machine_M,1452,44.1,157,28.350000000000023,37.650000000000034,0,None
machine_H,1329,52.0,160,28.25,37.55000000000001,0,None
machine_L,1382,52.4,165,28.350000000000023,37.650000000000034,0,None
machine_M,1628,36.4,167,28.350000000000023,37.650000000000034,0,None
machine_L,1706,27.9,170,28.25,37.55000000000001,0,None
machine_L,1594,34.1,172,28.150000000000034,37.55000000000001,0,None
machine_L,1761,24.3,174,28.150000000000034,37.55000000000001,0,None
machine_L,1529,41.8,176,28.150000000000034,37.450000000000045,0,None
machine_M,1532,40.7,178,28.150000000000034,37.55000000000001,0,None
machine_L,1673,27.8,181,28.25,37.55000000000001,0,None
machine_L,1285,62.6,183,28.25,37.650000000000034,1,OSF
machine_L,1680,31.4,185,28.25,37.650000000000034,0,None
machine_L,1610,34.6,187,28.25,37.650000000000034,0,None
machine_L,1632,31.6,189,28.450000000000045,37.75,0,None
machine_L,1559,40.2,191,28.450000000000045,37.75,0,None
machine_L,1367,49.0,193,28.350000000000023,37.650000000000034,0,None
machine_L,1355,57.8,195,28.450000000000045,37.650000000000034,1,OSF
machine_H,1414,51.7,197,28.450000000000045,37.55000000000001,0,None
machine_L,1522,36.6,202,28.350000000000023,37.450000000000045,0,None
machine_L,1525,41.9,204,28.350000000000023,37.450000000000045,0,None
machine_L,1394,46.5,206,28.350000000000023,37.450000000000045,0,None
machine_L,1519,40.7,208,28.350000000000023,37.450000000000045,0,None
machine_L,1445,43.9,210,28.25,37.450000000000045,0,None
machine_L,1555,43.3,212,28.25,37.450000000000045,0,None
machine_L,1633,39.5,0,28.25,37.35000000000002,0,None
machine_M,1630,30.3,2,28.25,37.450000000000045,0,None
machine_M,1692,32.3,5,28.25,37.55000000000001,0,None
machine_H,1790,26.2,8,28.350000000000023,37.55000000000001,0,None
machine_L,1350,58.5,13,28.350000000000023,37.650000000000034,0,None
machine_L,2760,8.0,15,28.350000000000023,37.75,1,PWF
machine_L,1584,32.2,17,28.25,37.55000000000001,0,None
machine_L,1989,21.8,19,28.25,37.55000000000001,0,None
machine_L,1431,44.3,21,28.25,37.650000000000034,0,None
machine_L,1568,35.2,23,28.25,37.55000000000001,0,None
machine_L,1376,50.6,25,28.25,37.55000000000001,0,None
machine_M,1459,46.9,27,28.25,37.450000000000045,0,None
machine_M,1385,47.5,30,28.350000000000023,37.650000000000034,0,None
machine_H,1591,29.6,33,28.350000000000023,37.650000000000034,0,None
machine_L,1568,33.1,38,28.350000000000023,37.55000000000001,0,None
machine_M,1459,37.7,40,28.25,37.55000000000001,0,None
machine_L,1590,36.3,43,28.25,37.55000000000001,0,None
machine_L,1376,47.6,45,28.150000000000034,37.450000000000045,0,None
machine_L,1510,38.5,47,28.150000000000034,37.450000000000045,0,None
machine_H,1674,33.6,49,28.25,37.450000000000045,0,None
machine_L,1426,40.7,54,28.150000000000034,37.450000000000045,0,None
machine_L,1466,43.6,56,28.350000000000023,37.55000000000001,0,None
machine_H,1474,38.7,58,28.350000000000023,37.650000000000034,0,None
machine_M,1290,65.3,63,28.450000000000045,37.650000000000034,0,None
machine_M,1435,48.0,66,28.55000000000001,37.75,0,None
machine_M,1416,53.2,69,28.350000000000023,37.55000000000001,0,None
machine_H,1599,40.4,72,28.350000000000023,37.55000000000001,0,None
machine_L,1466,47.3,77,28.350000000000023,37.55000000000001,0,None
machine_L,1408,47.3,79,28.350000000000023,37.55000000000001,0,None
machine_L,1490,48.1,81,28.350000000000023,37.450000000000045,0,None
machine_L,1405,42.3,83,28.350000000000023,37.450000000000045,0,None
machine_L,1647,33.3,85,28.25,37.35000000000002,0,None
machine_M,1459,35.0,87,28.25,37.450000000000045,0,None
machine_L,1648,30.7,90,28.25,37.450000000000045,0,None
machine_L,1675,30.7,92,28.25,37.55000000000001,0,None
machine_L,1605,34.2,94,28.25,37.55000000000001,0,None
machine_H,1536,44.4,96,28.25,37.55000000000001,0,None
machine_M,1617,34.3,101,28.25,37.55000000000001,0,None
machine_L,1347,53.3,104,28.25,37.450000000000045,0,None
machine_L,1337,52.7,106,28.150000000000034,37.35000000000002,0,None
machine_L,1695,30.9,108,28.150000000000034,37.25,0,None
machine_M,1635,32.5,110,28.150000000000034,37.25,0,None
machine_L,1470,44.0,113,28.05000000000001,37.25,0,None
machine_L,1381,49.8,115,28.05000000000001,37.25,0,None
machine_M,1382,41.6,117,28.05000000000001,37.25,0,None
machine_M,1697,30.0,120,28.05000000000001,37.25,0,None
machine_L,1451,39.7,123,28.05000000000001,37.150000000000034,0,None
machine_L,1419,55.7,125,28.150000000000034,37.150000000000034,0,None
machine_L,1313,55.6,127,28.150000000000034,37.150000000000034,0,None
machine_L,1560,36.3,129,28.150000000000034,37.150000000000034,0,None
machine_L,1555,41.2,131,28.150000000000034,37.150000000000034,0,None
machine_L,1579,36.9,133,28.25,37.25,0,None
machine_L,1435,44.6,135,28.350000000000023,37.35000000000002,0,None
machine_L,1621,33.7,137,28.450000000000045,37.450000000000045,0,None
machine_H,1555,40.4,139,28.450000000000045,37.450000000000045,0,None
machine_L,1611,33.8,144,28.350000000000023,37.35000000000002,0,None
machine_L,1834,23.5,146,28.450000000000045,37.450000000000045,0,None
machine_M,1612,29.8,148,28.350000000000023,37.35000000000002,0,None
machine_L,1629,34.1,151,28.350000000000023,37.25,0,None
machine_L,1496,35.2,153,28.25,37.25,0,None
machine_L,1593,32.9,155,28.350000000000023,37.35000000000002,0,None
machine_M,1623,33.5,157,28.350000000000023,37.35000000000002,0,None
machine_L,1380,48.7,160,28.350000000000023,37.35000000000002,0,None
machine_L,1562,34.4,162,28.450000000000045,37.450000000000045,0,None
machine_L,1391,49.4,164,28.450000000000045,37.450000000000045,0,None
machine_H,1551,34.3,166,28.350000000000023,37.35000000000002,0,None
machine_H,1821,26.2,171,28.450000000000045,37.450000000000045,0,None
machine_L,1429,43.6,176,28.450000000000045,37.55000000000001,0,None
machine_M,2012,20.7,178,28.450000000000045,37.55000000000001,0,None
machine_M,1924,23.6,181,28.450000000000045,37.450000000000045,0,None
machine_M,1412,44.1,184,28.350000000000023,37.35000000000002,0,None
machine_L,1389,54.9,187,28.350000000000023,37.35000000000002,0,None
machine_L,1466,48.1,189,28.350000000000023,37.35000000000002,0,None
machine_L,2297,15.8,191,28.350000000000023,37.35000000000002,0,None
machine_L,1471,37.5,193,28.25,37.25,0,None
machine_L,1492,41.4,195,28.25,37.150000000000034,0,None
machine_L,1460,41.5,197,28.150000000000034,37.150000000000034,0,None
machine_L,1559,39.4,199,28.25,37.25,0,None
machine_M,1495,52.5,201,28.25,37.35000000000002,0,None
machine_L,1535,39.0,204,28.350000000000023,37.35000000000002,0,None
machine_L,1381,50.7,206,28.350000000000023,37.450000000000045,0,None
machine_M,1599,36.1,208,28.450000000000045,37.450000000000045,0,None
machine_H,1400,49.5,211,28.450000000000045,37.450000000000045,0,None
machine_L,1624,34.5,216,28.55000000000001,37.450000000000045,0,None
machine_L,1478,36.6,218,28.450000000000045,37.450000000000045,0,None
machine_L,1605,33.3,220,28.55000000000001,37.55000000000001,0,None
machine_L,1506,43.4,222,28.450000000000045,37.450000000000045,0,None
machine_L,1455,43.9,0,28.450000000000045,37.450000000000045,0,None
machine_H,1602,32.3,2,28.450000000000045,37.35000000000002,0,None
machine_L,1425,54.4,7,28.350000000000023,37.25,0,None
machine_L,1918,21.8,9,28.350000000000023,37.25,0,None
machine_H,1611,41.5,11,28.25,37.150000000000034,0,None
machine_H,1610,38.6,16,28.25,37.25,0,None
machine_M,2639,12.0,21,28.350000000000023,37.25,1,PWF
machine_L,1329,46.6,24,28.350000000000023,37.25,0,None
machine_L,1270,54.2,26,28.350000000000023,37.25,0,None
machine_L,1415,41.6,28,28.350000000000023,37.150000000000034,0,None
machine_H,1330,49.5,30,28.450000000000045,37.25,0,None
machine_H,1786,27.1,35,28.450000000000045,37.35000000000002,0,None
machine_L,1809,25.5,40,28.450000000000045,37.35000000000002,0,None
machine_L,1303,59.7,42,28.55000000000001,37.450000000000045,0,None
machine_M,1383,45.7,44,28.650000000000034,37.55000000000001,0,None
machine_L,1447,56.9,47,28.55000000000001,37.450000000000045,0,None
machine_L,1461,44.2,49,28.650000000000034,37.55000000000001,0,None
machine_L,2092,18.6,51,28.650000000000034,37.55000000000001,0,None
machine_M,1429,47.9,53,28.650000000000034,37.55000000000001,0,None
machine_L,1736,26.5,56,28.650000000000034,37.650000000000034,0,None
machine_L,1441,49.3,58,28.650000000000034,37.55000000000001,0,None
machine_L,1523,43.3,60,28.650000000000034,37.55000000000001,0,None
machine_M,1691,33.4,62,28.650000000000034,37.650000000000034,0,None
machine_M,1557,35.3,65,28.75,37.650000000000034,0,None
machine_L,1644,33.4,68,28.650000000000034,37.55000000000001,0,None
machine_L,1522,43.8,70,28.650000000000034,37.450000000000045,0,None
machine_L,1547,41.7,72,28.650000000000034,37.55000000000001,0,None
machine_L,1597,30.8,74,28.650000000000034,37.55000000000001,0,None
machine_M,1619,31.0,76,28.650000000000034,37.650000000000034,0,None
machine_L,1400,58.2,79,28.75,37.650000000000034,0,None
machine_L,1663,31.5,81,28.850000000000023,37.75,0,None
machine_L,1540,37.6,83,28.75,37.650000000000034,0,None
machine_H,1455,42.7,85,28.75,37.650000000000034,0,None
machine_L,1519,39.0,90,28.75,37.650000000000034,0,None
machine_L,1427,47.7,92,28.75,37.650000000000034,0,None
machine_L,1650,29.8,94,28.75,37.650000000000034,0,None
machine_M,1508,38.8,96,28.650000000000034,37.650000000000034,0,None
machine_L,1379,54.8,99,28.75,37.75,0,None
machine_L,1542,36.7,101,28.75,37.75,0,None
machine_M,1763,28.4,103,28.75,37.75,0,None
machine_H,1590,34.3,106,28.75,37.75,0,None
machine_H,1336,63.6,111,28.75,37.85000000000002,0,None
machine_M,1638,35.4,116,28.75,37.85000000000002,0,None
machine_L,1356,45.7,119,28.75,37.85000000000002,0,None
machine_M,1384,47.4,121,28.75,37.85000000000002,0,None
machine_L,1309,48.0,124,28.75,37.75,0,None
machine_L,1642,33.1,126,28.75,37.85000000000002,0,None
machine_L,1289,54.9,128,28.75,37.85000000000002,0,None
machine_L,1353,43.8,130,28.75,37.85000000000002,0,None
machine_H,1871,26.0,132,28.75,37.85000000000002,0,None
machine_H,1291,63.6,137,28.75,37.85000000000002,0,None
machine_M,1346,44.6,142,28.650000000000034,37.75,0,None
machine_L,1493,47.6,145,28.55000000000001,37.650000000000034,0,None
machine_M,1524,41.3,147,28.55000000000001,37.650000000000034,0,None
machine_L,1726,26.7,150,28.450000000000045,37.650000000000034,0,None
machine_H,1435,47.2,152,28.450000000000045,37.650000000000034,0,None
machine_M,1502,34.4,157,28.55000000000001,37.650000000000034,0,None
machine_L,1608,33.0,160,28.55000000000001,37.75,0,None
machine_L,1771,27.2,162,28.650000000000034,37.85000000000002,0,None
machine_L,1474,42.6,164,28.55000000000001,37.85000000000002,0,None
machine_L,1322,53.0,166,28.650000000000034,37.85000000000002,0,None
machine_M,1393,49.5,168,28.650000000000034,37.85000000000002,0,None
machine_M,1417,52.5,171,28.75,37.950000000000045,0,None
machine_H,1430,49.8,174,28.75,37.85000000000002,0,None
machine_M,1605,40.0,179,28.75,37.950000000000045,0,None
machine_L,1402,47.8,182,28.850000000000023,37.950000000000045,0,None
machine_L,1550,35.2,184,28.850000000000023,37.85000000000002,0,None
machine_L,1376,44.9,186,28.75,37.85000000000002,0,None
machine_M,1569,32.5,188,28.75,37.75,0,None
machine_L,1669,32.2,191,28.75,37.85000000000002,0,None
machine_L,1541,38.9,193,28.75,37.85000000000002,0,None
machine_L,1651,32.5,195,28.650000000000034,37.85000000000002,0,None
machine_L,1521,39.3,197,28.650000000000034,37.75,0,None
machine_M,1365,48.2,199,28.650000000000034,37.650000000000034,0,None
machine_L,1609,31.7,202,28.650000000000034,37.75,0,None
machine_H,1470,37.6,204,28.650000000000034,37.650000000000034,0,None
machine_M,1573,38.9,209,28.75,37.75,0,None
machine_L,1378,53.1,212,28.850000000000023,37.75,1,OSF
machine_L,1567,39.0,214,28.75,37.75,1,TWF
machine_M,1441,43.7,0,28.75,37.75,0,None
machine_M,1641,33.2,3,28.75,37.75,0,None
machine_L,1486,40.3,6,28.75,37.75,0,None
machine_L,1563,36.2,8,28.850000000000023,37.85000000000002,0,None
machine_M,1769,26.0,10,28.850000000000023,37.950000000000045,0,None
machine_H,1672,29.9,13,28.75,37.85000000000002,0,None
machine_L,1632,34.2,18,28.850000000000023,37.85000000000002,0,None
machine_M,1980,21.5,20,28.850000000000023,37.85000000000002,0,None
machine_L,1635,36.0,23,28.850000000000023,37.950000000000045,0,None
machine_L,1686,32.5,25,28.850000000000023,37.85000000000002,0,None
machine_L,1574,31.4,27,28.75,37.75,0,None
machine_L,1546,43.4,29,28.650000000000034,37.650000000000034,0,None
machine_L,1899,24.7,31,28.650000000000034,37.75,0,None
machine_L,1449,36.5,33,28.650000000000034,37.75,0,None
machine_M,1483,37.0,35,28.75,37.75,0,None
machine_L,1576,38.6,38,28.650000000000034,37.650000000000034,0,None
machine_M,1317,51.9,40,28.75,37.75,0,None
machine_M,1467,48.1,43,28.75,37.85000000000002,0,None
machine_L,1616,34.5,46,28.75,37.75,0,None
machine_M,1299,60.4,48,28.650000000000034,37.75,0,None
machine_M,1432,41.5,51,28.75,37.85000000000002,0,None
machine_L,1799,24.2,54,28.75,37.75,0,None
machine_M,1358,52.3,56,28.650000000000034,37.75,0,None
machine_M,1618,37.8,59,28.650000000000034,37.650000000000034,0,None
machine_L,1525,43.2,62,28.75,37.650000000000034,0,None
machine_L,1551,37.7,64,28.650000000000034,37.55000000000001,0,None
machine_L,1735,31.5,66,28.75,37.650000000000034,0,None
machine_M,1309,43.3,68,28.650000000000034,37.55000000000001,0,None
machine_L,1743,26.2,71,28.55000000000001,37.450000000000045,0,None
machine_M,1659,29.9,73,28.55000000000001,37.55000000000001,0,None
machine_L,1680,32.4,76,28.650000000000034,37.55000000000001,0,None
machine_L,1486,38.5,78,28.55000000000001,37.450000000000045,0,None
machine_L,1471,43.8,80,28.55000000000001,37.450000000000045,0,None
machine_M,1465,35.8,82,28.650000000000034,37.55000000000001,0,None
machine_M,1492,42.2,85,28.55000000000001,37.450000000000045,0,None
machine_M,1420,52.0,88,28.650000000000034,37.55000000000001,0,None
machine_L,1295,62.3,91,28.650000000000034,37.450000000000045,0,None
machine_L,1548,34.1,93,28.650000000000034,37.35000000000002,0,None
machine_L,1372,54.7,95,28.650000000000034,37.450000000000045,0,None
machine_M,1552,35.9,97,28.650000000000034,37.450000000000045,0,None
machine_H,1441,46.3,100,28.650000000000034,37.450000000000045,0,None
machine_M,1691,27.7,105,28.55000000000001,37.450000000000045,0,None
machine_L,1451,50.7,108,28.650000000000034,37.450000000000045,0,None
machine_L,1452,48.4,110,28.650000000000034,37.450000000000045,0,None
machine_L,1406,46.0,112,28.55000000000001,37.450000000000045,0,None
machine_L,1567,39.1,114,28.55000000000001,37.35000000000002,0,None
machine_L,1599,41.7,116,28.450000000000045,37.25,0,None
machine_M,1455,39.0,118,28.450000000000045,37.25,0,None
machine_M,1625,35.9,121,28.55000000000001,37.35000000000002,0,None
machine_L,2672,11.8,124,28.650000000000034,37.450000000000045,1,PWF
machine_L,1650,31.9,126,28.650000000000034,37.450000000000045,0,None
machine_M,1459,40.2,128,28.650000000000034,37.450000000000045,0,None
machine_L,1395,50.5,131,28.650000000000034,37.450000000000045,0,None
machine_L,1751,29.3,133,28.650000000000034,37.55000000000001,0,None
machine_L,1192,68.9,135,28.650000000000034,37.450000000000045,0,None
machine_L,1947,25.0,137,28.75,37.55000000000001,0,None
machine_L,1593,34.9,139,28.650000000000034,37.35000000000002,0,None
machine_H,1478,38.6,141,28.650000000000034,37.35000000000002,0,None
machine_M,1505,44.5,146,28.55000000000001,37.450000000000045,0,None
machine_L,2465,13.7,149,28.55000000000001,37.35000000000002,0,None
machine_L,1403,46.8,151,28.650000000000034,37.450000000000045,0,None
machine_M,1458,41.4,153,28.55000000000001,37.35000000000002,0,None
machine_H,1369,45.4,156,28.450000000000045,37.25,0,None
machine_M,1377,44.9,161,28.450000000000045,37.25,0,None
machine_M,1452,45.7,164,28.450000000000045,37.25,0,None
machine_L,1517,41.1,167,28.450000000000045,37.25,0,None
machine_L,1354,50.0,169,28.55000000000001,37.35000000000002,0,None
machine_M,1724,33.0,171,28.55000000000001,37.35000000000002,0,None
machine_L,1399,53.2,174,28.55000000000001,37.35000000000002,0,None
machine_H,1388,50.5,176,28.55000000000001,37.35000000000002,0,None
machine_L,1523,34.7,181,28.55000000000001,37.35000000000002,0,None
machine_L,1377,43.1,183,28.55000000000001,37.35000000000002,0,None
machine_M,1417,45.2,185,28.55000000000001,37.450000000000045,0,None
machine_L,1542,40.0,188,28.55000000000001,37.55000000000001,0,None
machine_L,1557,33.3,190,28.650000000000034,37.650000000000034,0,None
machine_L,1641,31.9,192,28.55000000000001,37.55000000000001,0,None
machine_L,1318,55.0,194,28.55000000000001,37.55000000000001,0,None
machine_L,1638,33.8,196,28.450000000000045,37.55000000000001,0,None
machine_M,1954,21.6,198,28.55000000000001,37.650000000000034,0,None
machine_M,1644,32.5,201,28.55000000000001,37.75,0,None
machine_M,1594,32.4,204,28.55000000000001,37.650000000000034,0,None
machine_L,1405,46.4,207,28.55000000000001,37.75,1,TWF
machine_L,1622,37.8,0,28.55000000000001,37.650000000000034,0,None
machine_L,1557,39.4,2,28.55000000000001,37.75,0,None
machine_L,1606,33.3,4,28.650000000000034,37.85000000000002,0,None
machine_M,1647,31.6,6,28.650000000000034,37.950000000000045,0,None
machine_M,1413,42.2,9,28.650000000000034,37.950000000000045,0,None
machine_L,1529,41.6,12,28.650000000000034,37.85000000000002,0,None
machine_L,1448,46.3,14,28.75,37.950000000000045,0,None
machine_L,1435,44.2,16,28.75,38.05000000000001,0,None
machine_H,1474,41.8,18,28.75,38.05000000000001,0,None
machine_L,1657,29.1,23,28.75,38.05000000000001,0,None
machine_L,1509,39.9,25,28.850000000000023,38.150000000000034,0,None
machine_M,1530,36.4,27,28.850000000000023,38.150000000000034,0,None
machine_M,1587,35.9,30,28.850000000000023,38.25,0,None
machine_M,1467,43.4,33,28.950000000000045,38.25,0,None
machine_M,1360,53.0,36,29.05000000000001,38.35000000000002,0,None
machine_L,1588,30.6,39,29.05000000000001,38.35000000000002,0,None
machine_L,1609,32.1,41,29.05000000000001,38.25,0,None
machine_L,1415,44.1,43,28.950000000000045,38.150000000000034,0,None
machine_L,1845,27.3,45,28.850000000000023,38.05000000000001,0,None
machine_M,1419,36.2,47,28.950000000000045,38.25,0,None
machine_L,1634,30.6,50,28.950000000000045,38.150000000000034,0,None
machine_M,1521,40.6,52,29.05000000000001,38.150000000000034,0,None
machine_L,1499,37.7,55,29.05000000000001,38.25,0,None
machine_M,1616,35.1,57,28.950000000000045,38.05000000000001,0,None
machine_L,1449,46.5,60,29.05000000000001,38.25,0,None
machine_M,1626,31.6,62,29.05000000000001,38.25,0,None
machine_M,1445,44.8,65,29.150000000000034,38.35000000000002,0,None
machine_L,1622,35.0,68,29.25,38.450000000000045,0,None
machine_H,1544,39.1,70,29.25,38.450000000000045,0,None
machine_L,1488,41.8,75,29.150000000000034,38.450000000000045,0,None
machine_L,1309,57.6,77,29.150000000000034,38.450000000000045,0,None
machine_L,1784,26.4,79,29.150000000000034,38.450000000000045,0,None
machine_L,1548,32.4,81,29.05000000000001,38.35000000000002,0,None
machine_L,1413,43.5,83,29.05000000000001,38.35000000000002,0,None
machine_M,1863,25.7,85,29.05000000000001,38.35000000000002,0,None
machine_L,1427,43.8,88,29.05000000000001,38.35000000000002,0,None
machine_M,1443,47.0,90,29.05000000000001,38.35000000000002,0,None
machine_L,1481,40.4,93,29.05000000000001,38.35000000000002,0,None
machine_L,1446,39.7,95,28.950000000000045,38.25,0,None
machine_L,1444,44.9,97,28.950000000000045,38.35000000000002,0,None
machine_M,1341,50.8,99,28.950000000000045,38.35000000000002,0,None
machine_L,1518,37.4,102,28.950000000000045,38.25,0,None
machine_L,1603,35.9,104,28.950000000000045,38.25,0,None
machine_L,1686,30.9,106,28.950000000000045,38.25,0,None
machine_M,1383,53.6,108,28.950000000000045,38.35000000000002,0,None
machine_L,1477,45.4,111,28.950000000000045,38.35000000000002,0,None
machine_M,1449,44.5,113,29.05000000000001,38.35000000000002,0,None
machine_M,1734,25.0,116,29.05000000000001,38.35000000000002,0,None
machine_L,1398,49.1,119,29.150000000000034,38.450000000000045,0,None
machine_M,1639,36.6,121,29.150000000000034,38.55000000000001,0,None
machine_M,1517,37.6,124,29.150000000000034,38.55000000000001,0,None
machine_M,1442,41.7,127,29.150000000000034,38.55000000000001,0,None
machine_M,1685,30.8,130,29.150000000000034,38.55000000000001,0,None
machine_M,1358,50.6,133,29.25,38.650000000000034,0,None
machine_M,1608,39.9,136,29.150000000000034,38.450000000000045,0,None
machine_L,1665,34.3,139,29.150000000000034,38.450000000000045,0,None
machine_L,1510,38.7,141,29.150000000000034,38.55000000000001,0,None
machine_L,1465,40.2,143,29.25,38.650000000000034,0,None
machine_L,1701,27.5,145,29.150000000000034,38.55000000000001,0,None
machine_M,1486,39.6,147,29.150000000000034,38.55000000000001,0,None
machine_L,1658,32.3,150,29.150000000000034,38.450000000000045,0,None
machine_H,1449,44.5,152,29.150000000000034,38.55000000000001,0,None
machine_L,1346,52.4,157,29.05000000000001,38.35000000000002,0,None
machine_M,1866,23.1,159,28.950000000000045,38.35000000000002,0,None
machine_M,1562,38.0,162,29.05000000000001,38.35000000000002,0,None
machine_M,1368,53.6,165,29.150000000000034,38.55000000000001,0,None
machine_L,1567,33.1,168,29.05000000000001,38.35000000000002,0,None
machine_L,1725,34.0,170,29.05000000000001,38.35000000000002,0,None
machine_L,1744,31.2,172,29.05000000000001,38.35000000000002,0,None
machine_M,1453,45.1,174,28.950000000000045,38.150000000000034,0,None
machine_L,1550,34.8,177,28.950000000000045,38.05000000000001,0,None
machine_M,1558,39.1,179,28.850000000000023,38.05000000000001,0,None
machine_L,1270,65.3,182,28.850000000000023,38.05000000000001,1,OSF
machine_M,1380,51.6,184,28.75,37.950000000000045,0,None
machine_L,1406,50.5,187,28.850000000000023,37.950000000000045,0,None
machine_M,1625,30.7,189,28.850000000000023,38.05000000000001,0,None
machine_L,1420,45.8,192,28.850000000000023,38.05000000000001,0,None
machine_L,1889,22.7,194,28.950000000000045,38.25,0,None
machine_L,1477,43.6,196,28.950000000000045,38.150000000000034,0,None
machine_L,1460,46.9,198,28.950000000000045,38.05000000000001,0,None
machine_L,1758,24.4,200,28.950000000000045,38.150000000000034,0,None
machine_L,1521,31.5,202,28.950000000000045,38.150000000000034,0,None
machine_M,1511,45.0,204,28.950000000000045,38.150000000000034,0,None
machine_L,1530,37.3,207,29.05000000000001,38.150000000000034,1,TWF
machine_L,1454,46.8,0,28.950000000000045,38.05000000000001,0,None
machine_L,1928,23.1,2,29.05000000000001,38.05000000000001,0,None
machine_H,1758,26.4,4,29.05000000000001,38.150000000000034,0,None
machine_L,1649,33.2,9,29.05000000000001,38.05000000000001,0,None
machine_L,1447,50.3,11,28.950000000000045,38.05000000000001,0,None
machine_L,1417,48.0,13,28.950000000000045,38.05000000000001,0,None
machine_L,1434,44.9,15,28.850000000000023,38.05000000000001,0,None
machine_M,1418,49.5,17,28.850000000000023,38.05000000000001,0,None
machine_M,1400,49.5,20,28.850000000000023,38.05000000000001,0,None
machine_M,1725,27.7,23,28.850000000000023,38.150000000000034,0,None
machine_L,1567,41.1,26,28.850000000000023,38.150000000000034,0,None
machine_M,1497,38.4,28,28.950000000000045,38.150000000000034,0,None
machine_L,1549,44.6,31,28.950000000000045,38.25,0,None
machine_L,1754,26.9,33,29.05000000000001,38.25,0,None
machine_L,1489,38.3,35,29.05000000000001,38.35000000000002,0,None
machine_L,1543,38.5,37,29.05000000000001,38.35000000000002,0,None
machine_L,1543,33.1,39,29.150000000000034,38.35000000000002,0,None
machine_L,1565,35.6,41,29.150000000000034,38.35000000000002,0,None
machine_M,1855,23.9,43,29.150000000000034,38.25,0,None
machine_M,1475,45.2,46,29.25,38.25,0,None
machine_L,1609,32.3,49,29.150000000000034,38.25,0,None
machine_H,1443,44.1,51,29.150000000000034,38.25,0,None
machine_L,1450,44.1,56,29.25,38.25,0,None
machine_L,1590,39.9,58,29.25,38.35000000000002,0,None
machine_M,1508,41.2,60,29.25,38.25,0,None
machine_M,1544,43.6,63,29.05000000000001,38.05000000000001,0,None
machine_L,1451,41.8,66,29.05000000000001,38.05000000000001,0,None
machine_L,1758,24.4,68,29.150000000000034,38.05000000000001,0,None
machine_M,1507,47.7,70,29.150000000000034,38.05000000000001,0,None
machine_H,1543,37.5,73,29.150000000000034,37.950000000000045,0,None
machine_M,1505,36.7,78,29.150000000000034,38.05000000000001,0,None
machine_L,1786,24.3,81,29.150000000000034,38.05000000000001,0,None
machine_L,1457,44.5,83,29.150000000000034,38.150000000000034,0,None
machine_M,1312,61.5,85,29.25,38.150000000000034,0,None
machine_M,1405,47.7,88,29.150000000000034,38.05000000000001,0,None
machine_M,1377,43.0,91,29.05000000000001,38.05000000000001,0,None
machine_M,1347,49.8,94,29.05000000000001,38.05000000000001,0,None
machine_L,1470,39.6,97,29.05000000000001,37.950000000000045,0,None
machine_M,1873,24.0,99,29.05000000000001,38.05000000000001,0,None
machine_M,1434,58.6,102,29.05000000000001,37.950000000000045,0,None
machine_H,1628,30.6,105,29.05000000000001,37.950000000000045,0,None
machine_L,1351,48.6,110,29.05000000000001,37.950000000000045,0,None
machine_M,1454,43.8,112,29.150000000000034,38.05000000000001,0,None
machine_M,1663,29.6,115,29.05000000000001,38.05000000000001,0,None
machine_L,1401,49.7,118,29.150000000000034,38.05000000000001,0,None
machine_L,1503,38.2,120,29.25,38.150000000000034,0,None
machine_L,1564,35.0,122,29.25,38.25,0,None
machine_L,1759,24.6,124,29.350000000000023,38.25,0,None
machine_L,1409,53.1,126,29.350000000000023,38.25,0,None
machine_L,1738,25.8,128,29.450000000000045,38.25,0,None
machine_H,1393,47.5,130,29.350000000000023,38.150000000000034,0,None
machine_L,1499,38.8,135,29.350000000000023,37.950000000000045,0,None
machine_L,1493,39.0,137,29.350000000000023,37.950000000000045,0,None
machine_L,1652,33.9,139,29.25,37.950000000000045,0,None
machine_L,1589,29.9,141,29.150000000000034,37.950000000000045,0,None
machine_L,1520,42.2,143,29.25,37.950000000000045,0,None
machine_H,1455,40.3,145,29.150000000000034,37.950000000000045,0,None
machine_L,1463,46.8,150,29.05000000000001,37.85000000000002,0,None
machine_L,1442,43.7,152,29.150000000000034,37.85000000000002,0,None
machine_L,1329,51.5,154,29.150000000000034,37.85000000000002,0,None
machine_L,1546,33.1,156,29.150000000000034,37.950000000000045,0,None
machine_M,1516,33.7,158,29.05000000000001,37.950000000000045,0,None
machine_M,1476,47.4,161,29.05000000000001,37.85000000000002,0,None
machine_L,1412,47.0,164,29.150000000000034,37.85000000000002,0,None
machine_L,1377,46.8,166,29.150000000000034,37.75,1,HDF
machine_M,1490,37.1,168,29.25,37.85000000000002,0,None
machine_M,1526,37.7,171,29.150000000000034,37.85000000000002,0,None
machine_L,1428,47.9,174,29.150000000000034,37.85000000000002,0,None
machine_L,1329,54.6,176,29.25,37.85000000000002,0,None
machine_M,1443,51.8,178,29.25,37.950000000000045,0,None
machine_L,1373,53.0,181,29.150000000000034,37.950000000000045,0,None
machine_L,1630,35.6,183,29.150000000000034,37.950000000000045,0,None
machine_L,1555,34.2,185,29.05000000000001,37.85000000000002,0,None
machine_M,1436,47.0,187,29.05000000000001,37.85000000000002,0,None
machine_L,1609,31.0,190,29.150000000000034,37.85000000000002,0,None
machine_M,1384,49.7,192,29.150000000000034,37.85000000000002,0,None
machine_L,1448,44.8,195,29.25,37.950000000000045,0,None
machine_M,1887,22.4,197,29.25,37.950000000000045,0,None
machine_M,1480,45.7,200,29.25,37.950000000000045,0,None
machine_H,1850,23.3,203,29.350000000000023,37.950000000000045,0,None
machine_L,1538,36.8,208,29.350000000000023,37.950000000000045,0,None
machine_M,1721,30.1,210,29.25,37.950000000000045,0,None
machine_M,1366,54.4,0,29.25,37.950000000000045,0,None
machine_L,1657,31.1,3,29.150000000000034,37.85000000000002,0,None
machine_L,1446,42.9,5,29.25,37.950000000000045,0,None
machine_L,1465,43.8,7,29.150000000000034,37.650000000000034,0,None
machine_L,1827,23.8,9,29.05000000000001,37.650000000000034,0,None
machine_H,1397,47.6,11,29.05000000000001,37.650000000000034,0,None
machine_L,1744,29.7,16,29.05000000000001,37.650000000000034,0,None
machine_L,1545,36.7,18,29.150000000000034,37.75,0,None
machine_L,1587,36.6,20,29.150000000000034,37.75,0,None
machine_L,1377,47.3,22,29.150000000000034,37.650000000000034,1,HDF
machine_L,1511,48.1,24,29.150000000000034,37.650000000000034,0,None
machine_L,1650,32.4,26,29.150000000000034,37.650000000000034,0,None
machine_L,1412,48.9,28,29.150000000000034,37.75,0,None
machine_L,1528,43.1,30,29.150000000000034,37.85000000000002,0,None
machine_L,1459,35.0,32,29.150000000000034,37.75,0,None
machine_L,1379,49.3,34,29.150000000000034,37.75,1,HDF
machine_M,1356,48.3,36,29.05000000000001,37.650000000000034,0,None
machine_M,1409,41.3,39,28.950000000000045,37.650000000000034,0,None
machine_M,1504,37.5,42,28.950000000000045,37.650000000000034,0,None
machine_L,1622,36.8,45,28.950000000000045,37.650000000000034,0,None
machine_L,1786,25.7,47,28.950000000000045,37.650000000000034,0,None
machine_L,1506,34.0,49,29.05000000000001,37.75,0,None
machine_M,1916,23.1,51,28.950000000000045,37.75,0,None
machine_M,1771,27.6,54,29.05000000000001,37.75,0,None
machine_M,1488,44.2,57,29.05000000000001,37.75,0,None
machine_L,1531,37.5,60,29.05000000000001,37.75,0,None
machine_L,1529,33.4,62,29.150000000000034,37.75,0,None
machine_M,1580,36.5,64,29.25,37.85000000000002,0,None
machine_M,1360,44.0,67,29.150000000000034,37.75,1,HDF
machine_M,1546,35.5,70,29.150000000000034,37.85000000000002,0,None
machine_M,1762,24.5,73,29.150000000000034,37.75,0,None
machine_L,1350,56.6,76,29.05000000000001,37.650000000000034,0,None
machine_M,1562,38.1,78,29.05000000000001,37.650000000000034,0,None
machine_M,1608,30.3,81,28.950000000000045,37.55000000000001,0,None
machine_L,1392,50.0,84,28.850000000000023,37.450000000000045,0,None
machine_L,1467,44.9,86,28.850000000000023,37.450000000000045,0,None
machine_M,1326,59.1,88,28.950000000000045,37.450000000000045,1,HDF
machine_L,1769,24.9,91,29.05000000000001,37.55000000000001,0,None
machine_L,1459,47.6,93,28.950000000000045,37.450000000000045,0,None
machine_M,1421,52.0,95,28.950000000000045,37.450000000000045,0,None
machine_L,1491,42.8,98,28.950000000000045,37.55000000000001,0,None
machine_L,1567,36.4,100,29.05000000000001,37.55000000000001,0,None
machine_L,1421,41.4,102,29.150000000000034,37.650000000000034,0,None
machine_L,1596,33.5,104,29.150000000000034,37.75,0,None
machine_M,1464,44.2,106,29.25,37.85000000000002,0,None
machine_M,1581,36.1,109,29.150000000000034,37.75,0,None
machine_L,1620,30.3,112,29.150000000000034,37.75,0,None
machine_H,1413,48.9,114,29.05000000000001,37.55000000000001,0,None
machine_H,1438,43.8,119,29.150000000000034,37.650000000000034,0,None
machine_M,1469,41.6,124,29.25,37.75,0,None
machine_M,1762,27.8,127,29.150000000000034,37.650000000000034,0,None
machine_H,1366,48.4,130,29.150000000000034,37.75,1,HDF
machine_L,1891,22.7,135,29.150000000000034,37.75,0,None
machine_M,1742,29.7,137,29.150000000000034,37.75,0,None
machine_M,1465,43.5,140,29.05000000000001,37.75,0,None
machine_M,1541,36.6,143,29.150000000000034,37.85000000000002,0,None
machine_M,1295,57.1,146,29.150000000000034,37.950000000000045,0,None
machine_M,1435,43.1,149,29.150000000000034,37.950000000000045,0,None
machine_L,1466,43.9,152,29.25,38.05000000000001,0,None
machine_L,1450,47.9,154,29.25,38.05000000000001,0,None
machine_L,1880,24.5,156,29.25,37.950000000000045,0,None
machine_M,1578,33.5,158,29.150000000000034,37.85000000000002,0,None
machine_L,1610,33.1,161,29.25,37.85000000000002,0,None
machine_L,1565,42.8,163,29.25,37.950000000000045,0,None
machine_L,1545,40.1,165,29.350000000000023,38.05000000000001,0,None
machine_L,1227,60.1,167,29.350000000000023,38.05000000000001,0,None
machine_L,1484,45.9,169,29.25,37.950000000000045,0,None
machine_L,1591,32.7,171,29.150000000000034,37.85000000000002,0,None
machine_L,1403,47.2,173,29.150000000000034,37.75,0,None
machine_M,1450,45.7,175,29.150000000000034,37.85000000000002,0,None
machine_L,1720,28.1,178,29.150000000000034,37.75,0,None
machine_L,1561,37.2,180,29.150000000000034,37.85000000000002,0,None
machine_M,1421,41.3,182,29.150000000000034,37.85000000000002,0,None
machine_H,1415,48.4,185,29.05000000000001,37.75,0,None
machine_L,2034,19.7,190,29.150000000000034,37.75,0,None
machine_L,1486,40.4,192,29.25,37.85000000000002,0,None
machine_L,1338,67.6,194,29.25,37.85000000000002,1,PWF
machine_H,1578,32.3,196,29.25,37.950000000000045,0,None
machine_M,1330,58.6,201,29.25,38.05000000000001,0,None
machine_H,1506,40.8,204,29.25,38.05000000000001,0,None
machine_L,1559,37.6,209,29.350000000000023,38.25,0,None
machine_L,1599,37.0,211,29.450000000000045,38.35000000000002,0,None
machine_L,1427,38.9,213,29.450000000000045,38.35000000000002,0,None
machine_M,1481,41.1,215,29.350000000000023,38.35000000000002,0,None
machine_H,1496,43.8,218,29.350000000000023,38.35000000000002,0,None
machine_L,1674,27.0,223,29.350000000000023,38.25,0,None
machine_M,1629,31.7,225,29.350000000000023,38.25,0,None
machine_H,1629,34.4,228,29.450000000000045,38.35000000000002,1,TWF
machine_L,1311,53.2,0,29.450000000000045,38.450000000000045,0,None
machine_M,2709,9.7,2,29.55000000000001,38.450000000000045,1,PWF
machine_M,1759,29.9,5,29.55000000000001,38.55000000000001,0,None
machine_L,1480,45.2,8,29.55000000000001,38.55000000000001,0,None
machine_L,1461,46.1,10,29.55000000000001,38.650000000000034,0,None
machine_M,1728,30.0,12,29.55000000000001,38.650000000000034,0,None
machine_L,1389,46.5,15,29.55000000000001,38.75,0,None
machine_L,1638,35.1,17,29.450000000000045,38.650000000000034,0,None
machine_L,1254,54.1,19,29.450000000000045,38.55000000000001,0,None
machine_L,1427,50.1,21,29.450000000000045,38.650000000000034,0,None
machine_L,1627,31.8,23,29.450000000000045,38.650000000000034,0,None
machine_H,1471,48.3,25,29.450000000000045,38.55000000000001,0,None
machine_L,1773,27.1,30,29.450000000000045,38.55000000000001,0,None
machine_M,1430,51.7,32,29.450000000000045,38.55000000000001,0,None
machine_L,1595,29.5,35,29.350000000000023,38.450000000000045,0,None
machine_L,1521,44.1,37,29.350000000000023,38.35000000000002,0,None
machine_L,1419,43.7,39,29.350000000000023,38.450000000000045,0,None
machine_M,1534,40.1,41,29.25,38.25,0,None
machine_H,1626,36.0,44,29.350000000000023,38.35000000000002,0,None
machine_L,1677,29.2,49,29.350000000000023,38.35000000000002,0,None
machine_L,1392,50.5,51,29.25,38.150000000000034,0,None
machine_L,1448,50.5,53,29.25,38.05000000000001,0,None
machine_L,1903,22.9,55,29.150000000000034,38.05000000000001,0,None
machine_L,1404,52.0,57,29.25,38.05000000000001,0,None
machine_L,1386,53.5,59,29.150000000000034,38.05000000000001,0,None
machine_L,1418,47.0,61,29.05000000000001,37.950000000000045,0,None
machine_M,1338,53.3,63,29.150000000000034,37.950000000000045,0,None
machine_L,1549,40.6,66,29.150000000000034,38.05000000000001,0,None
machine_M,1432,42.7,68,29.150000000000034,38.05000000000001,0,None
machine_M,1546,40.0,71,29.150000000000034,38.05000000000001,0,None
machine_M,1627,33.2,74,29.05000000000001,38.05000000000001,0,None
machine_M,1640,32.8,77,29.05000000000001,37.950000000000045,0,None
machine_M,1423,36.8,80,28.950000000000045,37.950000000000045,0,None
machine_M,1711,28.7,83,28.950000000000045,37.85000000000002,0,None
machine_M,1450,51.6,86,28.950000000000045,37.950000000000045,0,None
machine_H,1553,34.1,89,29.05000000000001,37.950000000000045,0,None
machine_L,1630,34.6,94,29.05000000000001,37.950000000000045,0,None
machine_H,1476,39.6,96,29.05000000000001,37.950000000000045,0,None
machine_H,1426,50.6,101,29.05000000000001,37.950000000000045,0,None
machine_M,1561,34.9,106,29.05000000000001,38.05000000000001,0,None
machine_L,1297,62.5,109,29.150000000000034,38.05000000000001,0,None
machine_M,1842,23.9,111,29.150000000000034,38.05000000000001,0,None
machine_L,1633,36.4,114,29.150000000000034,38.05000000000001,0,None
machine_H,1744,30.3,116,29.150000000000034,38.150000000000034,0,None
machine_L,1831,26.9,121,29.25,38.25,0,None
machine_M,1339,50.8,123,29.150000000000034,38.150000000000034,0,None
machine_L,1475,40.4,126,29.25,38.25,0,None
machine_M,1675,29.6,128,29.25,38.25,0,None
machine_L,1493,35.1,131,29.350000000000023,38.35000000000002,0,None
machine_L,1700,29.5,133,29.350000000000023,38.35000000000002,0,None
machine_L,1453,37.0,135,29.450000000000045,38.450000000000045,0,None
machine_L,1542,34.1,137,29.450000000000045,38.55000000000001,0,None
machine_M,1358,52.7,139,29.350000000000023,38.35000000000002,0,None
machine_H,1655,32.3,142,29.350000000000023,38.35000000000002,0,None
machine_L,1885,27.5,147,29.450000000000045,38.35000000000002,0,None
machine_L,1494,41.4,149,29.55000000000001,38.35000000000002,0,None
machine_M,1757,29.5,151,29.450000000000045,38.25,0,None
machine_M,1718,31.2,154,29.450000000000045,38.25,0,None
machine_M,1636,35.0,157,29.350000000000023,38.25,0,None
machine_L,1638,29.6,160,29.450000000000045,38.450000000000045,0,None
machine_L,1609,36.0,162,29.450000000000045,38.35000000000002,0,None
machine_H,1556,35.0,164,29.55000000000001,38.35000000000002,0,None
machine_L,1442,59.8,169,29.450000000000045,38.35000000000002,1,PWF
machine_M,1501,38.8,171,29.55000000000001,38.450000000000045,0,None
machine_M,2041,19.2,174,29.450000000000045,38.450000000000045,0,None
machine_M,1784,25.1,177,29.55000000000001,38.55000000000001,0,None
machine_L,1953,22.4,180,29.450000000000045,38.450000000000045,0,None
machine_L,1576,34.7,182,29.450000000000045,38.450000000000045,0,None
machine_M,1518,39.0,184,29.450000000000045,38.450000000000045,0,None
machine_M,1227,68.2,187,29.450000000000045,38.450000000000045,1,OSF
machine_L,1985,18.8,190,29.350000000000023,38.35000000000002,0,None
machine_L,1802,26.4,192,29.350000000000023,38.35000000000002,0,None
machine_L,1603,32.4,194,29.350000000000023,38.35000000000002,0,None
machine_L,1400,54.0,196,29.350000000000023,38.450000000000045,0,None
machine_L,1395,54.2,198,29.150000000000034,38.35000000000002,0,None
machine_L,1987,19.9,200,29.05000000000001,38.25,0,None
machine_M,1398,47.2,202,29.05000000000001,38.25,0,None
machine_L,1333,66.7,205,29.150000000000034,38.25,1,PWF
machine_L,1381,49.4,207,29.05000000000001,38.05000000000001,0,None
machine_L,1570,36.1,0,29.05000000000001,38.150000000000034,0,None
machine_M,1658,31.0,2,29.05000000000001,38.150000000000034,0,None
machine_H,1749,29.2,5,29.05000000000001,38.150000000000034,0,None
machine_M,1510,37.1,10,29.05000000000001,38.150000000000034,0,None
machine_L,1384,50.8,13,29.150000000000034,38.35000000000002,0,None
machine_L,1570,37.2,15,29.150000000000034,38.25,0,None
machine_M,1571,32.7,17,29.150000000000034,38.25,0,None
machine_L,1476,37.3,20,29.150000000000034,38.25,0,None
machine_M,1484,39.5,22,29.150000000000034,38.25,0,None
machine_M,1909,23.2,25,29.150000000000034,38.25,0,None
machine_L,1448,49.6,28,29.150000000000034,38.35000000000002,0,None
machine_M,1500,40.2,30,29.150000000000034,38.25,0,None
machine_L,1510,44.9,33,29.05000000000001,38.25,0,None
machine_L,1378,55.5,35,29.05000000000001,38.150000000000034,0,None
machine_M,1538,37.4,37,29.05000000000001,38.25,0,None
machine_L,1390,48.1,40,29.05000000000001,38.25,0,None
machine_M,1642,32.1,42,29.05000000000001,38.25,0,None
machine_L,1785,24.8,45,29.25,38.35000000000002,0,None
machine_H,1526,38.2,47,29.150000000000034,38.35000000000002,0,None
machine_M,1668,33.2,52,29.150000000000034,38.450000000000045,0,None
machine_L,1507,37.5,55,29.150000000000034,38.35000000000002,0,None
machine_L,1530,37.8,57,29.150000000000034,38.35000000000002,0,None
machine_M,1479,45.6,59,29.150000000000034,38.25,0,None
machine_M,1418,41.3,62,29.150000000000034,38.25,0,None
machine_L,1504,38.7,65,29.150000000000034,38.25,0,None
machine_M,1345,47.6,67,29.150000000000034,38.25,0,None
machine_H,1625,35.4,70,29.05000000000001,38.25,0,None
machine_L,1511,34.7,75,29.150000000000034,38.25,0,None
machine_L,1535,41.8,77,29.150000000000034,38.25,0,None
machine_L,1505,37.9,79,29.25,38.35000000000002,0,None
machine_H,1540,43.7,81,29.25,38.35000000000002,0,None
machine_H,1372,46.0,86,29.150000000000034,38.25,0,None
machine_M,1510,36.6,91,29.05000000000001,38.150000000000034,0,None
machine_L,1382,46.4,94,29.05000000000001,38.150000000000034,0,None
machine_L,1439,41.8,96,29.150000000000034,38.150000000000034,0,None
machine_M,1375,47.0,98,29.05000000000001,38.150000000000034,0,None
machine_M,1931,21.9,101,29.05000000000001,38.150000000000034,0,None
machine_L,1475,48.6,104,29.05000000000001,38.150000000000034,0,None
machine_L,1389,46.9,106,29.05000000000001,38.150000000000034,0,None
machine_L,1652,32.8,108,29.150000000000034,38.150000000000034,0,None
machine_L,1386,50.3,110,29.150000000000034,38.05000000000001,0,None
machine_M,1577,29.8,112,29.05000000000001,38.150000000000034,0,None
machine_M,1444,43.1,115,29.150000000000034,38.150000000000034,0,None
machine_L,1554,40.2,118,29.05000000000001,38.150000000000034,0,None
machine_L,1602,32.8,120,29.05000000000001,38.150000000000034,0,None
machine_H,1692,28.2,122,29.05000000000001,38.05000000000001,0,None
machine_L,1682,34.4,127,29.150000000000034,38.150000000000034,0,None
machine_L,1614,34.1,129,29.150000000000034,38.150000000000034,0,None
machine_L,1324,47.8,131,29.150000000000034,38.150000000000034,0,None
machine_L,1434,40.3,133,29.150000000000034,38.25,0,None
machine_L,1621,31.6,135,29.150000000000034,38.150000000000034,0,None
machine_M,1625,33.1,137,29.150000000000034,38.150000000000034,0,None
machine_L,1394,53.7,140,29.05000000000001,37.950000000000045,0,None
machine_L,1586,35.1,142,28.950000000000045,37.85000000000002,0,None
machine_L,1420,45.9,144,28.850000000000023,37.85000000000002,0,None
machine_L,1422,50.3,146,28.950000000000045,38.05000000000001,0,None
machine_H,1598,37.9,148,28.950000000000045,38.05000000000001,0,None
machine_L,1454,59.2,153,28.950000000000045,38.05000000000001,1,PWF
machine_L,1519,39.3,155,28.950000000000045,38.05000000000001,0,None
machine_L,1373,55.7,157,28.850000000000023,37.950000000000045,0,None
machine_M,1406,48.8,159,28.850000000000023,37.950000000000045,0,None
machine_L,1492,45.0,162,28.950000000000045,38.05000000000001,0,None
machine_L,1369,50.8,164,28.950000000000045,38.05000000000001,0,None
machine_M,1471,41.9,166,29.05000000000001,38.05000000000001,0,None
machine_L,1630,36.0,169,29.05000000000001,38.05000000000001,0,None
machine_M,1605,37.6,171,28.950000000000045,37.950000000000045,0,None
machine_L,1447,52.1,174,29.05000000000001,37.950000000000045,0,None
machine_M,1360,52.8,176,29.05000000000001,38.05000000000001,0,None
machine_M,1728,34.0,179,29.05000000000001,37.950000000000045,0,None
machine_L,1740,30.8,182,28.950000000000045,37.85000000000002,0,None
machine_L,1477,41.4,184,28.950000000000045,37.75,0,None
machine_L,1658,30.3,186,28.950000000000045,37.75,0,None
machine_L,1902,23.4,188,28.850000000000023,37.650000000000034,0,None
machine_M,1783,23.1,190,28.850000000000023,37.650000000000034,0,None
machine_M,1558,45.3,193,28.850000000000023,37.75,0,None
machine_L,1351,49.5,196,28.950000000000045,37.85000000000002,0,None
machine_H,1452,42.5,198,28.950000000000045,37.75,0,None
machine_L,1666,30.7,203,28.950000000000045,37.75,0,None
machine_L,1364,50.0,205,28.950000000000045,37.85000000000002,0,None
machine_M,1351,60.3,207,28.950000000000045,37.85000000000002,1,OSF
machine_H,1729,26.1,210,28.950000000000045,37.85000000000002,0,None
machine_M,1574,34.1,215,28.950000000000045,37.85000000000002,0,None
machine_L,1566,37.8,218,28.850000000000023,37.85000000000002,0,None
machine_L,1455,43.2,220,28.850000000000023,37.75,0,None
machine_H,1679,29.0,222,28.850000000000023,37.75,0,None
machine_L,2143,17.3,227,28.850000000000023,37.650000000000034,0,None
machine_L,1447,42.7,229,28.850000000000023,37.650000000000034,0,None
machine_L,1383,50.3,231,28.850000000000023,37.650000000000034,1,OSF
machine_L,1772,27.1,233,28.950000000000045,37.650000000000034,0,None
machine_L,1615,29.0,235,28.850000000000023,37.650000000000034,1,TWF
machine_L,1454,36.6,0,28.850000000000023,37.650000000000034,0,None
machine_L,1445,49.1,2,28.850000000000023,37.650000000000034,0,None
machine_M,1609,35.2,4,28.850000000000023,37.650000000000034,0,None
machine_L,1546,34.4,7,28.850000000000023,37.75,0,None
machine_L,1567,39.3,9,28.75,37.650000000000034,0,None
machine_L,1767,27.4,11,28.850000000000023,37.650000000000034,0,None
machine_L,1539,34.2,13,28.850000000000023,37.75,0,None
machine_L,1564,39.0,15,28.850000000000023,37.75,0,None
machine_M,1445,46.3,17,28.850000000000023,37.650000000000034,0,None
machine_M,1419,47.7,20,28.75,37.75,1,Unknown
machine_M,1881,20.9,23,28.650000000000034,37.75,0,None
machine_M,1421,46.2,26,28.75,37.75,0,None
machine_L,1455,46.0,29,28.75,37.85000000000002,0,None
machine_L,2691,12.1,31,28.75,37.85000000000002,1,PWF
machine_L,1505,41.2,33,28.650000000000034,37.650000000000034,0,None
machine_L,1456,46.6,35,28.650000000000034,37.650000000000034,0,None
machine_L,1383,46.4,37,28.650000000000034,37.650000000000034,0,None
machine_M,1563,39.2,39,28.75,37.650000000000034,0,None
machine_M,2305,16.1,42,28.75,37.75,0,None
machine_M,1456,43.6,45,28.75,37.75,0,None
machine_L,1865,22.7,48,28.850000000000023,37.85000000000002,0,None
machine_L,1597,36.9,50,28.75,37.75,0,None
machine_L,1495,38.6,52,28.850000000000023,37.75,0,None
machine_M,1456,47.2,54,28.850000000000023,37.75,0,None
machine_L,1465,44.3,57,28.75,37.650000000000034,0,None
machine_M,1352,55.5,59,28.850000000000023,37.75,0,None
machine_L,1906,21.7,62,28.75,37.650000000000034,0,None
machine_L,1446,44.0,64,28.850000000000023,37.75,0,None
machine_L,1948,19.7,66,28.850000000000023,37.650000000000034,0,None
machine_L,1480,47.1,68,28.75,37.55000000000001,0,None
machine_M,1511,37.6,70,28.75,37.55000000000001,0,None
machine_M,1472,47.0,73,28.75,37.55000000000001,0,None
machine_L,1429,51.0,76,28.75,37.55000000000001,0,None
machine_L,1405,48.8,78,28.75,37.55000000000001,0,None
machine_M,1405,47.9,80,28.75,37.55000000000001,0,None
machine_L,1348,58.1,83,28.850000000000023,37.55000000000001,0,None
machine_L,1331,68.6,85,28.75,37.450000000000045,1,PWF
machine_L,1610,33.4,87,28.75,37.450000000000045,0,None
machine_M,1412,46.5,89,28.75,37.450000000000045,0,None
machine_L,1453,42.7,92,28.850000000000023,37.55000000000001,0,None
machine_L,1583,38.9,94,28.850000000000023,37.450000000000045,0,None
machine_M,1539,37.4,96,28.850000000000023,37.450000000000045,0,None
machine_L,1635,39.8,99,28.850000000000023,37.35000000000002,0,None
machine_H,1294,62.4,101,28.950000000000045,37.55000000000001,1,HDF
machine_L,1978,22.0,106,28.850000000000023,37.35000000000002,0,None
machine_L,1357,58.0,108,28.850000000000023,37.25,1,HDF
machine_L,1336,58.2,110,28.850000000000023,37.25,1,HDF
machine_L,1568,39.2,112,28.850000000000023,37.25,0,None
machine_M,1567,36.4,114,28.850000000000023,37.25,0,None
machine_L,1611,35.6,117,28.850000000000023,37.25,0,None
machine_H,1841,23.6,119,28.850000000000023,37.35000000000002,0,None
machine_L,1567,36.1,124,28.850000000000023,37.35000000000002,0,None
machine_L,1376,54.9,126,28.75,37.25,1,HDF
machine_L,1477,42.4,128,28.75,37.35000000000002,0,None
machine_M,1590,40.3,130,28.75,37.35000000000002,0,None
machine_L,2197,15.8,133,28.850000000000023,37.35000000000002,0,None
machine_M,1595,32.9,135,28.850000000000023,37.25,0,None
machine_H,1812,24.4,138,28.850000000000023,37.35000000000002,0,None
machine_M,1573,32.1,143,28.850000000000023,37.35000000000002,0,None
machine_L,1651,30.9,146,28.850000000000023,37.35000000000002,0,None
machine_H,1459,43.2,148,28.850000000000023,37.35000000000002,0,None
machine_L,1370,51.7,153,28.75,37.25,1,HDF
machine_L,1518,34.1,155,28.75,37.25,0,None
machine_L,1648,29.6,157,28.850000000000023,37.150000000000034,0,None
machine_L,1464,47.2,159,28.850000000000023,37.25,0,None
machine_L,1895,23.2,161,28.850000000000023,37.25,0,None
machine_L,1884,23.4,163,28.75,37.25,0,None
machine_L,1450,46.6,165,28.850000000000023,37.25,0,None
machine_L,1448,43.4,167,28.850000000000023,37.25,0,None
machine_L,1389,49.6,169,28.950000000000045,37.35000000000002,0,None
machine_L,1583,35.2,171,28.850000000000023,37.450000000000045,0,None
machine_L,1425,51.1,173,28.75,37.35000000000002,0,None
machine_L,1809,27.1,175,28.850000000000023,37.35000000000002,0,None
machine_L,1892,21.8,177,28.75,37.35000000000002,0,None
machine_M,1475,47.8,179,28.75,37.450000000000045,0,None
machine_L,1361,46.7,182,28.850000000000023,37.450000000000045,0,None
machine_M,1563,41.0,184,28.850000000000023,37.450000000000045,0,None
machine_H,1472,39.7,187,28.75,37.35000000000002,0,None
machine_L,1325,55.3,192,28.850000000000023,37.450000000000045,0,None
machine_L,1358,53.1,194,28.850000000000023,37.450000000000045,0,None
machine_H,1346,54.7,196,28.850000000000023,37.450000000000045,0,None
machine_M,1381,58.4,201,28.850000000000023,37.35000000000002,0,None
machine_L,1340,55.7,204,28.75,37.35000000000002,1,OSF
machine_L,1366,47.7,206,28.850000000000023,37.450000000000045,0,None
machine_L,1325,45.1,208,28.950000000000045,37.55000000000001,1,HDF
machine_M,1376,46.3,210,28.950000000000045,37.55000000000001,1,HDF
machine_M,1364,47.8,213,28.950000000000045,37.55000000000001,1,HDF
machine_L,1462,43.6,0,29.05000000000001,37.450000000000045,0,None
machine_M,1517,38.9,2,28.950000000000045,37.450000000000045,0,None
machine_L,1385,53.6,5,28.950000000000045,37.450000000000045,0,None
machine_L,1439,40.0,7,28.950000000000045,37.450000000000045,0,None
machine_M,1623,34.3,9,28.850000000000023,37.450000000000045,0,None
machine_H,1438,43.2,12,28.850000000000023,37.450000000000045,0,None
machine_L,1708,24.8,17,28.75,37.25,0,None
machine_M,1666,32.7,19,28.650000000000034,37.150000000000034,0,None
machine_L,1286,62.8,22,28.75,37.25,1,HDF
machine_L,1485,46.3,24,28.75,37.150000000000034,0,None
machine_M,1409,52.5,26,28.650000000000034,37.150000000000034,0,None
machine_L,1765,27.3,29,28.650000000000034,37.150000000000034,0,None
machine_L,1688,28.8,31,28.650000000000034,37.150000000000034,0,None
machine_M,1787,26.7,33,28.55000000000001,37.150000000000034,0,None
machine_L,1487,48.0,36,28.55000000000001,36.950000000000045,0,None
machine_L,1384,50.5,38,28.55000000000001,36.950000000000045,0,None
machine_L,1311,57.4,40,28.55000000000001,37.05000000000001,1,HDF
machine_H,1620,30.8,42,28.55000000000001,37.05000000000001,0,None
machine_L,1331,61.2,47,28.55000000000001,37.05000000000001,1,HDF
machine_H,1462,38.3,49,28.55000000000001,36.950000000000045,0,None
machine_L,1424,50.2,54,28.55000000000001,36.950000000000045,0,None
machine_L,1500,39.6,56,28.55000000000001,36.950000000000045,0,None
machine_L,1738,28.0,58,28.650000000000034,36.950000000000045,0,None
machine_M,1465,46.5,60,28.650000000000034,37.150000000000034,0,None
machine_L,1482,41.4,63,28.650000000000034,37.150000000000034,0,None
machine_L,1398,44.0,65,28.75,37.150000000000034,0,None
machine_L,1972,21.3,67,28.75,37.150000000000034,0,None
machine_L,1603,37.6,69,28.75,37.25,0,None
machine_L,1610,34.8,71,28.75,37.25,0,None
machine_M,1373,48.0,73,28.75,37.25,1,HDF
machine_M,1425,44.7,76,28.850000000000023,37.35000000000002,0,None
machine_M,1212,55.6,79,28.850000000000023,37.25,1,HDF
machine_M,1828,26.3,82,28.850000000000023,37.25,0,None
machine_L,1370,44.4,85,28.850000000000023,37.35000000000002,1,HDF
machine_M,1823,25.1,87,28.850000000000023,37.35000000000002,0,None
machine_L,1263,60.6,90,28.850000000000023,37.35000000000002,1,HDF
machine_L,1889,21.5,92,28.75,37.25,0,None
machine_M,1639,32.9,94,28.850000000000023,37.35000000000002,0,None
machine_M,1608,33.1,97,28.850000000000023,37.25,0,None
machine_H,1653,32.4,100,28.75,37.150000000000034,0,None
machine_L,1591,29.8,105,28.850000000000023,37.25,0,None
machine_L,1696,30.9,107,28.950000000000045,37.35000000000002,0,None
machine_L,1346,47.5,109,29.05000000000001,37.450000000000045,1,HDF
machine_M,1507,40.4,111,29.05000000000001,37.35000000000002,0,None
machine_H,1525,48.7,114,29.150000000000034,37.450000000000045,0,None
machine_M,1559,33.9,119,29.150000000000034,37.55000000000001,0,None
machine_L,1632,30.5,122,29.05000000000001,37.450000000000045,0,None
machine_L,1559,36.0,124,28.950000000000045,37.35000000000002,0,None
machine_M,1355,51.5,126,29.05000000000001,37.450000000000045,1,HDF
machine_M,1832,23.7,129,29.05000000000001,37.35000000000002,0,None
machine_L,1386,50.0,132,29.05000000000001,37.450000000000045,0,None
machine_M,1346,49.2,134,29.05000000000001,37.450000000000045,1,HDF
machine_L,1499,37.8,137,29.150000000000034,37.55000000000001,0,None
machine_L,1612,33.4,139,29.150000000000034,37.55000000000001,0,None
machine_M,1544,39.7,141,29.150000000000034,37.55000000000001,0,None
machine_L,1477,39.2,144,29.350000000000023,37.75,0,None
machine_L,1624,34.4,146,29.350000000000023,37.75,0,None
machine_L,1349,46.1,148,29.25,37.75,1,HDF
machine_L,1686,28.8,150,29.25,37.650000000000034,0,None
machine_M,1521,40.4,152,29.25,37.55000000000001,0,None
machine_L,1362,54.8,155,29.25,37.55000000000001,1,HDF
machine_L,1402,50.9,157,29.150000000000034,37.55000000000001,0,None
machine_L,1334,53.2,159,29.05000000000001,37.450000000000045,1,HDF
machine_L,1348,48.4,161,29.05000000000001,37.450000000000045,1,HDF
machine_M,1570,34.6,163,29.05000000000001,37.450000000000045,0,None
machine_M,1601,33.0,166,29.05000000000001,37.55000000000001,0,None
machine_M,1611,31.8,169,29.150000000000034,37.650000000000034,0,None
machine_L,1560,31.8,172,29.25,37.75,0,None
machine_H,1444,40.7,174,29.25,37.75,0,None
machine_L,1317,59.4,179,29.25,37.85000000000002,0,None
machine_M,1463,43.1,181,29.350000000000023,37.85000000000002,0,None
machine_L,1634,34.2,184,29.25,37.950000000000045,0,None
machine_L,1423,46.2,186,29.25,37.85000000000002,0,None
machine_L,1548,38.4,188,29.350000000000023,37.85000000000002,0,None
machine_M,1563,35.6,190,29.350000000000023,37.85000000000002,0,None
machine_L,1573,36.5,193,29.25,37.85000000000002,0,None
machine_M,1432,44.5,195,29.25,37.950000000000045,0,None
machine_M,1638,32.0,198,29.350000000000023,37.950000000000045,0,None
machine_L,1571,34.2,201,29.350000000000023,37.950000000000045,0,None
machine_L,2211,15.4,203,29.25,37.85000000000002,0,None
machine_L,1555,40.6,205,29.25,37.85000000000002,0,None
machine_M,1558,31.9,207,29.150000000000034,37.75,0,None
machine_M,1523,43.2,210,29.150000000000034,37.75,0,None
machine_L,1723,26.3,213,29.150000000000034,37.650000000000034,0,None
machine_M,1721,28.4,215,29.150000000000034,37.650000000000034,0,None
machine_M,1710,30.4,218,29.150000000000034,37.75,1,TWF
machine_M,1627,32.3,0,29.150000000000034,37.75,0,None
machine_M,1422,47.0,3,29.05000000000001,37.650000000000034,0,None
machine_L,1565,35.3,6,28.950000000000045,37.650000000000034,0,None
machine_L,1314,52.8,8,28.950000000000045,37.55000000000001,1,HDF
machine_M,1392,60.5,10,28.850000000000023,37.450000000000045,0,None
machine_L,1465,40.7,13,28.950000000000045,37.55000000000001,0,None
machine_L,1573,36.6,15,28.75,37.450000000000045,0,None
machine_M,2157,17.8,17,28.850000000000023,37.55000000000001,0,None
machine_L,1370,50.3,20,28.75,37.55000000000001,0,None
machine_L,1462,38.8,22,28.75,37.450000000000045,0,None
machine_M,1479,40.5,24,28.850000000000023,37.450000000000045,0,None
machine_L,1717,26.8,27,28.75,37.55000000000001,0,None
machine_M,1260,65.9,29,28.75,37.450000000000045,0,None
machine_L,1467,39.3,32,28.75,37.450000000000045,0,None
machine_M,1535,38.6,34,28.850000000000023,37.450000000000045,0,None
machine_L,1657,31.9,37,28.850000000000023,37.55000000000001,0,None
machine_L,1698,28.1,39,28.850000000000023,37.55000000000001,0,None
machine_L,1359,49.3,41,28.950000000000045,37.55000000000001,1,HDF
machine_L,1596,37.1,43,28.950000000000045,37.650000000000034,0,None
machine_L,1383,46.9,45,29.05000000000001,37.650000000000034,0,None
machine_L,2203,16.6,47,29.05000000000001,37.650000000000034,0,None
machine_M,1408,46.8,49,29.05000000000001,37.650000000000034,0,None
machine_L,1673,32.9,52,29.05000000000001,37.650000000000034,0,None
machine_L,1340,47.8,54,29.05000000000001,37.650000000000034,0,None
machine_L,1452,42.3,56,29.05000000000001,37.75,0,None
machine_M,1302,53.4,58,29.05000000000001,37.75,0,None
machine_H,1522,35.9,61,29.05000000000001,37.75,0,None
machine_L,1438,41.4,66,29.05000000000001,37.650000000000034,0,None
machine_L,1604,40.5,68,29.05000000000001,37.75,0,None
machine_L,1832,23.2,70,29.05000000000001,37.85000000000002,0,None
machine_M,1521,34.8,72,29.150000000000034,37.85000000000002,0,None
machine_L,1446,37.6,75,29.150000000000034,37.85000000000002,0,None
machine_L,1905,20.9,77,29.25,37.950000000000045,0,None
machine_L,1475,47.9,79,29.25,37.85000000000002,0,None
machine_L,1462,48.5,81,29.25,37.85000000000002,0,None
machine_M,1435,42.3,83,29.25,37.75,0,None
machine_L,1469,39.6,86,29.25,37.75,0,None
machine_M,1520,43.0,88,29.450000000000045,37.950000000000045,0,None
machine_L,1537,35.5,91,29.450000000000045,37.85000000000002,0,None
machine_L,1369,60.0,93,29.450000000000045,37.85000000000002,1,HDF
machine_L,1506,37.2,95,29.450000000000045,37.85000000000002,0,None
machine_L,1330,56.9,97,29.350000000000023,37.75,1,HDF
machine_L,1660,38.0,99,29.450000000000045,37.85000000000002,0,None
machine_H,1356,55.5,101,29.350000000000023,37.75,1,HDF
machine_H,1438,51.0,106,29.450000000000045,37.85000000000002,0,None
machine_M,1329,48.6,111,29.450000000000045,37.85000000000002,1,HDF
machine_L,1284,68.0,114,29.450000000000045,37.85000000000002,1,HDF
machine_M,1387,52.1,116,29.350000000000023,37.85000000000002,0,None
machine_M,1591,33.9,119,29.450000000000045,37.85000000000002,0,None
machine_M,1589,39.0,122,29.450000000000045,37.85000000000002,0,None
machine_M,1297,60.7,125,29.55000000000001,37.950000000000045,1,HDF
machine_L,1545,35.1,128,29.55000000000001,38.05000000000001,0,None
machine_H,1418,43.4,130,29.55000000000001,37.950000000000045,0,None
machine_L,1730,28.1,135,29.55000000000001,37.950000000000045,0,None
machine_L,2001,20.7,137,29.450000000000045,37.85000000000002,0,None
machine_L,1620,36.2,139,29.450000000000045,37.85000000000002,0,None
machine_M,1542,39.7,141,29.450000000000045,37.85000000000002,0,None
machine_L,1424,38.0,144,29.450000000000045,37.85000000000002,0,None
machine_L,1440,39.5,146,29.55000000000001,37.950000000000045,0,None
machine_L,1520,42.8,148,29.450000000000045,37.85000000000002,0,None
machine_L,1694,29.8,150,29.55000000000001,37.85000000000002,0,None
machine_L,1610,39.2,152,29.450000000000045,37.85000000000002,0,None
machine_L,1331,52.0,154,29.450000000000045,37.75,1,HDF
machine_L,1470,41.2,156,29.450000000000045,37.650000000000034,0,None
machine_L,1577,36.9,158,29.350000000000023,37.650000000000034,0,None
machine_L,1486,36.4,160,29.450000000000045,37.650000000000034,0,None
machine_L,1445,40.3,162,29.25,37.450000000000045,0,None
machine_M,1500,36.7,164,29.25,37.35000000000002,0,None
machine_M,1456,47.5,167,29.05000000000001,37.25,0,None
machine_L,1743,28.1,170,29.05000000000001,37.25,0,None
machine_L,1409,50.4,172,28.850000000000023,36.950000000000045,0,None
machine_L,1361,45.4,174,28.850000000000023,36.950000000000045,1,HDF
machine_L,1753,28.9,176,28.950000000000045,36.950000000000045,0,None
machine_L,1832,22.9,178,28.850000000000023,36.85000000000002,0,None
machine_L,1374,48.5,180,28.75,36.75,1,HDF
machine_M,1334,61.0,182,28.650000000000034,36.75,1,HDF
machine_L,1493,40.3,185,28.650000000000034,36.85000000000002,0,None
machine_L,1317,49.0,187,28.55000000000001,36.75,1,HDF
machine_M,1434,47.9,189,28.55000000000001,36.75,0,None
machine_M,1457,39.2,192,28.55000000000001,36.75,0,None
machine_M,1391,50.6,195,28.55000000000001,36.85000000000002,0,None
machine_M,1781,23.9,198,28.650000000000034,36.85000000000002,0,None
machine_L,1642,32.6,201,28.650000000000034,36.85000000000002,0,None
machine_L,2032,19.0,203,28.650000000000034,36.85000000000002,0,None
machine_M,2372,13.9,205,28.650000000000034,36.950000000000045,1,PWF
machine_L,1393,44.9,208,28.650000000000034,36.85000000000002,0,None
machine_M,1743,27.3,210,28.55000000000001,36.950000000000045,0,None
machine_L,1457,40.4,213,28.650000000000034,37.05000000000001,0,None
machine_L,2825,5.8,215,28.650000000000034,37.05000000000001,1,PWF
machine_M,1609,34.2,217,28.650000000000034,37.05000000000001,0,None
machine_M,1437,42.3,0,28.650000000000034,37.05000000000001,0,None
machine_L,1402,50.1,3,28.55000000000001,36.950000000000045,0,None
machine_M,1644,34.6,5,28.55000000000001,36.950000000000045,0,None
machine_L,1471,51.1,8,28.55000000000001,37.05000000000001,0,None
machine_L,2695,12.6,10,28.55000000000001,36.950000000000045,0,None
machine_L,1435,48.1,12,28.55000000000001,37.05000000000001,0,None
machine_L,1694,26.3,14,28.450000000000045,36.950000000000045,0,None
machine_L,1687,26.6,16,28.450000000000045,36.950000000000045,0,None
machine_L,1869,22.9,18,28.450000000000045,36.85000000000002,0,None
machine_L,1259,63.9,20,28.25,36.75,1,HDF
machine_H,1460,47.2,22,28.25,36.75,0,None
machine_M,1501,39.5,27,28.150000000000034,36.75,0,None
machine_L,1776,25.6,30,28.25,36.85000000000002,0,None
machine_M,1468,40.8,32,28.350000000000023,36.950000000000045,0,None
machine_L,1430,46.5,35,28.350000000000023,36.950000000000045,0,None
machine_L,1502,46.6,37,28.25,36.950000000000045,0,None
machine_H,1623,32.3,39,28.25,36.950000000000045,0,None
machine_M,1651,29.8,44,28.25,36.85000000000002,0,None
machine_L,1639,33.4,47,28.350000000000023,36.950000000000045,0,None
machine_M,1417,44.6,49,28.350000000000023,36.85000000000002,0,None
machine_L,1541,42.2,52,28.350000000000023,36.950000000000045,0,None
machine_M,1411,45.1,54,28.450000000000045,37.05000000000001,0,None
machine_L,1397,44.6,57,28.55000000000001,37.150000000000034,0,None
machine_L,1686,28.9,59,28.55000000000001,37.05000000000001,0,None
machine_M,1431,44.0,61,28.55000000000001,36.950000000000045,0,None
machine_L,1341,50.5,64,28.650000000000034,37.150000000000034,1,HDF
machine_L,1486,43.0,66,28.55000000000001,37.05000000000001,0,None
machine_L,1384,57.1,68,28.450000000000045,37.05000000000001,0,None
machine_L,1362,55.8,70,28.450000000000045,36.950000000000045,1,HDF
machine_H,1660,29.3,72,28.55000000000001,36.950000000000045,0,None
machine_L,1326,48.2,77,28.450000000000045,36.950000000000045,1,HDF
machine_L,1566,30.3,79,28.450000000000045,36.85000000000002,0,None
machine_L,1549,38.5,81,28.350000000000023,36.650000000000034,0,None
machine_M,1746,31.1,83,28.450000000000045,36.75,0,None
machine_M,1452,41.5,86,28.55000000000001,36.75,0,None
machine_L,1588,33.9,89,28.450000000000045,36.650000000000034,0,None
machine_L,1472,42.5,91,28.450000000000045,36.650000000000034,0,None
machine_L,1607,37.7,93,28.55000000000001,36.75,0,None
machine_H,1423,53.6,95,28.450000000000045,36.75,0,None
machine_L,1440,43.4,100,28.450000000000045,36.75,0,None
machine_L,1397,43.7,102,28.450000000000045,36.75,0,None
machine_L,1524,46.6,104,28.55000000000001,36.75,0,None
machine_M,1533,40.9,106,28.55000000000001,36.75,0,None
machine_L,1398,46.0,109,28.55000000000001,36.650000000000034,0,None
machine_M,1284,68.2,111,28.55000000000001,36.650000000000034,1,HDF
machine_L,1491,39.3,114,28.55000000000001,36.650000000000034,0,None
machine_H,1418,51.3,116,28.650000000000034,36.75,0,None
machine_M,1546,39.8,121,28.650000000000034,36.650000000000034,0,None
machine_L,1598,30.4,124,28.650000000000034,36.55000000000001,0,None
machine_H,1724,27.5,126,28.75,36.650000000000034,0,None
machine_L,1507,44.7,131,28.75,36.650000000000034,0,None
machine_L,1595,31.4,133,28.75,36.55000000000001,0,None
machine_M,1568,37.5,135,28.75,36.55000000000001,0,None
machine_L,1432,43.7,138,28.650000000000034,36.450000000000045,0,None
machine_L,1424,42.8,140,28.75,36.55000000000001,0,None
machine_M,1386,62.7,142,28.850000000000023,36.55000000000001,1,PWF
machine_L,1456,58.1,145,28.850000000000023,36.650000000000034,0,None
machine_H,1280,57.3,147,28.850000000000023,36.650000000000034,1,HDF
machine_L,1649,31.0,152,28.850000000000023,36.650000000000034,0,None
machine_L,1407,52.8,154,28.850000000000023,36.75,0,None
machine_H,1606,34.5,156,28.850000000000023,36.75,0,None
machine_M,1531,38.0,161,28.950000000000045,36.85000000000002,0,None
machine_L,1543,35.8,164,28.950000000000045,36.950000000000045,0,None
machine_M,1379,48.2,166,28.950000000000045,36.950000000000045,1,HDF
machine_L,1447,46.6,169,28.950000000000045,36.950000000000045,0,None
machine_H,1844,24.6,171,28.950000000000045,36.950000000000045,0,None
machine_H,1615,29.9,176,28.950000000000045,36.950000000000045,0,None
machine_L,1449,48.8,181,28.850000000000023,36.85000000000002,0,None
machine_L,1388,51.4,183,28.850000000000023,36.75,0,None
machine_H,1447,42.8,185,28.850000000000023,36.75,0,None
machine_L,1664,28.6,190,28.850000000000023,36.85000000000002,0,None
machine_H,1735,27.2,192,28.850000000000023,36.75,0,None
machine_L,1308,57.6,197,28.850000000000023,36.75,1,HDF
machine_L,1480,40.0,199,28.850000000000023,36.650000000000034,0,None
machine_M,1439,41.7,201,28.75,36.450000000000045,0,None
machine_M,1533,35.9,204,28.75,36.55000000000001,0,None
machine_L,1551,34.8,207,28.850000000000023,36.55000000000001,0,None
machine_L,1414,36.3,209,28.850000000000023,36.55000000000001,0,None
machine_M,1551,34.6,211,28.75,36.450000000000045,0,None
machine_M,1436,49.0,214,28.650000000000034,36.450000000000045,0,None
machine_M,1385,45.8,217,28.75,36.450000000000045,0,None
machine_M,1732,30.1,220,28.650000000000034,36.35000000000002,0,None
machine_L,1410,49.0,223,28.75,36.450000000000045,0,None
machine_L,1446,43.2,225,28.75,36.450000000000045,0,None
machine_L,1525,39.6,227,28.650000000000034,36.35000000000002,0,None
machine_L,1298,65.5,229,28.55000000000001,36.35000000000002,1,HDF
machine_L,1443,42.7,231,28.650000000000034,36.450000000000045,0,None
machine_L,1442,45.3,233,28.650000000000034,36.55000000000001,1,TWF
machine_L,1719,31.9,0,28.75,36.55000000000001,0,None
machine_L,1532,39.4,2,28.850000000000023,36.650000000000034,0,None
machine_L,1701,27.2,4,28.850000000000023,36.650000000000034,0,None
machine_M,1355,45.1,6,28.950000000000045,36.85000000000002,1,HDF
machine_M,1421,45.4,9,29.05000000000001,36.950000000000045,0,None
machine_M,1368,51.6,12,29.05000000000001,36.950000000000045,1,HDF
machine_L,1458,45.1,15,29.05000000000001,36.950000000000045,0,None
machine_M,1572,34.6,17,29.05000000000001,36.950000000000045,0,None
machine_L,1483,48.7,20,29.05000000000001,36.85000000000002,0,None
machine_L,1513,40.4,22,29.150000000000034,36.950000000000045,0,None
machine_H,1383,42.9,24,29.150000000000034,36.950000000000045,0,None
machine_L,1539,37.7,29,29.25,37.05000000000001,0,None
machine_M,1563,37.8,31,29.150000000000034,36.950000000000045,0,None
machine_L,1653,29.7,34,29.150000000000034,36.950000000000045,0,None
machine_L,1353,50.9,36,29.150000000000034,36.950000000000045,1,HDF
machine_H,1468,43.6,38,29.05000000000001,36.85000000000002,0,None
machine_H,1506,33.8,43,29.150000000000034,37.05000000000001,0,None
machine_L,1388,49.9,48,29.150000000000034,36.950000000000045,0,None
machine_M,1485,45.9,50,29.25,37.05000000000001,0,None
machine_L,1331,45.5,53,29.25,37.05000000000001,1,HDF
machine_L,1326,58.5,55,29.350000000000023,37.150000000000034,1,HDF
machine_L,1394,55.4,57,29.150000000000034,37.05000000000001,0,None
machine_L,2009,18.9,59,29.25,36.950000000000045,0,None
machine_M,1358,54.6,61,29.25,36.950000000000045,1,HDF
machine_L,1586,32.2,64,29.350000000000023,37.05000000000001,0,None
machine_L,1688,31.6,66,29.350000000000023,37.150000000000034,0,None
machine_L,1450,43.2,68,29.450000000000045,37.35000000000002,0,None
machine_M,1398,47.3,70,29.55000000000001,37.35000000000002,0,None
machine_L,1520,39.3,73,29.55000000000001,37.35000000000002,0,None
machine_L,1514,42.7,75,29.450000000000045,37.25,0,None
machine_M,1532,36.1,77,29.450000000000045,37.25,0,None
machine_L,1365,66.8,80,29.450000000000045,37.25,1,HDF
machine_L,1642,33.2,82,29.450000000000045,37.150000000000034,0,None
machine_M,2676,10.8,84,29.450000000000045,37.05000000000001,1,PWF
machine_H,1873,21.3,87,29.450000000000045,37.05000000000001,0,None
machine_L,1325,62.4,92,29.450000000000045,37.05000000000001,1,HDF
machine_M,2157,17.2,94,29.450000000000045,37.05000000000001,0,None
machine_M,1563,39.0,97,29.450000000000045,37.05000000000001,0,None
machine_M,1631,31.0,100,29.450000000000045,37.05000000000001,0,None
machine_L,1547,36.9,103,29.350000000000023,37.05000000000001,0,None
machine_L,1479,40.4,105,29.450000000000045,37.150000000000034,0,None
machine_M,1379,48.9,107,29.25,36.950000000000045,1,HDF
machine_L,1906,21.2,110,29.25,36.950000000000045,0,None
machine_M,1731,33.4,112,29.150000000000034,36.950000000000045,0,None
machine_H,1688,30.4,115,29.150000000000034,36.950000000000045,0,None
machine_H,1443,54.6,120,29.150000000000034,37.05000000000001,0,None
machine_L,1445,46.4,125,29.25,37.05000000000001,0,None
machine_H,1435,44.9,127,29.25,37.05000000000001,0,None
machine_L,1556,32.9,132,29.25,36.950000000000045,0,None
machine_L,1321,52.7,134,29.150000000000034,36.950000000000045,1,HDF
machine_M,1577,35.8,136,29.25,36.950000000000045,0,None
machine_L,1578,31.2,139,29.25,37.05000000000001,0,None
machine_L,1418,52.3,141,29.25,36.950000000000045,0,None
machine_M,1392,55.8,143,29.25,37.05000000000001,0,None
machine_L,1446,44.0,146,29.350000000000023,37.150000000000034,0,None
machine_L,1329,50.6,148,29.350000000000023,37.05000000000001,1,HDF
machine_L,1563,34.8,150,29.350000000000023,37.05000000000001,0,None
machine_L,1405,57.4,152,29.350000000000023,37.150000000000034,0,None
machine_L,2224,16.0,154,29.25,37.05000000000001,0,None
machine_L,1716,29.9,156,29.350000000000023,37.05000000000001,0,None
machine_L,1584,35.5,158,29.350000000000023,37.150000000000034,0,None
machine_M,1488,41.8,160,29.350000000000023,37.150000000000034,0,None
machine_L,1374,51.2,163,29.25,37.150000000000034,1,HDF
machine_M,1378,54.3,165,29.25,37.150000000000034,1,HDF
machine_L,1551,37.3,168,29.350000000000023,37.150000000000034,0,None
machine_L,1549,40.9,170,29.350000000000023,37.150000000000034,0,None
machine_M,1447,39.2,172,29.350000000000023,37.150000000000034,0,None
machine_L,1400,53.7,175,29.25,37.05000000000001,0,None
machine_L,1401,48.8,177,29.25,36.950000000000045,0,None
machine_H,1597,28.9,179,29.25,36.950000000000045,0,None
machine_L,1487,46.0,184,29.150000000000034,36.950000000000045,0,None
machine_M,1710,27.3,186,29.350000000000023,37.150000000000034,0,None
machine_L,1478,47.7,189,29.450000000000045,37.25,0,None
machine_L,1743,26.3,191,29.450000000000045,37.25,0,None
machine_L,1596,32.8,193,29.450000000000045,37.35000000000002,0,None
machine_L,1642,30.8,195,29.55000000000001,37.35000000000002,0,None
machine_L,1263,67.8,197,29.55000000000001,37.35000000000002,1,HDF
machine_L,2016,19.9,199,29.650000000000034,37.450000000000045,0,None
machine_L,1671,30.5,201,29.650000000000034,37.450000000000045,0,None
machine_L,1404,43.2,203,29.650000000000034,37.450000000000045,0,None
machine_L,1470,41.1,205,29.650000000000034,37.450000000000045,0,None
machine_L,1617,37.9,207,29.650000000000034,37.450000000000045,0,None
machine_L,1725,29.0,209,29.55000000000001,37.35000000000002,0,None
machine_L,1446,40.9,211,29.55000000000001,37.35000000000002,1,TWF
machine_L,1564,34.3,0,29.55000000000001,37.450000000000045,0,None
machine_L,1670,29.1,2,29.650000000000034,37.450000000000045,0,None
machine_L,1501,48.7,4,29.55000000000001,37.450000000000045,0,None
machine_L,1551,35.9,6,29.55000000000001,37.35000000000002,0,None
machine_L,1563,35.0,8,29.55000000000001,37.35000000000002,0,None
machine_L,1351,41.8,10,29.55000000000001,37.35000000000002,1,HDF
machine_L,1415,52.1,12,29.450000000000045,37.25,0,None
machine_L,1647,34.2,14,29.450000000000045,37.150000000000034,0,None
machine_L,1477,41.6,16,29.350000000000023,37.05000000000001,0,None
machine_L,1923,21.5,18,29.450000000000045,37.05000000000001,0,None
machine_H,1305,55.2,20,29.55000000000001,37.25,1,HDF
machine_M,1544,35.1,25,29.450000000000045,37.25,0,None
machine_H,1568,36.9,28,29.55000000000001,37.35000000000002,0,None
machine_L,1489,42.7,33,29.55000000000001,37.25,0,None
machine_M,1451,43.1,35,29.450000000000045,37.25,0,None
machine_L,1542,35.7,38,29.55000000000001,37.25,0,None
machine_M,1965,20.2,40,29.450000000000045,37.35000000000002,0,None
machine_L,1436,36.5,43,29.350000000000023,37.35000000000002,0,None
machine_M,1509,37.6,45,29.350000000000023,37.25,0,None
machine_L,1487,40.2,48,29.350000000000023,37.25,0,None
machine_L,1967,20.3,50,29.350000000000023,37.25,0,None
machine_H,1409,53.3,52,29.450000000000045,37.25,0,None
machine_M,1420,56.4,57,29.450000000000045,37.35000000000002,0,None
machine_L,1511,37.7,60,29.55000000000001,37.35000000000002,0,None
machine_H,1649,30.1,62,29.450000000000045,37.25,0,None
machine_L,1359,57.2,67,29.450000000000045,37.25,1,HDF
machine_M,1605,36.0,69,29.350000000000023,37.25,0,None
machine_L,1523,36.0,72,29.350000000000023,37.150000000000034,0,None
machine_H,1614,36.0,74,29.450000000000045,37.25,0,None
machine_H,1721,27.4,79,29.450000000000045,37.150000000000034,0,None
machine_L,1638,36.2,84,29.450000000000045,37.25,0,None
machine_L,1307,54.0,86,29.350000000000023,37.05000000000001,1,HDF
machine_L,1642,28.3,88,29.25,37.05000000000001,0,None
machine_M,1751,30.5,90,29.350000000000023,37.05000000000001,0,None
machine_L,1645,31.6,93,29.25,36.950000000000045,0,None
machine_L,1426,46.8,95,29.25,36.950000000000045,0,None
machine_M,1520,36.6,97,29.25,36.950000000000045,0,None
machine_L,1709,31.8,100,29.25,36.950000000000045,0,None
machine_L,1426,46.6,102,29.25,36.85000000000002,0,None
machine_L,1429,43.7,104,29.25,36.950000000000045,0,None
machine_L,1346,62.4,106,29.25,37.05000000000001,1,HDF
machine_L,1454,43.0,108,29.350000000000023,37.05000000000001,0,None
machine_M,1411,49.5,110,29.350000000000023,37.150000000000034,0,None
machine_L,1900,24.4,113,29.25,37.150000000000034,0,None
machine_L,1479,36.2,115,29.25,37.150000000000034,0,None
machine_L,1415,48.2,117,29.350000000000023,37.25,0,None
machine_L,1539,39.0,119,29.350000000000023,37.150000000000034,0,None
machine_L,1520,31.6,121,29.25,37.150000000000034,0,None
machine_L,1480,45.8,123,29.25,37.150000000000034,0,None
machine_L,1666,29.7,125,29.25,37.25,0,None
machine_L,1456,47.6,127,29.25,37.25,0,None
machine_L,1865,23.9,129,29.25,37.25,0,None
machine_M,1918,21.6,131,29.350000000000023,37.35000000000002,0,None
machine_L,1488,48.4,134,29.350000000000023,37.25,0,None
machine_M,1527,38.8,136,29.350000000000023,37.35000000000002,0,None
machine_M,1463,42.2,139,29.25,37.25,0,None
machine_L,1521,38.5,142,29.25,37.25,0,None
machine_M,1372,45.7,144,29.25,37.35000000000002,1,HDF
machine_L,1507,39.5,147,29.350000000000023,37.35000000000002,0,None
machine_M,1586,34.3,149,29.25,37.25,0,None
machine_L,1487,42.0,152,29.350000000000023,37.25,0,None
machine_L,1520,41.2,154,29.350000000000023,37.35000000000002,0,None
machine_H,1422,41.9,156,29.350000000000023,37.25,0,None
machine_M,1375,52.5,161,29.25,37.150000000000034,1,HDF
machine_L,1633,28.0,164,29.25,37.05000000000001,0,None
machine_L,1503,36.2,166,29.25,37.05000000000001,0,None
machine_L,1351,45.1,168,29.25,37.05000000000001,1,HDF
machine_L,1548,35.3,170,29.150000000000034,37.05000000000001,0,None
machine_L,1923,23.3,172,29.25,37.150000000000034,0,None
machine_L,1592,32.6,174,29.350000000000023,37.150000000000034,0,None
machine_M,1580,35.6,176,29.350000000000023,37.25,0,None
machine_L,1427,46.8,179,29.350000000000023,37.25,0,None
machine_M,1581,32.7,181,29.350000000000023,37.25,0,None
machine_M,1542,39.9,184,29.450000000000045,37.35000000000002,0,None
machine_L,1349,55.1,187,29.350000000000023,37.25,1,HDF
machine_L,1463,43.0,189,29.350000000000023,37.35000000000002,0,None
machine_M,1429,43.2,191,29.350000000000023,37.25,0,None
machine_M,1451,53.6,194,29.350000000000023,37.25,0,None
machine_L,1511,37.2,197,29.450000000000045,37.35000000000002,0,None
machine_L,1549,37.5,199,29.450000000000045,37.450000000000045,0,None
machine_M,1507,40.2,201,29.350000000000023,37.35000000000002,0,None
machine_M,1524,33.7,204,29.450000000000045,37.35000000000002,0,None
machine_M,1880,22.7,207,29.55000000000001,37.35000000000002,0,None
machine_L,1461,45.4,0,29.450000000000045,37.35000000000002,0,None
machine_L,1748,28.2,2,29.450000000000045,37.35000000000002,0,None
machine_L,1690,26.7,4,29.55000000000001,37.450000000000045,0,None
machine_M,1349,51.2,6,29.55000000000001,37.450000000000045,1,HDF
machine_L,1686,26.3,9,29.55000000000001,37.450000000000045,0,None
machine_L,1369,47.5,11,29.55000000000001,37.55000000000001,1,HDF
machine_L,1433,43.7,13,29.55000000000001,37.55000000000001,0,None
machine_L,1597,41.9,15,29.55000000000001,37.55000000000001,0,None
machine_L,1610,32.2,17,29.75,37.650000000000034,0,None
machine_L,1398,57.7,19,29.55000000000001,37.55000000000001,0,None
machine_L,1977,20.0,21,29.55000000000001,37.55000000000001,0,None
machine_L,1516,39.5,23,29.650000000000034,37.650000000000034,0,None
machine_H,1275,55.0,25,29.55000000000001,37.650000000000034,1,HDF
machine_L,1402,50.5,30,29.650000000000034,37.650000000000034,0,None
machine_M,1451,44.7,32,29.650000000000034,37.650000000000034,0,None
machine_M,1555,36.1,35,29.55000000000001,37.650000000000034,0,None
machine_L,1636,35.0,38,29.650000000000034,37.75,0,None
machine_L,1312,52.2,40,29.650000000000034,37.75,1,HDF
machine_L,1708,29.8,42,29.650000000000034,37.75,0,None
machine_M,1556,36.5,44,29.75,37.85000000000002,0,None
machine_H,1436,43.5,47,29.650000000000034,37.85000000000002,0,None
machine_M,1402,40.7,52,29.75,37.85000000000002,0,None
machine_M,1437,49.9,55,29.75,37.85000000000002,0,None
machine_M,1926,21.8,58,29.75,37.950000000000045,0,None
machine_L,1800,23.7,61,29.850000000000023,38.05000000000001,0,None
machine_L,1641,32.6,63,29.850000000000023,38.05000000000001,0,None
machine_L,1374,48.2,65,29.850000000000023,38.05000000000001,1,HDF
machine_L,1494,37.0,67,29.850000000000023,38.05000000000001,0,None
machine_L,1601,32.9,69,29.850000000000023,38.05000000000001,0,None
machine_L,1634,36.9,71,29.75,38.05000000000001,0,None
machine_M,1467,37.7,73,29.75,38.05000000000001,0,None
machine_L,1550,32.3,76,29.650000000000034,37.950000000000045,0,None
machine_L,1563,32.2,78,29.650000000000034,37.950000000000045,0,None
machine_L,1395,48.3,80,29.55000000000001,37.75,0,None
machine_M,1507,33.4,82,29.650000000000034,37.85000000000002,0,None
machine_L,1564,38.5,85,29.650000000000034,37.85000000000002,0,None
machine_L,1721,30.0,87,29.650000000000034,37.950000000000045,0,None
machine_L,1456,36.1,89,29.650000000000034,37.950000000000045,0,None
machine_H,2102,17.8,91,29.75,38.05000000000001,0,None
machine_L,1555,33.9,96,29.75,37.950000000000045,0,None
machine_L,1409,41.9,98,29.850000000000023,38.05000000000001,0,None
machine_M,1387,41.4,100,29.850000000000023,38.05000000000001,0,None
machine_M,1460,43.9,103,29.850000000000023,38.05000000000001,0,None
machine_L,1361,47.6,106,29.850000000000023,38.05000000000001,1,HDF
machine_M,1490,43.0,108,29.850000000000023,37.950000000000045,0,None
machine_L,1399,49.2,111,29.950000000000045,38.05000000000001,0,None
machine_L,1420,55.8,113,29.950000000000045,37.950000000000045,0,None
machine_L,1359,44.2,115,29.850000000000023,37.85000000000002,1,HDF
machine_M,1372,54.3,117,29.850000000000023,37.950000000000045,1,HDF
machine_M,1409,41.7,120,29.850000000000023,37.85000000000002,0,None
machine_H,1452,58.3,123,29.75,37.85000000000002,0,None
machine_L,1820,24.6,128,29.75,37.85000000000002,0,None
machine_H,1469,48.7,130,29.75,37.85000000000002,0,None
machine_L,1556,45.3,135,29.75,37.950000000000045,0,None
machine_L,1980,20.2,137,29.850000000000023,37.950000000000045,0,None
machine_M,1519,38.0,139,29.850000000000023,38.05000000000001,0,None
machine_L,1456,44.0,142,29.850000000000023,38.05000000000001,0,None
machine_L,1394,45.3,144,29.950000000000045,38.05000000000001,0,None
machine_L,1365,56.2,146,29.850000000000023,38.150000000000034,1,HDF
machine_L,2194,16.5,148,29.850000000000023,38.150000000000034,0,None
machine_L,1403,55.6,150,29.950000000000045,38.150000000000034,0,None
machine_H,1503,37.0,152,29.850000000000023,38.05000000000001,0,None
machine_L,1793,29.3,157,29.850000000000023,38.150000000000034,0,None
machine_L,1829,24.5,159,29.950000000000045,38.25,0,None
machine_M,1831,23.3,161,29.950000000000045,38.25,0,None
machine_M,1335,53.6,164,29.850000000000023,38.150000000000034,1,HDF
machine_H,2056,19.7,167,29.950000000000045,38.150000000000034,0,None
machine_L,1336,52.6,172,29.950000000000045,38.150000000000034,1,HDF
machine_L,1341,51.0,174,29.850000000000023,38.05000000000001,1,HDF
machine_M,1526,37.3,176,29.850000000000023,37.950000000000045,0,None
machine_L,1525,40.7,179,29.850000000000023,37.950000000000045,0,None
machine_M,1428,39.8,181,29.850000000000023,37.950000000000045,0,None
machine_L,1511,45.7,184,29.850000000000023,38.05000000000001,0,None
machine_L,1664,29.8,186,29.850000000000023,38.05000000000001,0,None
machine_M,1592,38.9,188,29.850000000000023,38.05000000000001,0,None
machine_M,1597,36.7,191,29.850000000000023,37.950000000000045,0,None
machine_L,1735,26.1,194,29.850000000000023,38.05000000000001,0,None
machine_L,1751,23.8,196,29.75,38.05000000000001,0,None
machine_L,1383,44.6,198,29.850000000000023,38.05000000000001,0,None
machine_M,1330,53.7,200,29.75,38.05000000000001,1,HDF
machine_L,1382,50.5,203,29.850000000000023,38.05000000000001,0,None
machine_L,1755,30.4,205,29.850000000000023,38.05000000000001,0,None
machine_M,1614,35.7,207,29.850000000000023,38.05000000000001,0,None
machine_L,1466,43.0,210,29.850000000000023,38.150000000000034,0,None
machine_M,1847,24.7,212,29.950000000000045,38.150000000000034,0,None
machine_L,1474,34.8,215,29.950000000000045,38.150000000000034,0,None
machine_L,1657,31.8,217,29.950000000000045,38.150000000000034,0,None
machine_L,1435,40.1,219,29.950000000000045,38.05000000000001,0,None
machine_H,1494,42.7,221,29.950000000000045,38.150000000000034,0,None
machine_L,1238,54.6,226,30.05000000000001,38.25,1,HDF
machine_L,1324,54.2,228,30.05000000000001,38.25,1,HDF
machine_L,1514,41.2,230,30.05000000000001,38.25,0,None
machine_L,1732,25.6,232,30.150000000000034,38.25,0,None
machine_L,1497,46.0,234,30.150000000000034,38.25,1,TWF
machine_L,1958,21.5,0,30.150000000000034,38.25,0,None
machine_L,1630,32.5,2,30.150000000000034,38.25,0,None
machine_M,1395,59.1,4,30.150000000000034,38.25,0,None
machine_L,1658,30.5,7,30.150000000000034,38.25,0,None
machine_L,1349,51.1,9,30.05000000000001,38.25,1,HDF
machine_L,1452,52.9,11,29.950000000000045,38.05000000000001,0,None
machine_M,1594,35.5,13,29.950000000000045,37.950000000000045,0,None
machine_M,1510,47.6,16,29.950000000000045,37.85000000000002,0,None
machine_L,1854,22.6,19,29.950000000000045,37.950000000000045,0,None
machine_L,1626,32.3,21,29.950000000000045,38.05000000000001,0,None
machine_L,1628,35.2,23,29.950000000000045,38.05000000000001,0,None
machine_L,1679,34.8,25,29.950000000000045,38.05000000000001,0,None
machine_M,1489,44.5,27,29.950000000000045,38.05000000000001,0,None
machine_L,1439,43.9,30,30.05000000000001,38.05000000000001,0,None
machine_L,1350,48.1,32,30.150000000000034,38.150000000000034,1,HDF
machine_H,1607,31.7,34,30.150000000000034,38.05000000000001,0,None
machine_L,1389,53.9,39,30.150000000000034,38.150000000000034,0,None
machine_M,1566,46.1,41,30.150000000000034,38.150000000000034,0,None
machine_M,1307,54.0,44,30.25,38.25,1,HDF
machine_M,1569,36.6,47,30.150000000000034,38.35000000000002,0,None
machine_H,1651,30.6,50,30.150000000000034,38.25,0,None
machine_H,1692,27.9,55,30.150000000000034,38.25,0,None
machine_M,1373,47.3,60,30.150000000000034,38.35000000000002,1,HDF
machine_L,1610,35.5,63,30.05000000000001,38.25,0,None
machine_L,1511,43.4,65,30.150000000000034,38.25,0,None
machine_L,1412,55.6,67,30.150000000000034,38.35000000000002,0,None
machine_L,1501,36.2,69,30.25,38.35000000000002,0,None
machine_L,1414,44.8,71,30.25,38.35000000000002,0,None
machine_H,1629,33.5,73,30.350000000000023,38.35000000000002,0,None
machine_L,1879,21.3,78,30.25,38.35000000000002,0,None
machine_H,1466,47.0,80,30.350000000000023,38.450000000000045,0,None
machine_H,1476,40.1,85,30.450000000000045,38.55000000000001,0,None
machine_L,1695,30.7,90,30.450000000000045,38.650000000000034,0,None
machine_L,1491,39.8,92,30.450000000000045,38.55000000000001,0,None
machine_M,1659,34.7,94,30.450000000000045,38.650000000000034,0,None
machine_L,1567,31.7,97,30.450000000000045,38.650000000000034,0,None
machine_L,1736,32.9,99,30.450000000000045,38.650000000000034,0,None
machine_M,1421,44.8,101,30.450000000000045,38.650000000000034,1,Unknown
machine_M,1627,30.8,104,30.450000000000045,38.650000000000034,0,None
machine_M,1562,34.2,107,30.350000000000023,38.450000000000045,0,None
machine_L,2183,17.0,110,30.350000000000023,38.450000000000045,0,None
machine_L,1577,38.1,112,30.350000000000023,38.450000000000045,0,None
machine_M,1560,36.4,114,30.25,38.35000000000002,0,None
machine_M,1483,43.0,117,30.25,38.35000000000002,0,None
machine_L,1535,33.3,120,30.350000000000023,38.35000000000002,0,None
machine_M,1606,29.6,122,30.25,38.25,0,None
machine_M,1817,24.7,125,30.25,38.35000000000002,0,None
machine_L,1424,50.8,128,30.25,38.35000000000002,0,None
machine_L,1514,34.7,130,30.150000000000034,38.450000000000045,0,None
machine_L,1449,41.7,132,30.25,38.450000000000045,0,None
machine_M,1573,34.0,134,30.350000000000023,38.450000000000045,0,None
machine_L,1564,41.9,137,30.25,38.450000000000045,0,None
machine_L,1428,46.2,139,30.350000000000023,38.450000000000045,0,None
machine_L,1620,31.0,141,30.350000000000023,38.55000000000001,0,None
machine_H,1584,32.7,143,30.350000000000023,38.55000000000001,0,None
machine_L,1222,66.8,148,30.450000000000045,38.650000000000034,1,HDF
machine_M,1432,42.5,150,30.450000000000045,38.650000000000034,0,None
machine_L,1561,33.3,153,30.55000000000001,38.75,0,None
machine_L,1614,33.2,155,30.450000000000045,38.650000000000034,0,None
machine_L,1959,22.3,157,30.350000000000023,38.55000000000001,0,None
machine_L,1944,23.5,159,30.350000000000023,38.650000000000034,0,None
machine_L,1793,25.8,161,30.25,38.55000000000001,0,None
machine_M,1446,50.0,163,30.25,38.450000000000045,0,None
machine_L,1673,32.2,166,30.25,38.55000000000001,0,None
machine_M,1515,44.2,168,30.25,38.55000000000001,0,None
machine_L,1564,35.9,171,30.25,38.650000000000034,0,None
machine_L,1451,45.2,173,30.350000000000023,38.650000000000034,0,None
machine_H,1693,28.3,175,30.25,38.650000000000034,0,None
machine_L,1476,42.3,180,30.25,38.55000000000001,0,None
machine_L,1712,30.1,182,30.25,38.450000000000045,0,None
machine_M,1425,45.4,184,30.25,38.450000000000045,0,None
machine_L,1337,56.8,187,30.150000000000034,38.450000000000045,1,HDF
machine_M,1690,34.9,189,30.25,38.55000000000001,0,None
machine_M,1353,44.1,192,30.25,38.55000000000001,1,HDF
machine_L,1927,21.9,195,30.350000000000023,38.650000000000034,0,None
machine_M,1391,42.7,197,30.25,38.650000000000034,0,None
machine_L,1366,50.9,200,30.25,38.650000000000034,1,HDF
machine_L,1771,31.6,202,30.25,38.75,0,None
machine_M,1515,42.6,204,30.25,38.650000000000034,0,None
machine_M,2133,18.3,207,30.25,38.650000000000034,0,None
machine_M,1341,47.0,210,30.25,38.650000000000034,1,HDF
machine_L,1406,47.1,213,30.25,38.55000000000001,0,None
machine_L,1306,61.0,215,30.25,38.650000000000034,1,HDF
machine_L,1508,35.5,217,30.150000000000034,38.55000000000001,0,None
machine_L,1301,45.1,219,30.150000000000034,38.450000000000045,1,HDF
machine_L,1539,38.5,221,30.150000000000034,38.55000000000001,0,None
machine_L,1484,44.6,223,30.150000000000034,38.450000000000045,0,None
machine_L,1507,39.2,225,30.05000000000001,38.35000000000002,0,None
machine_L,1544,42.5,227,30.05000000000001,38.35000000000002,0,None
machine_L,1513,37.9,0,30.05000000000001,38.35000000000002,0,None
machine_M,1336,58.2,2,30.05000000000001,38.35000000000002,1,HDF
machine_M,2102,19.0,5,30.05000000000001,38.25,0,None
machine_L,1351,53.8,8,30.05000000000001,38.25,1,HDF
machine_L,1601,35.2,10,30.150000000000034,38.35000000000002,0,None
machine_L,1393,52.9,12,30.05000000000001,38.150000000000034,0,None
machine_L,1592,33.7,14,30.150000000000034,38.150000000000034,0,None
machine_L,1409,51.8,16,30.150000000000034,38.150000000000034,0,None
machine_L,1393,47.4,18,30.150000000000034,38.150000000000034,0,None
machine_H,1475,43.1,20,30.05000000000001,38.05000000000001,0,None
machine_L,1427,45.6,25,30.05000000000001,38.05000000000001,0,None
machine_L,1763,27.3,27,30.150000000000034,38.05000000000001,0,None
machine_L,1363,46.7,29,30.05000000000001,38.05000000000001,1,HDF
machine_L,1404,50.9,31,30.05000000000001,38.05000000000001,0,None
machine_M,1688,31.9,33,30.05000000000001,38.05000000000001,0,None
machine_L,1510,37.3,36,30.150000000000034,38.25,0,None
machine_H,1502,39.5,38,30.150000000000034,38.150000000000034,0,None
machine_H,1607,36.6,43,30.05000000000001,38.25,0,None
machine_M,1384,54.8,48,30.150000000000034,38.35000000000002,0,None
machine_L,1295,51.3,51,30.25,38.55000000000001,1,HDF
machine_H,1991,19.0,53,30.25,38.55000000000001,0,None
machine_L,1497,42.8,58,30.25,38.450000000000045,0,None
machine_L,1465,48.7,60,30.350000000000023,38.450000000000045,0,None
machine_L,1361,46.5,62,30.350000000000023,38.450000000000045,1,HDF
machine_L,1546,38.5,64,30.450000000000045,38.55000000000001,0,None
machine_H,1332,52.7,66,30.55000000000001,38.75,1,HDF
machine_M,2663,11.4,71,30.55000000000001,38.85000000000002,1,PWF
machine_L,1443,45.9,74,30.55000000000001,38.950000000000045,0,None
machine_M,1402,48.6,76,30.55000000000001,38.85000000000002,0,None
machine_L,1892,22.5,79,30.55000000000001,38.85000000000002,0,None
machine_M,1645,35.7,81,30.450000000000045,38.85000000000002,0,None
machine_L,1473,50.1,84,30.450000000000045,38.75,0,None
machine_L,1309,52.9,86,30.450000000000045,38.85000000000002,1,HDF
machine_H,1544,37.1,88,30.450000000000045,38.75,0,None
machine_L,1344,49.3,93,30.350000000000023,38.75,1,HDF
machine_M,1617,36.0,95,30.450000000000045,38.75,0,None
machine_M,1435,37.9,98,30.450000000000045,38.85000000000002,0,None
machine_L,1391,50.3,101,30.450000000000045,38.85000000000002,0,None
machine_L,1827,23.3,103,30.450000000000045,38.85000000000002,0,None
machine_L,1761,25.8,105,30.350000000000023,38.85000000000002,0,None
machine_L,1522,36.4,107,30.350000000000023,38.950000000000045,0,None
machine_M,1818,23.6,109,30.350000000000023,39.05000000000001,0,None
machine_H,1371,54.6,112,30.450000000000045,39.05000000000001,1,HDF
machine_L,1511,38.9,117,30.55000000000001,39.150000000000034,0,None
machine_L,1404,46.6,119,30.55000000000001,39.25,0,None
machine_L,1384,45.9,121,30.55000000000001,39.150000000000034,0,None
machine_L,1368,52.6,123,30.650000000000034,39.35000000000002,0,None
machine_L,1641,36.0,125,30.55000000000001,39.35000000000002,0,None
machine_L,1642,32.3,127,30.75,39.450000000000045,0,None
machine_H,1401,50.0,129,30.75,39.55000000000001,0,None
machine_L,1577,41.3,134,30.650000000000034,39.450000000000045,0,None
machine_L,1396,44.1,136,30.55000000000001,39.450000000000045,0,None
machine_H,1514,35.5,138,30.55000000000001,39.450000000000045,0,None
machine_L,1646,35.8,143,30.650000000000034,39.650000000000034,0,None
machine_L,1443,40.7,145,30.650000000000034,39.650000000000034,0,None
machine_M,1469,48.5,147,30.55000000000001,39.55000000000001,0,None
machine_H,1564,40.2,150,30.55000000000001,39.55000000000001,0,None
machine_H,1498,40.2,155,30.450000000000045,39.450000000000045,0,None
machine_L,1699,27.9,160,30.450000000000045,39.450000000000045,0,None
machine_L,1431,49.0,162,30.450000000000045,39.35000000000002,0,None
machine_L,1390,47.3,164,30.350000000000023,39.25,0,None
machine_L,1380,46.1,166,30.350000000000023,39.35000000000002,0,None
machine_L,1457,46.4,168,30.350000000000023,39.35000000000002,0,None
machine_L,1418,42.2,170,30.350000000000023,39.35000000000002,0,None
machine_M,1353,51.0,172,30.350000000000023,39.35000000000002,0,None
machine_L,1574,32.7,175,30.350000000000023,39.25,0,None
machine_M,1318,54.2,177,30.350000000000023,39.25,0,None
machine_L,1710,31.4,180,30.450000000000045,39.35000000000002,0,None
machine_L,1621,38.8,182,30.55000000000001,39.450000000000045,0,None
machine_L,1606,33.6,184,30.450000000000045,39.450000000000045,0,None
machine_H,1375,54.0,186,30.450000000000045,39.35000000000002,0,None
machine_L,1503,36.5,191,30.350000000000023,39.25,0,None
machine_L,1404,48.6,193,30.350000000000023,39.150000000000034,0,None
machine_L,1656,32.7,195,30.25,39.05000000000001,0,None
machine_M,1499,39.4,197,30.25,38.950000000000045,0,None
machine_M,1748,28.4,200,30.25,38.85000000000002,0,None
machine_L,1531,37.9,203,30.25,38.75,0,None
machine_M,1536,40.6,205,30.150000000000034,38.650000000000034,0,None
machine_L,1401,53.0,208,30.25,38.650000000000034,1,OSF
machine_H,1534,33.2,210,30.25,38.75,0,None
machine_L,1521,35.9,215,30.25,38.85000000000002,1,TWF
machine_L,1674,30.8,0,30.350000000000023,38.950000000000045,0,None
machine_M,1967,20.9,2,30.450000000000045,38.950000000000045,0,None
machine_L,1696,30.7,5,30.450000000000045,39.05000000000001,0,None
machine_M,1627,32.5,7,30.450000000000045,38.950000000000045,0,None
machine_L,1405,45.6,10,30.350000000000023,38.75,0,None
machine_L,1565,38.9,12,30.350000000000023,38.75,0,None
machine_L,1493,38.7,14,30.350000000000023,38.75,0,None
machine_L,1499,45.0,16,30.25,38.650000000000034,0,None
machine_L,1692,30.6,18,30.150000000000034,38.650000000000034,0,None
machine_L,2268,15.8,20,30.25,38.650000000000034,0,None
machine_L,1438,58.9,22,30.25,38.650000000000034,0,None
machine_L,1515,39.2,24,30.350000000000023,38.75,0,None
machine_L,1491,38.2,26,30.25,38.75,0,None
machine_L,1756,29.7,28,30.350000000000023,38.85000000000002,0,None
machine_L,1366,54.5,30,30.350000000000023,38.85000000000002,1,HDF
machine_L,1436,45.1,32,30.350000000000023,38.85000000000002,0,None
machine_L,1377,41.6,34,30.25,38.75,1,HDF
machine_M,1510,42.2,36,30.25,38.75,0,None
machine_M,1419,50.9,39,30.25,38.75,0,None
machine_L,1315,62.0,42,30.150000000000034,38.650000000000034,1,HDF
machine_H,1806,27.7,44,30.150000000000034,38.650000000000034,0,None
machine_H,1649,29.4,49,30.150000000000034,38.650000000000034,0,None
machine_H,1402,50.0,54,30.25,38.75,0,None
machine_L,1298,63.9,59,30.25,38.75,1,HDF
machine_M,1441,44.9,61,30.150000000000034,38.650000000000034,0,None
machine_M,1489,49.4,64,30.150000000000034,38.650000000000034,0,None
machine_L,1842,24.5,67,30.150000000000034,38.650000000000034,0,None
machine_M,1316,50.9,69,30.25,38.650000000000034,1,HDF
machine_M,1583,33.3,72,30.150000000000034,38.650000000000034,0,None
machine_M,1548,33.5,75,30.150000000000034,38.650000000000034,0,None
machine_L,1434,44.6,78,30.25,38.75,0,None
machine_H,1397,52.9,80,30.350000000000023,38.85000000000002,0,None
machine_M,1475,42.9,85,30.350000000000023,38.85000000000002,0,None
machine_L,1441,56.8,88,30.350000000000023,38.85000000000002,0,None
machine_L,1363,51.8,90,30.55000000000001,38.950000000000045,1,HDF
machine_L,1619,34.9,92,30.55000000000001,39.05000000000001,0,None
machine_L,1487,34.0,94,30.55000000000001,39.05000000000001,0,None
machine_L,1568,33.8,96,30.55000000000001,39.05000000000001,0,None
machine_L,1375,46.2,98,30.55000000000001,39.150000000000034,0,None
machine_M,1698,31.3,100,30.450000000000045,39.150000000000034,0,None
machine_L,1606,37.4,103,30.55000000000001,39.150000000000034,0,None
machine_L,1349,51.0,105,30.55000000000001,39.150000000000034,0,None
machine_L,1535,38.6,107,30.55000000000001,39.25,0,None
machine_M,1504,49.5,109,30.450000000000045,39.25,0,None
machine_L,1946,21.1,112,30.350000000000023,39.150000000000034,0,None
machine_L,1326,55.7,114,30.350000000000023,38.950000000000045,0,None
machine_M,1915,22.3,116,30.450000000000045,39.150000000000034,0,None
machine_L,1451,43.4,119,30.450000000000045,39.150000000000034,0,None
machine_M,1624,34.8,121,30.350000000000023,39.150000000000034,0,None
machine_L,1781,28.7,124,30.450000000000045,39.25,0,None
machine_L,1345,54.1,126,30.450000000000045,39.35000000000002,0,None
machine_L,1418,46.0,128,30.450000000000045,39.25,0,None
machine_L,1718,26.5,130,30.55000000000001,39.25,0,None
machine_M,1631,28.5,132,30.55000000000001,39.25,0,None
machine_L,1513,40.1,135,30.55000000000001,39.25,0,None
machine_L,1316,59.3,137,30.55000000000001,39.25,0,None
machine_M,1474,38.8,139,30.55000000000001,39.25,0,None
machine_L,1619,30.9,142,30.650000000000034,39.35000000000002,0,None
machine_L,1702,31.2,144,30.55000000000001,39.25,0,None
machine_M,1540,37.4,146,30.55000000000001,39.25,0,None
machine_M,1546,33.7,149,30.55000000000001,39.25,0,None
machine_L,1348,51.0,152,30.55000000000001,39.25,0,None
machine_H,1520,35.6,154,30.55000000000001,39.35000000000002,0,None
machine_M,1527,41.9,159,30.650000000000034,39.450000000000045,0,None
machine_M,1406,47.1,162,30.650000000000034,39.450000000000045,0,None
machine_L,1462,46.2,165,30.55000000000001,39.35000000000002,0,None
machine_M,1684,29.3,167,30.650000000000034,39.450000000000045,0,None
machine_H,1655,28.0,170,30.650000000000034,39.35000000000002,0,None
machine_H,1748,25.1,175,30.650000000000034,39.35000000000002,0,None
machine_L,1372,45.7,180,30.650000000000034,39.35000000000002,0,None
machine_L,1481,33.3,182,30.55000000000001,39.35000000000002,0,None
machine_L,1512,39.2,184,30.55000000000001,39.25,0,None
machine_L,1632,36.6,186,30.55000000000001,39.35000000000002,0,None
machine_L,1525,43.9,188,30.55000000000001,39.25,0,None
machine_M,1756,26.4,190,30.55000000000001,39.150000000000034,0,None
machine_L,1922,23.1,193,30.55000000000001,39.150000000000034,0,None
machine_M,1448,44.3,195,30.650000000000034,39.35000000000002,0,None
machine_H,1447,46.6,198,30.650000000000034,39.35000000000002,0,None
machine_M,1597,33.4,203,30.650000000000034,39.25,0,None
machine_M,1642,32.3,206,30.55000000000001,39.25,0,None
machine_H,1525,38.0,209,30.650000000000034,39.35000000000002,0,None
machine_H,1460,53.7,214,30.450000000000045,39.25,0,None
machine_L,2168,17.7,219,30.450000000000045,39.150000000000034,0,None
machine_L,1388,41.9,221,30.450000000000045,39.25,0,None
machine_M,1630,32.4,223,30.450000000000045,39.150000000000034,0,None
machine_L,1616,29.3,226,30.450000000000045,39.150000000000034,0,None
machine_L,2232,16.8,0,30.450000000000045,39.25,0,None
machine_H,1480,50.7,2,30.450000000000045,39.25,0,None
machine_L,1363,53.1,7,30.450000000000045,39.25,0,None
machine_H,1436,45.6,9,30.450000000000045,39.25,0,None
machine_M,1607,33.7,14,30.450000000000045,39.35000000000002,0,None
machine_M,1459,48.2,17,30.450000000000045,39.35000000000002,0,None
machine_L,1481,43.7,20,30.350000000000023,39.25,0,None
machine_M,1606,31.7,22,30.350000000000023,39.25,0,None
machine_L,1681,29.8,25,30.350000000000023,39.150000000000034,0,None
machine_L,1511,37.1,27,30.350000000000023,39.05000000000001,0,None
machine_M,1593,35.2,29,30.350000000000023,39.150000000000034,0,None
machine_M,1532,41.7,32,30.350000000000023,39.150000000000034,0,None
machine_H,1386,49.0,35,30.350000000000023,39.150000000000034,0,None
machine_H,1769,27.9,40,30.25,39.150000000000034,0,None
machine_M,1561,38.2,45,30.25,39.05000000000001,0,None
machine_L,1457,40.7,48,30.150000000000034,39.05000000000001,0,None
machine_L,1506,40.0,50,30.150000000000034,39.05000000000001,0,None
machine_L,1337,69.4,52,30.25,39.05000000000001,1,PWF
machine_L,1287,54.8,54,30.25,39.150000000000034,0,None
machine_M,1615,35.7,56,30.25,39.05000000000001,0,None
machine_M,1972,23.5,59,30.25,39.05000000000001,0,None
machine_H,1522,42.1,62,30.25,39.150000000000034,0,None
machine_L,1680,30.6,67,30.25,39.150000000000034,0,None
machine_L,1502,36.0,69,30.25,39.150000000000034,0,None
machine_M,1543,33.3,71,30.350000000000023,39.150000000000034,0,None
machine_L,1584,35.2,74,30.350000000000023,39.150000000000034,0,None
machine_L,1340,44.5,76,30.350000000000023,39.25,0,None
machine_L,1663,33.9,78,30.25,39.150000000000034,0,None
machine_M,1693,30.0,80,30.150000000000034,38.950000000000045,0,None
machine_L,1418,44.7,83,30.150000000000034,38.950000000000045,0,None
machine_H,1554,36.8,85,30.25,39.05000000000001,0,None
machine_L,1580,35.8,90,30.25,39.05000000000001,0,None
machine_L,1479,42.8,92,30.25,39.150000000000034,0,None
machine_L,1284,70.6,94,30.350000000000023,39.25,1,PWF
machine_L,1540,38.7,96,30.25,39.150000000000034,0,None
machine_M,1606,30.1,98,30.350000000000023,39.25,0,None
machine_L,1286,62.4,101,30.450000000000045,39.35000000000002,0,None
machine_L,1502,39.5,103,30.450000000000045,39.450000000000045,0,None
machine_M,1699,31.5,105,30.450000000000045,39.55000000000001,0,None
machine_L,1602,34.2,108,30.350000000000023,39.450000000000045,0,None
machine_H,1436,42.0,110,30.450000000000045,39.450000000000045,0,None
machine_M,1765,27.5,115,30.450000000000045,39.55000000000001,0,None
machine_L,1418,44.1,118,30.450000000000045,39.55000000000001,0,None
machine_M,1669,31.7,120,30.55000000000001,39.55000000000001,0,None
machine_L,1395,53.9,123,30.55000000000001,39.55000000000001,0,None
machine_M,1500,41.7,125,30.650000000000034,39.55000000000001,0,None
machine_M,1555,33.4,128,30.650000000000034,39.55000000000001,0,None
machine_M,1919,20.2,131,30.650000000000034,39.55000000000001,0,None
machine_L,1596,36.6,134,30.650000000000034,39.55000000000001,0,None
machine_M,1374,53.6,136,30.650000000000034,39.55000000000001,0,None
machine_L,1670,26.1,139,30.55000000000001,39.35000000000002,0,None
machine_L,1702,29.1,141,30.55000000000001,39.450000000000045,0,None
machine_M,1366,45.1,143,30.650000000000034,39.35000000000002,0,None
machine_M,2344,15.2,146,30.650000000000034,39.35000000000002,0,None
machine_M,1768,23.9,149,30.650000000000034,39.450000000000045,0,None
machine_L,1523,47.0,152,30.650000000000034,39.35000000000002,0,None
machine_L,1735,25.9,154,30.650000000000034,39.450000000000045,0,None
machine_L,1339,62.3,156,30.75,39.55000000000001,0,None
machine_L,1800,24.3,158,30.75,39.55000000000001,0,None
machine_M,1456,51.2,160,30.850000000000023,39.55000000000001,0,None
machine_L,1789,24.4,163,30.75,39.55000000000001,0,None
machine_L,1602,33.9,165,30.75,39.55000000000001,0,None
machine_M,1364,49.3,167,30.650000000000034,39.55000000000001,0,None
machine_L,1793,28.1,170,30.650000000000034,39.450000000000045,0,None
machine_L,1426,53.4,172,30.75,39.450000000000045,0,None
machine_M,1485,43.3,174,30.75,39.55000000000001,0,None
machine_L,1528,38.4,177,30.75,39.55000000000001,0,None
machine_L,1565,36.0,179,30.650000000000034,39.450000000000045,0,None
machine_L,1838,27.8,181,30.650000000000034,39.55000000000001,0,None
machine_H,1811,24.9,183,30.650000000000034,39.450000000000045,0,None
machine_L,1461,38.2,188,30.650000000000034,39.55000000000001,0,None
machine_L,1414,41.7,190,30.650000000000034,39.55000000000001,0,None
machine_L,1426,45.5,192,30.55000000000001,39.55000000000001,0,None
machine_L,1359,56.8,194,30.55000000000001,39.55000000000001,1,OSF
machine_L,1540,44.8,196,30.55000000000001,39.55000000000001,0,None
machine_L,1429,47.7,198,30.450000000000045,39.55000000000001,0,None
machine_M,1612,36.3,200,30.55000000000001,39.55000000000001,0,None
machine_M,1685,31.8,203,30.55000000000001,39.650000000000034,0,None
machine_M,1558,37.7,206,30.55000000000001,39.650000000000034,0,None
machine_L,1811,24.3,209,30.55000000000001,39.85000000000002,0,None
machine_L,1869,25.8,211,30.650000000000034,39.950000000000045,0,None
machine_L,1256,58.7,213,30.650000000000034,39.950000000000045,1,OSF
machine_M,1789,23.5,215,30.650000000000034,39.85000000000002,0,None
machine_L,1502,40.5,0,30.55000000000001,39.75,0,None
machine_M,1303,54.4,2,30.55000000000001,39.85000000000002,0,None
machine_L,2497,13.0,5,30.650000000000034,39.950000000000045,1,PWF
machine_L,1499,37.4,7,30.75,40.05000000000001,0,None
machine_L,1393,46.5,9,30.75,40.05000000000001,0,None
machine_M,1475,41.0,11,30.75,39.85000000000002,0,None
machine_L,1573,34.6,14,30.650000000000034,39.75,0,None
machine_L,1819,23.7,16,30.650000000000034,39.75,0,None
machine_M,1642,29.4,18,30.350000000000023,39.450000000000045,0,None
machine_L,1540,39.8,21,30.450000000000045,39.450000000000045,0,None
machine_M,1400,43.2,23,30.450000000000045,39.650000000000034,0,None
machine_M,2659,11.4,26,30.450000000000045,39.650000000000034,1,PWF
machine_M,1825,25.2,29,30.450000000000045,39.650000000000034,0,None
machine_M,1532,41.3,32,30.55000000000001,39.75,0,None
machine_L,1832,23.6,35,30.55000000000001,39.650000000000034,0,None
machine_M,2174,17.6,37,30.450000000000045,39.55000000000001,0,None
machine_L,1627,31.7,40,30.55000000000001,39.650000000000034,0,None
machine_L,1437,51.3,42,30.55000000000001,39.650000000000034,0,None
machine_L,1364,46.3,44,30.55000000000001,39.650000000000034,0,None
machine_M,1444,52.7,46,30.55000000000001,39.75,0,None
machine_M,1366,47.3,49,30.55000000000001,39.650000000000034,0,None
machine_L,1442,48.3,52,30.650000000000034,39.75,0,None
machine_H,1488,42.8,54,30.55000000000001,39.650000000000034,0,None
machine_L,1523,40.7,59,30.55000000000001,39.650000000000034,0,None
machine_L,1543,38.3,61,30.55000000000001,39.650000000000034,0,None
machine_M,1634,33.8,63,30.55000000000001,39.650000000000034,0,None
machine_M,1815,27.8,66,30.650000000000034,39.75,0,None
machine_M,1594,35.2,69,30.650000000000034,39.75,0,None
machine_L,1452,38.6,72,30.650000000000034,39.85000000000002,0,None
machine_L,1759,28.4,74,30.75,39.85000000000002,0,None
machine_L,1408,47.5,76,30.75,39.85000000000002,0,None
machine_L,1483,45.0,78,30.75,39.85000000000002,0,None
machine_M,1620,36.6,80,30.75,39.85000000000002,0,None
machine_M,1466,39.5,83,30.850000000000023,39.950000000000045,0,None
machine_L,1556,36.3,86,30.950000000000045,39.950000000000045,0,None
machine_L,1350,61.1,88,30.850000000000023,39.85000000000002,0,None
machine_L,1404,47.1,90,30.850000000000023,39.950000000000045,0,None
machine_M,1575,34.5,92,30.850000000000023,39.85000000000002,0,None
machine_L,1639,29.0,95,30.75,39.950000000000045,0,None
machine_M,1473,42.8,97,30.75,39.950000000000045,0,None
machine_L,1481,40.0,100,30.75,40.05000000000001,0,None
machine_L,1294,54.6,102,30.850000000000023,40.150000000000034,0,None
machine_M,1630,29.3,104,30.75,40.05000000000001,0,None
machine_M,1624,39.8,107,30.75,40.05000000000001,0,None
machine_M,1437,48.3,110,30.75,39.950000000000045,0,None
machine_M,1514,45.0,113,30.650000000000034,39.85000000000002,0,None
machine_M,1694,31.4,116,30.850000000000023,39.950000000000045,0,None
machine_L,1564,50.9,119,30.850000000000023,39.950000000000045,0,None
machine_M,1514,41.1,121,30.75,39.950000000000045,0,None
machine_M,1500,40.6,124,30.850000000000023,40.05000000000001,0,None
machine_L,1615,37.8,127,30.850000000000023,40.05000000000001,0,None
machine_M,1586,41.1,129,30.950000000000045,40.05000000000001,0,None
machine_L,1732,28.5,132,30.950000000000045,40.150000000000034,0,None
machine_H,1689,32.5,134,30.950000000000045,40.150000000000034,0,None
machine_H,1586,34.6,139,30.950000000000045,40.05000000000001,0,None
machine_L,1314,47.1,144,30.850000000000023,40.05000000000001,0,None
machine_L,1569,35.8,146,30.950000000000045,40.05000000000001,0,None
machine_L,1468,39.4,148,30.950000000000045,40.05000000000001,0,None
machine_L,1412,47.5,150,30.950000000000045,40.05000000000001,0,None
machine_M,1510,46.9,152,30.950000000000045,40.05000000000001,0,None
machine_M,1410,42.4,155,30.950000000000045,40.05000000000001,0,None
machine_M,1680,29.3,158,30.950000000000045,40.150000000000034,0,None
machine_H,1271,68.6,161,30.850000000000023,40.05000000000001,1,PWF
machine_H,1472,45.5,166,30.850000000000023,39.950000000000045,0,None
machine_H,1701,30.4,171,30.850000000000023,39.85000000000002,0,None
machine_L,1480,39.9,176,30.75,39.85000000000002,0,None
machine_L,1433,48.4,178,30.75,39.85000000000002,0,None
machine_L,1514,34.3,180,30.650000000000034,39.75,0,None
machine_L,1619,35.7,182,30.650000000000034,39.75,0,None
machine_H,1378,45.6,184,30.650000000000034,39.75,0,None
machine_M,1430,53.5,189,30.75,39.75,0,None
machine_L,1367,49.9,192,30.650000000000034,39.75,0,None
machine_L,1526,42.5,194,30.75,39.75,0,None
machine_L,1419,47.9,196,30.75,39.650000000000034,0,None
machine_L,1542,42.7,198,30.850000000000023,39.650000000000034,0,None
machine_L,1363,62.5,200,30.850000000000023,39.75,1,OSF
machine_L,1313,53.9,202,30.850000000000023,39.75,0,None
machine_H,1495,46.6,0,30.850000000000023,39.75,0,None
machine_L,1407,42.1,5,30.850000000000023,39.85000000000002,0,None
machine_L,1566,37.2,7,30.950000000000045,39.85000000000002,0,None
machine_L,1550,30.9,9,30.950000000000045,39.950000000000045,0,None
machine_M,1396,50.5,11,31.05000000000001,40.05000000000001,0,None
machine_M,1540,39.0,14,31.150000000000034,40.150000000000034,0,None
machine_M,1380,48.7,17,31.05000000000001,40.05000000000001,0,None
machine_M,1608,31.1,20,31.05000000000001,39.950000000000045,0,None
machine_H,1442,40.9,23,31.05000000000001,39.85000000000002,0,None
machine_L,1408,45.3,28,30.950000000000045,39.85000000000002,0,None
machine_M,1454,46.8,30,30.850000000000023,39.85000000000002,0,None
machine_L,1666,34.6,33,30.950000000000045,39.950000000000045,0,None
machine_L,1366,46.6,35,30.950000000000045,40.05000000000001,0,None
machine_L,1464,44.9,37,31.05000000000001,40.05000000000001,0,None
machine_L,1775,24.9,39,31.150000000000034,40.150000000000034,0,None
machine_M,1482,43.8,41,31.150000000000034,40.25,0,None
machine_M,1411,54.8,44,31.05000000000001,40.25,0,None
machine_L,1410,51.6,47,31.05000000000001,40.150000000000034,0,None
machine_M,1494,39.0,49,30.950000000000045,40.150000000000034,0,None
machine_H,1590,43.4,52,30.950000000000045,40.05000000000001,0,None
machine_L,1327,54.1,57,30.950000000000045,39.950000000000045,0,None
machine_L,1969,20.8,59,30.950000000000045,39.950000000000045,0,None
machine_M,1377,56.0,61,30.850000000000023,39.85000000000002,0,None
machine_L,1541,45.9,64,30.850000000000023,39.85000000000002,0,None
machine_M,1685,28.2,66,30.850000000000023,39.85000000000002,0,None
machine_L,1465,41.0,69,30.850000000000023,39.950000000000045,0,None
machine_M,1483,47.2,71,30.75,39.950000000000045,0,None
machine_M,1570,40.7,74,30.75,40.05000000000001,0,None
machine_L,1345,48.2,77,30.75,40.05000000000001,0,None
machine_M,1608,40.6,79,30.75,40.05000000000001,0,None
machine_M,1415,52.8,82,30.850000000000023,40.150000000000034,0,None
machine_M,1470,45.8,85,30.950000000000045,40.35000000000002,0,None
machine_M,1428,39.9,88,30.950000000000045,40.35000000000002,0,None
machine_H,1627,32.2,91,31.05000000000001,40.35000000000002,0,None
machine_L,1457,49.4,96,31.05000000000001,40.25,0,None
machine_L,1475,40.2,98,31.05000000000001,40.25,0,None
machine_L,1438,50.1,100,31.05000000000001,40.35000000000002,0,None
machine_M,1437,47.2,102,31.05000000000001,40.35000000000002,0,None
machine_M,1518,42.4,105,30.950000000000045,40.25,0,None
machine_M,1587,33.6,108,30.950000000000045,40.35000000000002,0,None
machine_L,1399,43.7,111,30.950000000000045,40.25,0,None
machine_L,1469,44.6,113,30.950000000000045,40.35000000000002,0,None
machine_L,1374,56.6,115,30.950000000000045,40.25,0,None
machine_L,1519,36.7,117,30.850000000000023,40.150000000000034,0,None
machine_L,1540,44.4,119,30.75,40.05000000000001,0,None
machine_L,1394,51.6,121,30.75,40.150000000000034,0,None
machine_M,1389,45.8,123,30.850000000000023,40.25,0,None
machine_M,1732,26.2,126,30.850000000000023,40.35000000000002,0,None
machine_L,1556,37.4,129,30.950000000000045,40.450000000000045,0,None
machine_M,1441,43.7,131,30.950000000000045,40.450000000000045,0,None
machine_L,1382,46.7,134,30.950000000000045,40.450000000000045,0,None
machine_M,1481,44.9,136,31.05000000000001,40.650000000000034,0,None
machine_M,2113,18.4,139,31.05000000000001,40.55000000000001,0,None
machine_L,1401,53.9,142,31.05000000000001,40.650000000000034,0,None
machine_L,1611,31.4,144,30.950000000000045,40.450000000000045,0,None
machine_M,1512,33.4,146,31.05000000000001,40.450000000000045,0,None
machine_L,1411,46.0,149,31.05000000000001,40.450000000000045,0,None
machine_M,1424,43.7,151,31.05000000000001,40.450000000000045,0,None
machine_L,1469,40.0,154,31.05000000000001,40.450000000000045,0,None
machine_H,1684,29.8,156,31.05000000000001,40.35000000000002,0,None
machine_M,1532,41.3,161,31.05000000000001,40.35000000000002,0,None
machine_M,1557,37.3,164,31.05000000000001,40.35000000000002,0,None
machine_M,1416,48.1,167,31.150000000000034,40.35000000000002,0,None
machine_L,1802,25.4,170,31.150000000000034,40.35000000000002,0,None
machine_M,2245,15.1,172,31.150000000000034,40.35000000000002,0,None
machine_L,1434,42.5,175,31.05000000000001,40.25,0,None
machine_M,1725,28.3,177,30.950000000000045,40.150000000000034,0,None
machine_L,1668,35.7,180,31.05000000000001,40.150000000000034,0,None
machine_L,1452,43.9,182,30.950000000000045,40.150000000000034,0,None
machine_L,1415,50.0,184,30.950000000000045,40.150000000000034,0,None
machine_L,1824,25.8,186,30.950000000000045,40.05000000000001,0,None
machine_L,1438,45.5,188,30.950000000000045,40.150000000000034,0,None
machine_L,1883,24.5,190,30.950000000000045,40.150000000000034,0,None
machine_L,1735,28.9,192,31.05000000000001,40.25,0,None
machine_L,1464,36.7,194,31.150000000000034,40.35000000000002,0,None
machine_M,1489,40.3,196,31.150000000000034,40.450000000000045,0,None
machine_M,1510,38.9,199,31.25,40.450000000000045,0,None
machine_M,1585,32.1,202,31.150000000000034,40.450000000000045,0,None
machine_L,1509,35.0,205,31.25,40.55000000000001,1,TWF
machine_L,1568,39.1,0,31.25,40.450000000000045,0,None
machine_M,1525,42.0,2,31.150000000000034,40.35000000000002,0,None
machine_L,1607,33.5,5,31.25,40.55000000000001,0,None
machine_L,1670,32.9,7,31.350000000000023,40.55000000000001,0,None
machine_L,1585,38.9,9,31.25,40.450000000000045,0,None
machine_L,1569,38.4,11,31.25,40.450000000000045,0,None
machine_L,1507,43.1,13,31.25,40.450000000000045,0,None
machine_L,1452,41.5,15,31.150000000000034,40.35000000000002,0,None
machine_L,1590,29.8,17,31.150000000000034,40.35000000000002,0,None
machine_L,1409,56.0,19,31.150000000000034,40.450000000000045,0,None
machine_L,2643,12.7,21,31.150000000000034,40.35000000000002,0,None
machine_L,1644,31.7,23,31.05000000000001,40.25,0,None
machine_L,1568,37.6,25,31.05000000000001,40.25,0,None
machine_H,1625,37.3,27,31.05000000000001,40.150000000000034,0,None
machine_L,1482,41.4,32,31.05000000000001,40.25,0,None
machine_H,1397,49.6,34,30.950000000000045,40.150000000000034,0,None
machine_L,1459,50.3,39,30.950000000000045,40.150000000000034,0,None
machine_L,1490,44.0,41,31.05000000000001,40.25,0,None
machine_L,1434,50.1,43,30.950000000000045,40.05000000000001,0,None
machine_M,2028,18.9,45,30.950000000000045,40.05000000000001,0,None
machine_L,1464,45.9,48,31.05000000000001,40.150000000000034,0,None
machine_M,1713,23.5,50,31.05000000000001,40.25,0,None
machine_M,1624,32.1,53,31.150000000000034,40.25,0,None
machine_L,1421,43.4,56,31.05000000000001,40.25,0,None
machine_H,1546,41.4,58,31.05000000000001,40.35000000000002,0,None
machine_L,1639,32.7,63,31.05000000000001,40.25,0,None
machine_H,1696,29.6,65,30.950000000000045,40.25,0,None
machine_L,1470,39.9,70,30.950000000000045,40.150000000000034,0,None
machine_M,1480,38.4,72,30.950000000000045,40.150000000000034,0,None
machine_M,1329,54.5,75,31.05000000000001,40.25,0,None
machine_L,1740,28.2,78,31.05000000000001,40.25,0,None
machine_M,1739,28.1,80,31.05000000000001,40.35000000000002,0,None
machine_M,1390,47.8,83,31.05000000000001,40.35000000000002,0,None
machine_L,1740,23.7,86,31.05000000000001,40.25,0,None
machine_M,1844,27.1,88,30.850000000000023,40.150000000000034,0,None
machine_H,1388,53.2,91,30.850000000000023,39.950000000000045,0,None
machine_H,1517,43.1,96,30.850000000000023,40.05000000000001,0,None
machine_M,1450,42.8,101,30.850000000000023,39.950000000000045,0,None
machine_L,1584,38.7,104,30.850000000000023,40.05000000000001,0,None
machine_L,1720,28.7,106,30.850000000000023,39.950000000000045,0,None
machine_L,1586,31.9,108,30.75,39.950000000000045,0,None
machine_M,1901,22.5,110,30.75,39.85000000000002,0,None
machine_L,1397,42.4,113,30.850000000000023,39.85000000000002,0,None
machine_L,2012,21.1,115,30.850000000000023,39.85000000000002,0,None
machine_L,2354,15.0,117,30.850000000000023,39.85000000000002,0,None
machine_L,1648,35.7,119,30.850000000000023,39.950000000000045,0,None
machine_L,1632,30.6,121,30.850000000000023,40.05000000000001,0,None
machine_M,1427,46.9,123,30.950000000000045,40.05000000000001,0,None
machine_L,1452,48.0,126,30.950000000000045,40.05000000000001,0,None
machine_L,1416,46.0,128,30.850000000000023,40.05000000000001,0,None
machine_L,1310,62.9,130,30.75,39.950000000000045,0,None
machine_H,1408,39.8,132,30.850000000000023,39.950000000000045,0,None
machine_M,1668,34.4,137,30.75,39.950000000000045,0,None
machine_L,1551,36.8,140,30.75,39.85000000000002,0,None
machine_H,1517,36.0,142,30.75,39.85000000000002,0,None
machine_H,1570,35.8,147,30.650000000000034,39.75,0,None
machine_L,1428,53.3,152,30.650000000000034,39.650000000000034,0,None
machine_L,1503,40.0,154,30.650000000000034,39.650000000000034,0,None
machine_L,1416,58.7,156,30.650000000000034,39.650000000000034,0,None
machine_M,1396,47.3,158,30.55000000000001,39.55000000000001,0,None
machine_L,1335,51.1,161,30.55000000000001,39.55000000000001,0,None
machine_M,1671,30.5,163,30.55000000000001,39.450000000000045,0,None
machine_L,1989,22.4,166,30.55000000000001,39.55000000000001,0,None
machine_L,1468,43.3,168,30.55000000000001,39.55000000000001,0,None
machine_H,1711,27.6,170,30.55000000000001,39.450000000000045,0,None
machine_M,1488,41.3,175,30.650000000000034,39.55000000000001,0,None
machine_L,1664,29.3,178,30.650000000000034,39.55000000000001,0,None
machine_M,1507,38.5,180,30.650000000000034,39.55000000000001,0,None
machine_L,1466,42.5,183,30.55000000000001,39.450000000000045,0,None
machine_L,1433,53.6,185,30.55000000000001,39.35000000000002,0,None
machine_L,1397,45.7,187,30.55000000000001,39.35000000000002,0,None
machine_M,1429,43.3,189,30.55000000000001,39.450000000000045,0,None
machine_L,1572,37.2,192,30.55000000000001,39.55000000000001,0,None
machine_M,1532,42.7,194,30.55000000000001,39.55000000000001,0,None
machine_M,1316,51.8,197,30.55000000000001,39.55000000000001,0,None
machine_M,1420,47.9,200,30.650000000000034,39.650000000000034,0,None
machine_L,1589,37.2,203,30.650000000000034,39.75,0,None
machine_L,1365,59.9,205,30.650000000000034,39.85000000000002,1,OSF
machine_L,1633,32.9,207,30.650000000000034,39.85000000000002,0,None
machine_L,1626,31.4,209,30.75,39.85000000000002,0,None
machine_L,1665,29.6,0,30.75,39.950000000000045,0,None
machine_M,1350,47.2,2,30.75,40.05000000000001,0,None
machine_L,1590,31.9,5,30.75,40.05000000000001,0,None
machine_M,1437,53.9,7,30.850000000000023,40.05000000000001,0,None
machine_L,1403,48.3,10,30.75,39.85000000000002,0,None
machine_L,1440,41.1,12,30.75,39.950000000000045,0,None
machine_M,1343,61.4,14,30.75,39.950000000000045,0,None
machine_H,1790,26.7,17,30.75,39.950000000000045,0,None
machine_M,2117,18.6,22,30.650000000000034,39.950000000000045,0,None
machine_L,1458,42.2,25,30.650000000000034,39.950000000000045,0,None
machine_L,1381,57.8,27,30.450000000000045,39.75,0,None
machine_L,1450,45.3,29,30.450000000000045,39.75,0,None
machine_L,1461,50.1,31,30.55000000000001,39.75,0,None
machine_M,1511,41.0,33,30.55000000000001,39.75,0,None
machine_L,1394,45.4,36,30.650000000000034,39.950000000000045,0,None
machine_L,1499,42.3,38,30.650000000000034,39.85000000000002,0,None
machine_L,1457,44.1,40,30.55000000000001,39.85000000000002,0,None
machine_L,1753,29.0,42,30.55000000000001,39.85000000000002,0,None
machine_L,1694,28.0,44,30.55000000000001,39.85000000000002,0,None
machine_L,1683,28.4,46,30.55000000000001,39.950000000000045,0,None
machine_L,1496,47.4,48,30.55000000000001,39.950000000000045,0,None
machine_L,1721,34.8,50,30.55000000000001,39.950000000000045,0,None
machine_L,1593,31.6,52,30.450000000000045,39.85000000000002,0,None
machine_L,1575,38.3,54,30.450000000000045,39.85000000000002,0,None
machine_L,1465,41.0,56,30.350000000000023,39.85000000000002,0,None
machine_L,1405,38.3,58,30.450000000000045,39.950000000000045,0,None
machine_M,1902,21.6,60,30.350000000000023,39.85000000000002,0,None
machine_M,1422,39.9,63,30.25,39.75,0,None
machine_L,1332,52.9,66,30.350000000000023,39.75,0,None
machine_M,1307,54.3,68,30.25,39.75,0,None
machine_L,1322,59.5,71,30.350000000000023,39.85000000000002,0,None
machine_L,1547,40.3,73,30.350000000000023,39.85000000000002,0,None
machine_L,1897,23.6,75,30.350000000000023,39.950000000000045,0,None
machine_M,1403,51.9,77,30.350000000000023,39.85000000000002,0,None
machine_L,1393,51.6,80,30.350000000000023,39.85000000000002,0,None
machine_L,1482,38.5,82,30.350000000000023,39.85000000000002,0,None
machine_M,1572,44.7,84,30.350000000000023,39.75,0,None
machine_L,1544,36.9,87,30.350000000000023,39.75,0,None
machine_M,1492,46.1,89,30.350000000000023,39.85000000000002,0,None
machine_L,1513,35.8,92,30.25,39.650000000000034,0,None
machine_L,1449,43.9,94,30.25,39.650000000000034,0,None
machine_L,1877,22.3,96,30.350000000000023,39.650000000000034,0,None
machine_L,1376,53.4,98,30.25,39.650000000000034,0,None
machine_M,1883,23.3,100,30.350000000000023,39.75,0,None
machine_M,1518,38.7,103,30.25,39.650000000000034,0,None
machine_M,1438,42.8,106,30.350000000000023,39.75,0,None
machine_L,1389,54.1,109,30.25,39.75,0,None
machine_L,1504,44.8,111,30.350000000000023,39.75,0,None
machine_L,1275,64.4,113,30.350000000000023,39.75,0,None
machine_L,1534,39.7,115,30.450000000000045,39.85000000000002,0,None
machine_M,1396,38.2,117,30.450000000000045,39.85000000000002,0,None
machine_L,1395,44.1,120,30.450000000000045,39.950000000000045,0,None
machine_L,1617,30.9,122,30.450000000000045,39.85000000000002,0,None
machine_L,1423,41.2,124,30.55000000000001,39.950000000000045,0,None
machine_L,1606,34.0,126,30.350000000000023,39.85000000000002,0,None
machine_L,1501,44.0,128,30.350000000000023,39.75,0,None
machine_M,1618,30.4,130,30.350000000000023,39.75,0,None
machine_L,1522,35.8,133,30.450000000000045,39.85000000000002,0,None
machine_L,1480,41.4,135,30.450000000000045,39.75,0,None
machine_M,1469,39.9,137,30.55000000000001,39.85000000000002,0,None
machine_H,1381,52.4,140,30.650000000000034,40.05000000000001,0,None
machine_L,1525,41.9,145,30.650000000000034,40.05000000000001,0,None
machine_M,1732,29.6,147,30.650000000000034,40.05000000000001,0,None
machine_L,1523,39.8,150,30.650000000000034,39.950000000000045,0,None
machine_L,1422,42.4,152,30.650000000000034,39.950000000000045,0,None
machine_H,1506,46.9,154,30.650000000000034,40.05000000000001,0,None
machine_L,1531,39.4,159,30.650000000000034,40.05000000000001,0,None
machine_M,1507,34.3,161,30.75,40.150000000000034,0,None
machine_L,1526,40.7,164,30.75,40.150000000000034,0,None
machine_L,1406,52.1,166,30.650000000000034,40.150000000000034,0,None
machine_M,1567,35.0,168,30.75,40.150000000000034,0,None
machine_M,1464,49.1,171,30.75,40.25,0,None
machine_L,1442,48.5,174,30.75,40.25,0,None
machine_L,1336,47.8,176,30.650000000000034,40.05000000000001,0,None
machine_H,1379,50.2,178,30.650000000000034,40.05000000000001,0,None
machine_L,1406,48.6,183,30.55000000000001,39.950000000000045,0,None
machine_M,2130,18.1,185,30.55000000000001,39.950000000000045,0,None
machine_L,1355,49.1,188,30.55000000000001,39.950000000000045,0,None
machine_M,1710,26.5,190,30.650000000000034,40.05000000000001,0,None
machine_L,1309,55.8,193,30.650000000000034,39.950000000000045,0,None
machine_L,1491,37.2,195,30.75,39.950000000000045,0,None
machine_L,1481,44.1,197,30.75,40.05000000000001,0,None
machine_L,1425,49.3,199,30.75,39.950000000000045,0,None
machine_H,1680,29.1,201,30.75,40.05000000000001,0,None
machine_H,1612,31.7,206,30.850000000000023,40.05000000000001,0,None
machine_L,1530,34.8,211,30.850000000000023,40.150000000000034,0,None
machine_L,1481,42.6,213,30.850000000000023,40.05000000000001,0,None
machine_M,1422,48.0,215,30.75,40.05000000000001,1,TWF
machine_L,1427,43.0,0,30.650000000000034,39.85000000000002,0,None
machine_H,1460,49.8,2,30.55000000000001,39.75,0,None
machine_L,1873,23.5,7,30.450000000000045,39.75,0,None
machine_M,1566,32.6,9,30.55000000000001,39.75,0,None
machine_L,1701,30.8,12,30.450000000000045,39.650000000000034,0,None
machine_L,1710,27.2,14,30.450000000000045,39.650000000000034,0,None
machine_M,1689,33.1,16,30.450000000000045,39.650000000000034,0,None
machine_L,1637,32.9,19,30.450000000000045,39.55000000000001,0,None
machine_L,1496,39.0,21,30.350000000000023,39.450000000000045,0,None
machine_M,1402,47.0,23,30.350000000000023,39.55000000000001,0,None
machine_L,1363,45.5,26,30.25,39.55000000000001,0,None
machine_M,1576,49.9,28,30.25,39.55000000000001,0,None
machine_M,1357,55.3,31,30.25,39.55000000000001,0,None
machine_M,1399,48.4,34,30.25,39.55000000000001,0,None
machine_M,1526,30.8,37,30.25,39.650000000000034,0,None
machine_L,1694,27.3,40,30.350000000000023,39.55000000000001,0,None
machine_M,1420,49.1,42,30.350000000000023,39.55000000000001,0,None
machine_M,2116,16.7,45,30.350000000000023,39.55000000000001,0,None
machine_M,1406,41.9,48,30.55000000000001,39.75,0,None
machine_L,1456,45.5,51,30.55000000000001,39.85000000000002,0,None
machine_L,1588,31.9,53,30.450000000000045,39.75,0,None
machine_L,1448,44.5,55,30.55000000000001,39.650000000000034,0,None
machine_H,1403,46.2,57,30.450000000000045,39.55000000000001,0,None
machine_M,1405,51.6,62,30.350000000000023,39.450000000000045,0,None
machine_M,2706,9.8,65,30.25,39.450000000000045,1,PWF
machine_M,1505,38.9,68,30.150000000000034,39.25,0,None
machine_L,1663,33.7,71,30.05000000000001,39.25,0,None
machine_M,1482,44.4,73,30.150000000000034,39.450000000000045,0,None
machine_M,1674,32.7,76,30.150000000000034,39.35000000000002,0,None
machine_M,1594,32.8,79,30.25,39.55000000000001,0,None
machine_L,1393,49.3,82,30.350000000000023,39.55000000000001,0,None
machine_H,1404,55.8,84,30.350000000000023,39.650000000000034,0,None
machine_M,1375,45.7,89,30.350000000000023,39.650000000000034,0,None
machine_L,1607,38.4,92,30.350000000000023,39.650000000000034,0,None
machine_L,1360,50.8,94,30.25,39.650000000000034,0,None
machine_L,1524,39.4,96,30.350000000000023,39.650000000000034,0,None
machine_L,1534,35.5,98,30.25,39.55000000000001,0,None
machine_L,1262,63.8,100,30.150000000000034,39.55000000000001,0,None
machine_L,1623,34.6,102,30.150000000000034,39.450000000000045,0,None
machine_M,1642,33.6,104,30.150000000000034,39.55000000000001,0,None
machine_M,1622,35.1,107,30.25,39.650000000000034,0,None
machine_M,1530,34.5,110,30.350000000000023,39.75,0,None
machine_M,1590,36.3,113,30.25,39.650000000000034,0,None
machine_L,1589,34.0,116,30.25,39.55000000000001,0,None
machine_L,1462,37.5,118,30.25,39.450000000000045,0,None
machine_H,1328,49.8,120,30.150000000000034,39.35000000000002,0,None
machine_H,1692,29.0,125,30.150000000000034,39.450000000000045,0,None
machine_L,1968,20.6,130,30.150000000000034,39.35000000000002,0,None
machine_H,1827,24.2,132,30.150000000000034,39.450000000000045,0,None
machine_M,1397,47.1,137,30.150000000000034,39.450000000000045,0,None
machine_L,1463,44.0,140,30.150000000000034,39.450000000000045,0,None
machine_L,1643,30.7,142,30.150000000000034,39.55000000000001,0,None
machine_L,1281,57.0,144,30.05000000000001,39.450000000000045,0,None
machine_L,1518,39.9,146,30.05000000000001,39.35000000000002,0,None
machine_L,1601,35.3,148,30.05000000000001,39.450000000000045,0,None
machine_L,1548,36.4,150,29.950000000000045,39.450000000000045,0,None
machine_H,1404,40.6,152,29.950000000000045,39.450000000000045,0,None
machine_M,1766,26.7,157,29.950000000000045,39.35000000000002,0,None
machine_M,1667,30.0,160,29.950000000000045,39.35000000000002,0,None
machine_H,1507,37.9,163,29.850000000000023,39.35000000000002,0,None
machine_H,1627,37.1,168,29.850000000000023,39.25,0,None
machine_L,1435,47.7,173,29.75,39.150000000000034,0,None
machine_H,1509,46.8,175,29.75,39.150000000000034,0,None
machine_M,1809,25.0,180,29.75,39.150000000000034,0,None
machine_L,1515,40.8,183,29.75,39.150000000000034,0,None
machine_L,1530,34.9,185,29.75,39.150000000000034,0,None
machine_H,1336,57.5,187,29.650000000000034,39.150000000000034,0,None
machine_L,2030,19.1,192,29.75,39.25,0,None
machine_L,1550,36.9,194,29.75,39.25,0,None
machine_L,1446,41.7,196,29.75,39.25,0,None
machine_L,1494,37.5,198,29.650000000000034,39.150000000000034,0,None
machine_L,1651,27.0,200,29.650000000000034,39.25,0,None
machine_L,1698,33.8,202,29.75,39.25,0,None
machine_L,1504,40.3,204,29.650000000000034,39.150000000000034,0,None
machine_M,1421,46.0,206,29.75,39.25,0,None
machine_H,1754,26.9,209,29.75,39.150000000000034,0,None
machine_L,1469,42.0,214,29.75,39.05000000000001,0,None
machine_L,1433,50.0,216,29.650000000000034,39.05000000000001,0,None
machine_M,1432,49.0,218,29.650000000000034,39.150000000000034,0,None
machine_L,1366,49.1,221,29.650000000000034,39.150000000000034,0,None
machine_H,1483,47.2,223,29.650000000000034,39.150000000000034,0,None
machine_L,1572,34.4,228,29.55000000000001,39.05000000000001,0,None
machine_L,1481,40.2,230,29.650000000000034,39.05000000000001,0,None
machine_L,1473,42.6,232,29.650000000000034,39.150000000000034,0,None
machine_M,1262,70.5,234,29.650000000000034,39.150000000000034,1,PWF
machine_L,1529,36.8,237,29.650000000000034,39.25,0,None
machine_L,1523,39.7,239,29.650000000000034,39.25,0,None
machine_M,1416,42.7,241,29.650000000000034,39.150000000000034,0,None
machine_L,1923,23.9,244,29.75,39.25,0,None
machine_H,1411,53.8,246,29.650000000000034,39.25,1,OSF
machine_L,1477,46.3,251,29.55000000000001,39.25,1,OSF
machine_M,1454,54.8,253,29.450000000000045,39.150000000000034,1,TWF
machine_L,1421,48.5,0,29.55000000000001,39.150000000000034,0,None
machine_L,1858,25.4,2,29.55000000000001,39.150000000000034,0,None
machine_H,1422,46.1,4,29.650000000000034,39.35000000000002,0,None
machine_L,1444,48.7,9,29.55000000000001,39.25,0,None
machine_L,1360,47.8,11,29.55000000000001,39.25,0,None
machine_L,1954,24.8,13,29.55000000000001,39.25,0,None
machine_L,1628,33.0,15,29.450000000000045,39.25,0,None
machine_L,1433,44.2,17,29.55000000000001,39.25,0,None
machine_M,1417,51.5,19,29.55000000000001,39.35000000000002,0,None
machine_L,1462,39.4,22,29.650000000000034,39.450000000000045,0,None
machine_L,1328,59.9,24,29.75,39.450000000000045,0,None
machine_H,1527,36.4,26,29.55000000000001,39.35000000000002,0,None
machine_L,1534,34.3,31,29.450000000000045,39.150000000000034,0,None
machine_M,1410,50.3,33,29.450000000000045,39.25,0,None
machine_L,1660,30.3,36,29.450000000000045,39.150000000000034,0,None
machine_L,1386,45.8,38,29.450000000000045,39.25,0,None
machine_L,1398,41.6,40,29.450000000000045,39.25,0,None
machine_L,1321,53.4,42,29.450000000000045,39.150000000000034,0,None
machine_L,1512,34.2,44,29.450000000000045,39.150000000000034,0,None
machine_M,1566,36.6,46,29.450000000000045,39.150000000000034,0,None
machine_M,1422,44.5,49,29.55000000000001,39.25,0,None
machine_L,1647,31.8,52,29.450000000000045,39.150000000000034,0,None
machine_L,1377,45.5,54,29.450000000000045,39.05000000000001,0,None
machine_L,1775,27.9,56,29.350000000000023,39.05000000000001,0,None
machine_L,1554,42.0,58,29.450000000000045,39.150000000000034,0,None
machine_L,1423,51.9,60,29.55000000000001,39.25,0,None
machine_L,1453,47.3,62,29.55000000000001,39.25,0,None
machine_L,1590,34.4,64,29.650000000000034,39.25,0,None
machine_L,1694,28.4,66,29.650000000000034,39.35000000000002,0,None
machine_L,1462,43.4,68,29.650000000000034,39.35000000000002,0,None
machine_L,1392,46.2,70,29.650000000000034,39.25,0,None
machine_L,1550,45.5,72,29.75,39.35000000000002,0,None
machine_L,1629,30.4,74,29.75,39.35000000000002,0,None
machine_M,1524,42.1,76,29.850000000000023,39.35000000000002,0,None
machine_M,1679,30.9,79,29.75,39.35000000000002,0,None
machine_M,1394,46.4,82,29.75,39.450000000000045,0,None
machine_L,1683,32.1,85,29.75,39.35000000000002,0,None
machine_L,1626,30.5,87,29.850000000000023,39.35000000000002,0,None
machine_H,1698,30.0,89,29.850000000000023,39.35000000000002,0,None
machine_M,1392,42.9,94,29.850000000000023,39.450000000000045,0,None
machine_L,1353,51.8,97,29.950000000000045,39.55000000000001,0,None
machine_M,1426,46.8,99,29.850000000000023,39.55000000000001,0,None
machine_L,2024,19.9,102,29.850000000000023,39.55000000000001,0,None
machine_M,1648,32.1,104,29.850000000000023,39.650000000000034,0,None
machine_L,1511,40.1,107,29.950000000000045,39.75,0,None
machine_L,1465,44.1,109,29.950000000000045,39.650000000000034,0,None
machine_L,1551,41.8,111,29.850000000000023,39.55000000000001,0,None
machine_L,2329,15.1,113,29.950000000000045,39.650000000000034,0,None
machine_H,1435,41.9,115,29.950000000000045,39.650000000000034,0,None
machine_L,1361,48.8,120,29.850000000000023,39.55000000000001,0,None
machine_M,1553,35.8,122,29.850000000000023,39.55000000000001,0,None
machine_L,1451,42.1,125,29.850000000000023,39.450000000000045,0,None
machine_L,1461,40.2,127,29.850000000000023,39.35000000000002,0,None
machine_M,1895,23.5,129,29.950000000000045,39.450000000000045,0,None
machine_M,1567,32.9,132,29.950000000000045,39.450000000000045,0,None
machine_M,1602,33.7,135,29.850000000000023,39.35000000000002,0,None
machine_L,1514,42.1,138,29.950000000000045,39.450000000000045,0,None
machine_L,1453,49.1,140,29.950000000000045,39.35000000000002,0,None
machine_M,1526,36.1,142,29.850000000000023,39.25,0,None
machine_M,1339,52.1,145,29.75,39.150000000000034,0,None
machine_L,1889,22.8,148,29.75,39.150000000000034,0,None
machine_L,1561,34.8,150,29.75,39.25,0,None
machine_M,1659,33.1,152,29.75,39.25,0,None
machine_L,1424,49.5,155,29.75,39.25,0,None
machine_M,1426,44.7,157,29.75,39.150000000000034,0,None
machine_L,1383,51.4,160,29.75,39.25,0,None
machine_L,1764,29.9,162,29.650000000000034,39.150000000000034,0,None
machine_M,1439,42.5,164,29.55000000000001,39.05000000000001,0,None
machine_M,1585,35.5,167,29.55000000000001,39.05000000000001,0,None
machine_L,1346,61.2,170,29.55000000000001,39.150000000000034,0,None
machine_L,1386,57.8,172,29.650000000000034,39.150000000000034,0,None
machine_L,1369,51.8,174,29.55000000000001,39.05000000000001,0,None
machine_M,1378,46.9,176,29.55000000000001,38.950000000000045,0,None
machine_L,1336,46.8,179,29.55000000000001,39.05000000000001,0,None
machine_M,1445,42.0,181,29.450000000000045,38.950000000000045,0,None
machine_L,1763,26.5,184,29.55000000000001,38.950000000000045,0,None
machine_L,1611,34.1,186,29.55000000000001,39.05000000000001,0,None
machine_M,1564,32.1,188,29.55000000000001,38.950000000000045,0,None
machine_H,1478,36.0,191,29.55000000000001,38.950000000000045,0,None
machine_L,1781,28.5,196,29.450000000000045,38.85000000000002,0,None
machine_L,1782,26.8,198,29.450000000000045,38.950000000000045,0,None
machine_M,2000,21.9,200,29.450000000000045,38.950000000000045,0,None
machine_M,1826,25.3,203,29.350000000000023,38.85000000000002,0,None
machine_L,1344,51.0,206,29.450000000000045,38.950000000000045,0,None
machine_L,1520,43.0,208,29.450000000000045,39.05000000000001,0,None
machine_M,1611,39.9,210,29.450000000000045,38.950000000000045,0,None
machine_L,1450,52.1,213,29.55000000000001,39.05000000000001,1,OSF
machine_L,1499,35.0,215,29.450000000000045,38.950000000000045,0,None
machine_L,1288,68.5,0,29.450000000000045,38.950000000000045,1,PWF
machine_M,1350,58.6,2,29.55000000000001,39.05000000000001,0,None
machine_M,1334,50.9,5,29.75,39.25,0,None
machine_L,1376,57.1,8,29.650000000000034,39.25,0,None
machine_L,1368,49.5,10,29.650000000000034,39.25,0,None
machine_H,1357,55.0,12,29.75,39.35000000000002,0,None
machine_M,1924,24.0,17,29.75,39.35000000000002,0,None
machine_M,1551,40.0,20,29.75,39.35000000000002,0,None
machine_M,1903,21.2,23,29.75,39.35000000000002,0,None
machine_H,1417,48.7,26,29.75,39.150000000000034,0,None
machine_L,1601,35.2,31,29.55000000000001,38.950000000000045,0,None
machine_L,1543,37.5,33,29.55000000000001,38.950000000000045,0,None
machine_L,1439,52.3,35,29.450000000000045,38.950000000000045,0,None
machine_H,1657,29.3,37,29.450000000000045,38.85000000000002,0,None
machine_L,1458,51.0,42,29.650000000000034,39.05000000000001,0,None
machine_L,1746,27.4,44,29.650000000000034,39.05000000000001,0,None
machine_L,1677,30.5,46,29.75,39.05000000000001,0,None
machine_L,1520,39.9,48,29.650000000000034,38.950000000000045,0,None
machine_L,1367,55.1,50,29.75,39.05000000000001,0,None
machine_L,1509,36.5,52,29.650000000000034,39.05000000000001,0,None
machine_L,1418,51.4,54,29.650000000000034,38.950000000000045,0,None
machine_L,1958,20.3,56,29.650000000000034,38.950000000000045,0,None
machine_L,1682,30.9,58,29.650000000000034,39.05000000000001,0,None
machine_M,1452,50.3,60,29.650000000000034,39.05000000000001,0,None
machine_L,1828,24.0,63,29.55000000000001,38.85000000000002,0,None
machine_H,1484,41.5,65,29.55000000000001,38.85000000000002,0,None
machine_L,1674,32.2,70,29.450000000000045,38.85000000000002,0,None
machine_L,1448,49.5,72,29.450000000000045,38.75,0,None
machine_M,2023,19.1,74,29.350000000000023,38.650000000000034,0,None
machine_L,1452,47.4,77,29.350000000000023,38.75,0,None
machine_M,1496,45.0,79,29.450000000000045,38.85000000000002,0,None
machine_L,1397,46.9,82,29.450000000000045,38.75,0,None
machine_L,1453,39.1,84,29.450000000000045,38.75,0,None
machine_M,1524,34.8,86,29.350000000000023,38.75,0,None
machine_L,1633,30.9,89,29.450000000000045,38.75,0,None
machine_M,1363,45.7,91,29.450000000000045,38.85000000000002,0,None
machine_L,1520,44.9,94,29.350000000000023,38.75,0,None
machine_M,1532,38.8,96,29.350000000000023,38.75,0,None
machine_L,1384,50.9,99,29.25,38.650000000000034,0,None
machine_M,1539,39.9,101,29.25,38.650000000000034,0,None
machine_M,1355,50.1,104,29.150000000000034,38.650000000000034,0,None
machine_M,1504,37.3,107,29.150000000000034,38.55000000000001,0,None
machine_L,1476,46.6,110,29.25,38.650000000000034,0,None
machine_L,1721,26.9,112,29.25,38.55000000000001,0,None
machine_M,1494,37.1,114,29.150000000000034,38.55000000000001,0,None
machine_L,1465,43.5,117,29.150000000000034,38.55000000000001,0,None
machine_M,1363,54.0,119,29.150000000000034,38.650000000000034,1,Unknown
machine_L,1648,30.0,122,29.25,38.650000000000034,0,None
machine_M,1879,23.0,124,29.150000000000034,38.650000000000034,0,None
machine_H,1482,39.0,127,29.150000000000034,38.55000000000001,0,None
machine_L,1493,38.4,132,29.25,38.650000000000034,0,None
machine_L,1433,42.2,134,29.25,38.650000000000034,0,None
machine_L,1400,41.6,136,29.150000000000034,38.55000000000001,0,None
machine_L,1255,59.0,138,29.25,38.650000000000034,0,None
machine_L,1471,45.6,140,29.05000000000001,38.55000000000001,0,None
machine_H,1357,44.2,142,29.05000000000001,38.450000000000045,0,None
machine_L,1453,41.2,147,29.150000000000034,38.55000000000001,0,None
machine_M,1540,28.9,149,29.150000000000034,38.55000000000001,0,None
machine_L,1605,35.2,152,29.150000000000034,38.650000000000034,0,None
machine_H,1374,52.4,154,29.150000000000034,38.75,0,None
machine_M,1508,42.3,159,29.150000000000034,38.75,0,None
machine_H,1366,47.3,162,29.25,38.75,0,None
machine_H,1579,35.7,167,29.350000000000023,38.85000000000002,0,None
machine_L,1306,59.7,172,29.350000000000023,38.75,0,None
machine_M,1521,40.2,174,29.350000000000023,38.85000000000002,0,None
machine_L,1411,44.2,177,29.350000000000023,38.85000000000002,0,None
machine_H,1357,42.0,179,29.350000000000023,38.85000000000002,0,None
machine_M,1436,43.5,184,29.350000000000023,38.85000000000002,0,None
machine_L,1553,40.1,187,29.350000000000023,38.75,0,None
machine_M,1451,43.2,189,29.350000000000023,38.85000000000002,0,None
machine_L,1541,37.9,192,29.25,38.75,0,None
machine_M,1341,46.3,194,29.150000000000034,38.55000000000001,0,None
machine_L,1648,32.1,197,29.150000000000034,38.55000000000001,0,None
machine_M,1640,31.5,199,29.150000000000034,38.55000000000001,0,None
machine_L,1416,46.1,202,29.25,38.650000000000034,0,None
machine_L,1671,29.9,204,29.25,38.75,0,None
machine_L,1457,45.5,206,29.25,38.85000000000002,0,None
machine_M,1445,54.8,0,29.350000000000023,38.85000000000002,0,None
machine_L,1534,38.6,3,29.350000000000023,38.950000000000045,0,None
machine_L,1508,36.9,5,29.25,38.85000000000002,0,None
machine_M,1492,47.7,7,29.25,38.950000000000045,0,None
machine_L,1562,37.9,10,29.25,38.85000000000002,0,None
machine_L,1545,36.4,12,29.25,38.85000000000002,0,None
machine_L,1738,25.3,14,29.350000000000023,39.05000000000001,0,None
machine_L,1305,49.1,16,29.25,38.85000000000002,0,None
machine_H,1477,39.7,18,29.25,38.85000000000002,0,None
machine_H,1457,43.4,23,29.25,38.85000000000002,0,None
machine_L,1455,40.4,28,29.25,38.950000000000045,0,None
machine_L,1574,38.7,30,29.350000000000023,39.05000000000001,0,None
machine_L,1695,27.1,32,29.450000000000045,39.05000000000001,0,None
machine_M,1458,38.8,34,29.450000000000045,39.05000000000001,0,None
machine_M,1454,47.6,37,29.350000000000023,38.950000000000045,0,None
machine_L,2052,18.9,40,29.350000000000023,38.85000000000002,0,None
machine_L,1673,29.9,42,29.350000000000023,38.85000000000002,0,None
machine_L,1578,29.9,44,29.25,38.75,0,None
machine_M,1642,29.1,46,29.350000000000023,38.85000000000002,0,None
machine_M,1557,31.5,49,29.25,38.650000000000034,0,None
machine_L,1481,42.9,52,29.350000000000023,38.75,0,None
machine_M,1566,37.6,54,29.350000000000023,38.650000000000034,0,None
machine_M,1298,57.5,57,29.350000000000023,38.75,0,None
machine_M,1340,59.4,60,29.350000000000023,38.75,0,None
machine_L,1574,33.8,63,29.350000000000023,38.85000000000002,0,None
machine_L,1437,46.7,65,29.350000000000023,38.75,0,None
machine_L,1354,48.0,67,29.450000000000045,38.75,0,None
machine_L,1598,35.5,69,29.450000000000045,38.75,0,None
machine_M,1944,21.4,71,29.55000000000001,38.85000000000002,0,None
machine_M,1538,36.7,74,29.55000000000001,38.85000000000002,0,None
machine_L,1501,37.0,77,29.55000000000001,38.85000000000002,0,None
machine_L,1441,52.1,79,29.650000000000034,38.950000000000045,0,None
machine_M,1652,31.0,81,29.55000000000001,38.85000000000002,0,None
machine_L,1487,36.6,84,29.650000000000034,38.950000000000045,0,None
machine_L,1605,33.9,86,29.75,39.05000000000001,0,None
machine_L,1334,54.7,88,29.75,38.950000000000045,0,None
machine_L,1340,57.8,90,29.75,39.05000000000001,0,None
machine_L,1513,37.8,92,29.75,39.05000000000001,0,None
machine_L,1510,41.4,94,29.75,39.05000000000001,0,None
machine_L,1729,23.6,96,29.75,39.05000000000001,0,None
machine_M,1745,25.5,98,29.75,39.05000000000001,0,None
machine_M,1623,31.6,101,29.950000000000045,39.150000000000034,0,None
machine_M,1378,50.1,104,29.950000000000045,39.25,0,None
machine_L,1407,41.2,107,29.950000000000045,39.25,0,None
machine_M,1674,29.5,109,29.850000000000023,39.150000000000034,0,None
machine_L,1486,42.4,112,29.850000000000023,39.150000000000034,0,None
machine_M,1483,38.8,114,29.850000000000023,39.150000000000034,0,None
machine_H,1624,28.8,117,29.850000000000023,39.05000000000001,0,None
machine_M,1257,71.3,122,29.850000000000023,39.05000000000001,1,PWF
machine_L,1480,41.4,125,29.850000000000023,39.150000000000034,0,None
machine_L,1404,61.5,127,29.950000000000045,39.25,1,PWF
machine_M,1645,29.6,129,29.850000000000023,39.25,0,None
machine_L,1932,21.9,132,29.850000000000023,39.150000000000034,0,None
machine_L,1533,38.5,134,29.850000000000023,39.150000000000034,0,None
machine_M,1292,54.4,136,29.75,39.05000000000001,0,None
machine_L,1571,40.6,139,29.75,39.05000000000001,0,None
machine_L,1578,36.3,141,29.75,39.150000000000034,0,None
machine_M,1469,36.9,143,29.650000000000034,39.05000000000001,0,None
machine_L,1728,24.4,146,29.55000000000001,38.950000000000045,0,None
machine_H,1603,32.5,148,29.55000000000001,38.950000000000045,0,None
machine_L,1597,39.8,153,29.55000000000001,38.950000000000045,0,None
machine_L,1688,32.0,155,29.55000000000001,38.950000000000045,0,None
machine_L,1405,51.4,157,29.55000000000001,39.05000000000001,0,None
machine_M,1615,32.9,159,29.650000000000034,39.05000000000001,0,None
machine_L,1515,36.8,162,29.650000000000034,39.05000000000001,0,None
machine_L,1376,52.8,164,29.55000000000001,39.05000000000001,0,None
machine_L,1447,47.5,166,29.55000000000001,39.05000000000001,0,None
machine_M,1353,56.5,168,29.450000000000045,39.05000000000001,0,None
machine_L,1502,47.3,171,29.450000000000045,38.950000000000045,0,None
machine_L,1447,45.5,173,29.450000000000045,38.85000000000002,0,None
machine_M,1487,46.1,175,29.350000000000023,38.85000000000002,0,None
machine_L,1519,38.1,178,29.450000000000045,38.950000000000045,0,None
machine_L,1668,28.7,180,29.450000000000045,38.950000000000045,0,None
machine_L,1420,51.6,182,29.450000000000045,38.950000000000045,0,None
machine_L,1473,37.3,184,29.450000000000045,38.950000000000045,0,None
machine_L,1495,38.8,186,29.350000000000023,38.85000000000002,0,None
machine_L,1574,42.0,188,29.350000000000023,38.85000000000002,0,None
machine_L,1383,51.3,190,29.350000000000023,38.85000000000002,0,None
machine_M,1591,29.4,192,29.350000000000023,38.85000000000002,0,None
machine_M,1644,37.2,195,29.25,38.650000000000034,0,None
machine_H,2370,14.7,198,29.350000000000023,38.650000000000034,0,None
machine_L,1401,44.9,203,29.350000000000023,38.75,0,None
machine_M,1414,51.6,205,29.350000000000023,38.75,0,None
machine_L,1456,46.3,208,29.350000000000023,38.85000000000002,0,None
machine_M,1447,45.7,210,29.350000000000023,38.85000000000002,0,None
machine_L,1727,26.5,213,29.25,38.650000000000034,0,None
machine_L,1495,36.8,215,29.25,38.55000000000001,0,None
machine_L,1544,34.3,0,29.150000000000034,38.450000000000045,0,None
machine_L,1387,47.3,2,29.150000000000034,38.35000000000002,0,None
machine_M,1316,47.2,4,29.150000000000034,38.35000000000002,0,None
machine_L,1794,26.1,7,29.150000000000034,38.35000000000002,0,None
machine_M,1372,55.1,9,29.05000000000001,38.25,0,None
machine_M,1674,30.0,12,29.150000000000034,38.35000000000002,0,None
machine_L,1477,41.7,15,29.05000000000001,38.25,0,None
machine_L,1397,53.0,17,29.05000000000001,38.25,0,None
machine_L,1616,34.0,19,29.05000000000001,38.35000000000002,0,None
machine_M,1530,42.3,21,29.150000000000034,38.35000000000002,0,None
machine_M,1539,35.1,24,29.05000000000001,38.25,0,None
machine_L,1845,21.9,27,29.150000000000034,38.25,0,None
machine_L,1430,43.1,29,29.05000000000001,38.25,0,None
machine_L,2080,19.2,31,29.05000000000001,38.25,0,None
machine_M,1432,45.3,33,29.05000000000001,38.25,0,None
machine_M,1479,39.5,36,29.05000000000001,38.35000000000002,0,None
machine_L,1424,45.2,39,29.05000000000001,38.35000000000002,0,None
machine_H,1534,37.2,41,29.05000000000001,38.450000000000045,0,None
machine_H,1701,26.2,46,28.950000000000045,38.450000000000045,0,None
machine_L,1462,50.0,51,29.05000000000001,38.450000000000045,0,None
machine_M,1393,42.5,53,29.05000000000001,38.55000000000001,0,None
machine_M,1453,42.5,56,29.150000000000034,38.55000000000001,0,None
machine_L,1565,37.8,59,29.150000000000034,38.650000000000034,0,None
machine_L,1281,51.7,61,29.150000000000034,38.650000000000034,0,None
machine_M,1584,36.2,63,29.05000000000001,38.55000000000001,0,None
machine_M,1466,49.0,66,29.05000000000001,38.55000000000001,0,None
machine_M,1386,50.5,69,29.05000000000001,38.450000000000045,0,None
machine_L,1383,44.3,72,29.05000000000001,38.450000000000045,0,None
machine_H,1441,53.9,74,29.150000000000034,38.450000000000045,0,None
machine_M,1592,37.7,79,29.05000000000001,38.450000000000045,0,None
machine_H,1594,36.8,82,29.05000000000001,38.450000000000045,0,None
machine_L,1482,45.6,87,29.05000000000001,38.35000000000002,0,None
machine_L,1658,31.4,89,29.05000000000001,38.450000000000045,0,None
machine_L,2170,18.2,91,29.150000000000034,38.55000000000001,0,None
machine_M,1423,44.6,93,29.150000000000034,38.55000000000001,0,None
machine_L,1543,31.1,96,29.25,38.650000000000034,0,None
machine_L,1435,44.8,98,29.150000000000034,38.650000000000034,0,None
machine_L,1320,56.4,100,29.25,38.650000000000034,0,None
machine_M,1313,55.7,102,29.25,38.75,0,None
machine_M,1453,42.1,105,29.25,38.650000000000034,0,None
machine_L,1508,45.7,108,29.25,38.650000000000034,0,None
machine_L,1451,42.0,110,29.25,38.650000000000034,0,None
machine_H,1595,34.6,112,29.350000000000023,38.75,0,None
machine_L,1354,49.4,117,29.350000000000023,38.75,0,None
machine_L,1265,59.8,119,29.350000000000023,38.75,0,None
machine_L,1867,25.9,121,29.25,38.75,0,None
machine_L,1497,41.6,123,29.350000000000023,38.75,0,None
machine_M,1347,54.3,125,29.350000000000023,38.75,0,None
machine_L,1544,43.2,128,29.150000000000034,38.55000000000001,0,None
machine_H,1456,45.4,130,29.150000000000034,38.55000000000001,0,None
machine_L,1335,52.7,135,29.350000000000023,38.650000000000034,0,None
machine_L,1452,43.1,137,29.25,38.75,0,None
machine_L,1290,70.0,139,29.25,38.75,1,PWF
machine_L,1448,43.4,141,29.25,38.650000000000034,0,None
machine_L,1611,38.6,143,29.150000000000034,38.55000000000001,0,None
machine_L,1556,38.6,145,29.05000000000001,38.55000000000001,0,None
machine_H,1413,46.5,147,29.05000000000001,38.55000000000001,0,None
machine_L,1545,35.9,152,29.05000000000001,38.450000000000045,0,None
machine_L,1330,54.6,154,29.05000000000001,38.55000000000001,0,None
machine_L,1596,38.0,156,29.05000000000001,38.75,0,None
machine_L,1618,36.0,158,29.05000000000001,38.650000000000034,0,None
machine_H,1597,35.8,160,29.05000000000001,38.75,0,None
machine_L,1354,52.2,165,29.150000000000034,38.85000000000002,0,None
machine_L,1746,28.1,167,29.150000000000034,38.85000000000002,0,None
machine_L,1621,32.5,169,29.25,38.85000000000002,0,None
machine_L,1398,43.3,171,29.150000000000034,38.85000000000002,0,None
machine_L,1434,51.9,173,29.150000000000034,38.75,0,None
machine_M,1443,43.4,175,29.150000000000034,38.650000000000034,0,None
machine_L,1488,44.6,178,29.05000000000001,38.55000000000001,0,None
machine_M,1475,48.0,180,29.150000000000034,38.650000000000034,0,None
machine_L,1433,50.3,183,29.150000000000034,38.650000000000034,0,None
machine_M,1557,34.1,185,29.150000000000034,38.650000000000034,0,None
machine_M,1398,50.1,188,29.25,38.75,0,None
machine_M,1559,34.4,191,29.150000000000034,38.650000000000034,0,None
machine_M,1422,46.4,194,29.25,38.75,0,None
machine_M,1463,35.7,197,29.150000000000034,38.650000000000034,0,None
machine_L,1793,25.3,200,29.150000000000034,38.55000000000001,0,None
machine_L,1872,20.4,202,29.05000000000001,38.450000000000045,0,None
machine_L,1412,44.5,204,29.05000000000001,38.55000000000001,0,None
machine_L,1487,43.2,206,29.150000000000034,38.650000000000034,0,None
machine_L,1369,56.2,208,29.150000000000034,38.650000000000034,1,OSF
machine_L,1673,30.1,210,29.25,38.650000000000034,0,None
machine_M,1439,36.6,212,29.25,38.75,0,None
machine_L,1574,42.8,215,29.150000000000034,38.650000000000034,0,None
machine_L,1281,48.8,0,29.150000000000034,38.55000000000001,0,None
machine_M,1653,31.4,2,29.05000000000001,38.55000000000001,0,None
machine_M,1535,38.3,5,29.150000000000034,38.55000000000001,0,None
machine_M,1483,40.5,8,29.150000000000034,38.55000000000001,0,None
machine_L,1414,47.0,11,29.150000000000034,38.55000000000001,0,None
machine_M,1379,42.9,13,29.05000000000001,38.450000000000045,0,None
machine_H,1482,42.6,16,29.05000000000001,38.35000000000002,0,None
machine_L,1987,20.1,21,28.950000000000045,38.35000000000002,0,None
machine_M,1635,31.6,23,28.950000000000045,38.35000000000002,0,None
machine_L,1533,39.4,26,28.950000000000045,38.35000000000002,0,None
machine_M,1576,34.0,28,29.05000000000001,38.55000000000001,0,None
machine_H,1330,62.4,31,29.05000000000001,38.650000000000034,0,None
machine_L,1981,21.8,36,29.05000000000001,38.650000000000034,0,None
machine_H,1475,42.8,38,29.150000000000034,38.650000000000034,0,None
machine_H,1804,25.0,43,29.150000000000034,38.650000000000034,0,None
machine_L,1416,54.1,48,29.05000000000001,38.450000000000045,0,None
machine_L,1727,27.7,50,28.950000000000045,38.35000000000002,0,None
machine_L,1391,49.2,52,28.950000000000045,38.25,0,None
machine_M,1366,52.3,54,28.850000000000023,38.35000000000002,0,None
machine_L,1366,55.6,57,28.75,38.150000000000034,0,None
machine_L,1501,40.8,59,28.75,38.150000000000034,0,None
machine_L,1551,35.8,61,28.650000000000034,38.150000000000034,0,None
machine_M,1522,35.6,63,28.75,38.150000000000034,0,None
machine_L,1369,49.8,66,28.75,38.05000000000001,0,None
machine_L,1334,52.3,68,28.650000000000034,38.05000000000001,0,None
machine_H,1451,39.4,70,28.650000000000034,38.05000000000001,0,None
machine_L,1589,37.9,75,28.55000000000001,38.05000000000001,0,None
machine_L,1708,30.5,77,28.55000000000001,38.150000000000034,0,None
machine_M,1413,42.6,79,28.55000000000001,38.05000000000001,0,None
machine_M,1415,46.5,82,28.450000000000045,38.05000000000001,0,None
machine_L,1421,45.9,85,28.55000000000001,38.150000000000034,0,None
machine_L,1348,51.0,87,28.55000000000001,38.150000000000034,0,None
machine_L,1408,42.9,89,28.450000000000045,38.05000000000001,0,None
machine_L,1525,43.7,91,28.450000000000045,38.05000000000001,0,None
machine_L,1706,29.9,93,28.450000000000045,38.150000000000034,0,None
machine_H,1395,46.8,95,28.450000000000045,38.05000000000001,0,None
machine_L,1602,34.3,100,28.350000000000023,37.950000000000045,0,None
machine_L,1907,21.5,102,28.450000000000045,37.950000000000045,0,None
machine_L,1325,49.2,104,28.450000000000045,37.950000000000045,0,None
machine_L,1408,44.4,106,28.450000000000045,37.950000000000045,0,None
machine_M,1489,41.4,108,28.55000000000001,37.950000000000045,0,None
machine_L,1680,29.2,111,28.450000000000045,37.950000000000045,0,None
machine_L,1517,42.4,113,28.55000000000001,38.05000000000001,0,None
machine_M,1618,36.7,115,28.55000000000001,37.950000000000045,0,None
machine_L,1455,39.8,118,28.55000000000001,37.950000000000045,0,None
machine_H,1543,36.4,120,28.650000000000034,37.950000000000045,0,None
machine_M,1399,41.8,125,28.650000000000034,37.950000000000045,0,None
machine_L,1469,37.2,128,28.55000000000001,37.950000000000045,0,None
machine_L,1521,36.7,130,28.55000000000001,38.05000000000001,0,None
machine_L,1584,38.8,132,28.55000000000001,38.150000000000034,0,None
machine_L,1443,43.3,134,28.650000000000034,38.35000000000002,0,None
machine_M,1416,49.0,136,28.650000000000034,38.35000000000002,0,None
machine_M,1563,34.5,139,28.55000000000001,38.05000000000001,0,None
machine_M,1542,40.1,142,28.650000000000034,38.150000000000034,0,None
machine_M,1624,31.6,145,28.650000000000034,38.150000000000034,0,None
machine_L,1471,44.2,148,28.650000000000034,38.150000000000034,0,None
machine_M,1492,40.8,150,28.75,38.35000000000002,0,None
machine_M,1465,39.9,153,28.75,38.25,0,None
machine_L,1399,55.1,156,28.55000000000001,37.950000000000045,0,None
machine_L,1431,42.6,158,28.450000000000045,37.85000000000002,0,None
machine_L,1600,39.0,160,28.350000000000023,37.75,0,None
machine_L,1593,34.5,162,28.350000000000023,37.650000000000034,0,None
machine_L,1469,44.7,164,28.350000000000023,37.75,0,None
machine_L,1413,44.6,166,28.350000000000023,37.650000000000034,0,None
machine_L,1490,38.0,168,28.25,37.650000000000034,0,None
machine_L,1671,31.1,170,28.350000000000023,37.75,0,None
machine_L,1365,46.5,172,28.350000000000023,37.75,0,None
machine_M,1557,39.3,174,28.25,37.75,0,None
machine_L,1440,45.4,177,28.25,37.75,0,None
machine_M,1489,38.9,179,28.25,37.75,0,None
machine_L,1733,25.7,182,28.25,37.85000000000002,0,None
machine_H,1580,36.6,184,28.150000000000034,37.85000000000002,0,None
machine_L,1856,21.9,189,28.150000000000034,37.85000000000002,0,None
machine_L,1454,40.3,191,28.150000000000034,37.950000000000045,0,None
machine_L,1495,36.3,193,28.25,37.950000000000045,0,None
machine_L,1761,29.1,195,28.05000000000001,37.85000000000002,0,None
machine_M,1402,47.5,197,28.150000000000034,37.85000000000002,0,None
machine_L,1670,33.0,200,28.05000000000001,37.85000000000002,0,None
machine_L,1582,35.6,202,28.150000000000034,37.85000000000002,0,None
machine_L,1542,35.1,204,28.150000000000034,37.85000000000002,0,None
machine_L,1539,36.9,206,28.150000000000034,37.85000000000002,0,None
machine_L,1418,41.9,208,28.150000000000034,37.85000000000002,0,None
machine_L,1723,27.6,210,28.150000000000034,37.950000000000045,0,None
machine_L,1303,49.2,212,28.150000000000034,37.950000000000045,0,None
machine_M,1463,50.2,214,28.150000000000034,37.85000000000002,0,None
machine_L,1544,39.3,217,28.05000000000001,37.85000000000002,0,None
machine_L,1596,37.2,219,28.05000000000001,37.85000000000002,0,None
machine_L,1413,42.0,221,28.150000000000034,37.950000000000045,0,None
machine_M,1492,41.2,223,28.150000000000034,37.950000000000045,0,None
machine_L,1624,40.9,0,28.150000000000034,37.950000000000045,0,None
machine_L,1504,39.1,2,28.150000000000034,37.950000000000045,0,None
machine_M,1574,34.3,4,28.05000000000001,37.950000000000045,0,None
machine_M,1438,42.4,7,28.150000000000034,38.05000000000001,0,None
machine_L,1474,50.7,10,28.150000000000034,38.150000000000034,0,None
machine_L,1675,32.1,12,28.150000000000034,38.05000000000001,0,None
machine_L,1457,44.5,14,28.150000000000034,38.05000000000001,0,None
machine_L,1434,49.8,16,28.150000000000034,38.150000000000034,0,None
machine_L,1668,30.1,18,28.150000000000034,38.05000000000001,0,None
machine_L,1550,39.7,20,28.05000000000001,37.950000000000045,0,None
machine_M,1834,25.4,22,28.150000000000034,37.950000000000045,0,None
machine_M,1476,36.5,25,28.25,38.05000000000001,0,None
machine_M,1541,36.3,28,28.25,38.05000000000001,0,None
machine_M,1581,30.9,31,28.150000000000034,37.950000000000045,0,None
machine_M,1678,30.7,34,28.150000000000034,37.950000000000045,0,None
machine_L,1355,50.6,37,28.25,38.05000000000001,0,None
machine_L,1700,28.8,39,28.350000000000023,38.05000000000001,0,None
machine_L,1462,37.1,41,28.25,37.950000000000045,0,None
machine_M,1727,26.5,43,28.25,38.05000000000001,0,None
machine_L,1674,33.3,46,28.25,38.150000000000034,0,None
machine_L,1397,42.3,48,28.25,38.150000000000034,0,None
machine_L,2323,15.9,50,28.25,38.150000000000034,0,None
machine_M,1434,47.6,52,28.25,38.05000000000001,0,None
machine_L,1560,35.3,55,28.150000000000034,37.950000000000045,0,None
machine_L,1573,32.8,57,28.05000000000001,37.85000000000002,0,None
machine_H,1798,22.3,59,28.05000000000001,37.75,0,None
machine_L,1567,35.1,64,28.05000000000001,37.85000000000002,0,None
machine_L,1416,53.3,66,28.05000000000001,37.75,0,None
machine_M,1424,45.2,68,28.05000000000001,37.75,0,None
machine_H,1598,35.9,71,28.05000000000001,37.75,0,None
machine_L,1760,23.9,76,28.150000000000034,37.75,0,None
machine_L,1348,44.5,78,28.150000000000034,37.85000000000002,0,None
machine_L,1542,33.6,80,28.150000000000034,37.85000000000002,0,None
machine_L,1566,33.1,82,28.150000000000034,37.75,0,None
machine_L,1554,47.7,84,28.150000000000034,37.85000000000002,0,None
machine_L,1470,40.6,86,28.25,37.85000000000002,0,None
machine_M,1758,25.4,88,28.25,37.950000000000045,0,None
machine_M,1486,36.5,91,28.25,37.85000000000002,0,None
machine_M,1402,40.0,94,28.350000000000023,37.950000000000045,0,None
machine_L,1459,45.1,97,28.350000000000023,37.950000000000045,0,None
machine_L,1494,45.3,99,28.350000000000023,37.85000000000002,0,None
machine_L,1731,27.9,101,28.350000000000023,37.950000000000045,0,None
machine_L,2076,18.7,103,28.350000000000023,37.950000000000045,0,None
machine_L,2055,16.8,105,28.350000000000023,37.950000000000045,0,None
machine_L,1469,49.5,107,28.350000000000023,37.950000000000045,0,None
machine_M,1504,42.6,109,28.350000000000023,37.85000000000002,0,None
machine_M,1396,43.5,112,28.350000000000023,37.950000000000045,0,None
machine_M,1660,33.8,115,28.350000000000023,37.950000000000045,0,None
machine_M,1577,39.7,118,28.350000000000023,37.85000000000002,0,None
machine_L,1426,52.1,121,28.350000000000023,37.950000000000045,0,None
machine_L,1458,41.4,123,28.350000000000023,37.950000000000045,0,None
machine_L,1533,45.8,125,28.25,37.85000000000002,0,None
machine_L,1701,28.4,127,28.25,37.85000000000002,0,None
machine_L,1434,49.6,129,28.350000000000023,37.950000000000045,0,None
machine_L,1952,22.7,131,28.25,37.950000000000045,0,None
machine_L,1469,36.9,133,28.25,37.950000000000045,0,None
machine_L,1800,26.0,135,28.25,37.950000000000045,0,None
machine_M,1438,43.0,137,28.150000000000034,37.950000000000045,0,None
machine_L,1647,28.2,140,28.150000000000034,37.950000000000045,0,None
machine_L,1494,41.9,142,28.25,37.950000000000045,0,None
machine_H,1445,41.4,144,28.25,37.950000000000045,0,None
machine_M,1507,38.6,149,28.350000000000023,37.950000000000045,0,None
machine_M,1234,55.8,152,28.25,37.85000000000002,0,None
machine_L,1634,32.6,155,28.25,37.85000000000002,0,None
machine_L,1334,53.3,157,28.25,37.85000000000002,0,None
machine_L,1472,44.5,159,28.25,37.950000000000045,0,None
machine_M,1410,52.7,161,28.150000000000034,37.85000000000002,0,None
machine_L,1597,37.9,164,28.05000000000001,37.75,0,None
machine_M,1460,46.7,166,28.05000000000001,37.75,0,None
machine_L,1274,55.7,169,27.950000000000045,37.650000000000034,0,None
machine_M,1517,40.2,171,27.850000000000023,37.55000000000001,0,None
machine_L,1300,57.2,174,27.850000000000023,37.55000000000001,0,None
machine_H,1686,27.7,176,27.75,37.450000000000045,0,None
machine_M,1485,41.0,181,27.75,37.55000000000001,0,None
machine_L,1464,45.8,184,27.850000000000023,37.55000000000001,0,None
machine_L,1598,35.4,186,27.75,37.450000000000045,0,None
machine_L,1894,21.9,188,27.75,37.35000000000002,0,None
machine_M,1330,59.0,190,27.650000000000034,37.35000000000002,0,None
machine_H,1582,31.1,193,27.650000000000034,37.35000000000002,0,None
machine_L,1533,35.6,198,27.55000000000001,37.150000000000034,0,None
machine_H,1419,46.4,200,27.650000000000034,37.25,0,None
machine_M,1526,36.3,205,27.650000000000034,37.150000000000034,0,None
machine_H,1364,65.3,208,27.55000000000001,37.05000000000001,1,TWF
machine_M,1458,43.4,0,27.650000000000034,37.150000000000034,0,None
machine_M,1288,64.0,3,27.650000000000034,37.25,0,None
machine_M,1659,29.8,6,27.55000000000001,37.150000000000034,0,None
machine_H,1479,52.3,9,27.55000000000001,37.05000000000001,0,None
machine_L,1592,36.0,14,27.55000000000001,37.150000000000034,0,None
machine_M,1532,38.7,16,27.450000000000045,37.05000000000001,0,None
machine_L,1555,41.9,19,27.450000000000045,37.05000000000001,0,None
machine_L,1341,52.6,21,27.450000000000045,37.05000000000001,0,None
machine_L,1541,42.0,23,27.450000000000045,36.950000000000045,0,None
machine_L,1414,50.6,25,27.450000000000045,37.150000000000034,0,None
machine_L,1764,25.9,27,27.350000000000023,37.05000000000001,0,None
machine_L,1336,57.1,29,27.350000000000023,37.150000000000034,0,None
machine_L,1435,43.3,31,27.350000000000023,37.150000000000034,0,None
machine_M,1537,35.0,33,27.25,37.150000000000034,0,None
machine_L,1369,48.8,36,27.150000000000034,37.05000000000001,0,None
machine_M,1619,31.3,38,27.05000000000001,36.950000000000045,0,None
machine_L,1440,51.1,41,27.05000000000001,36.950000000000045,0,None
machine_L,1649,30.5,43,27.05000000000001,36.950000000000045,0,None
machine_M,1550,38.7,45,27.05000000000001,36.950000000000045,0,None
machine_L,1471,45.2,48,27.150000000000034,37.05000000000001,0,None
machine_L,1483,51.6,50,27.150000000000034,37.150000000000034,0,None
machine_L,1336,54.4,52,27.150000000000034,37.25,0,None
machine_L,1515,36.6,54,27.350000000000023,37.35000000000002,0,None
machine_L,1373,47.4,56,27.350000000000023,37.35000000000002,0,None
machine_H,1454,51.2,58,27.450000000000045,37.35000000000002,0,None
machine_L,1646,34.5,63,27.350000000000023,37.35000000000002,0,None
machine_M,1548,37.3,65,27.350000000000023,37.25,0,None
machine_M,1462,41.3,68,27.450000000000045,37.35000000000002,0,None
machine_L,1702,33.1,71,27.350000000000023,37.25,0,None
machine_L,1409,60.9,73,27.350000000000023,37.35000000000002,0,None
machine_M,1427,52.8,75,27.450000000000045,37.450000000000045,0,None
machine_L,1438,48.5,78,27.450000000000045,37.55000000000001,1,Unknown
machine_L,1450,43.4,80,27.55000000000001,37.55000000000001,0,None
machine_L,1541,41.3,82,27.55000000000001,37.55000000000001,0,None
machine_M,1484,38.0,84,27.55000000000001,37.450000000000045,0,None
machine_M,1415,44.5,87,27.650000000000034,37.650000000000034,0,None
machine_L,1496,46.4,90,27.55000000000001,37.650000000000034,0,None
machine_M,1465,45.2,92,27.55000000000001,37.650000000000034,0,None
machine_L,2113,18.5,95,27.55000000000001,37.650000000000034,0,None
machine_M,1506,44.0,97,27.55000000000001,37.650000000000034,0,None
machine_L,1689,28.9,100,27.55000000000001,37.650000000000034,0,None
machine_L,1650,29.4,102,27.55000000000001,37.75,0,None
machine_L,1563,33.8,104,27.55000000000001,37.650000000000034,0,None
machine_M,1486,38.9,106,27.55000000000001,37.75,0,None
machine_L,1732,25.7,109,27.650000000000034,37.75,0,None
machine_L,1653,31.6,111,27.55000000000001,37.650000000000034,0,None
machine_L,1535,37.1,113,27.55000000000001,37.75,0,None
machine_L,1637,37.2,115,27.55000000000001,37.75,0,None
machine_L,1533,38.5,117,27.450000000000045,37.650000000000034,0,None
machine_L,1378,51.2,119,27.450000000000045,37.650000000000034,0,None
machine_L,1606,33.5,121,27.350000000000023,37.55000000000001,0,None
machine_L,1539,32.3,123,27.150000000000034,37.55000000000001,0,None
machine_L,1728,26.3,125,27.350000000000023,37.650000000000034,0,None
machine_H,1656,36.3,127,27.25,37.55000000000001,0,None
machine_H,1631,30.5,132,27.350000000000023,37.650000000000034,0,None
machine_H,1447,46.5,137,27.350000000000023,37.75,0,None
machine_L,1396,49.3,142,27.25,37.650000000000034,0,None
machine_L,1390,52.5,144,27.25,37.650000000000034,0,None
machine_L,1348,56.0,146,27.25,37.650000000000034,0,None
machine_M,1491,35.9,148,27.25,37.650000000000034,0,None
machine_L,1520,37.6,151,27.25,37.650000000000034,0,None
machine_L,1509,33.0,153,27.350000000000023,37.650000000000034,0,None
machine_L,1445,46.6,155,27.350000000000023,37.650000000000034,0,None
machine_L,1354,51.8,157,27.350000000000023,37.650000000000034,0,None
machine_L,1488,39.4,159,27.350000000000023,37.55000000000001,0,None
machine_H,1654,28.6,161,27.350000000000023,37.55000000000001,0,None
machine_H,1378,51.5,166,27.350000000000023,37.450000000000045,0,None
machine_L,1750,30.6,171,27.450000000000045,37.55000000000001,0,None
machine_L,1448,46.3,173,27.350000000000023,37.450000000000045,0,None
machine_H,1501,45.3,175,27.450000000000045,37.55000000000001,0,None
machine_M,1654,32.0,180,27.450000000000045,37.55000000000001,0,None
machine_M,1347,46.5,183,27.55000000000001,37.55000000000001,0,None
machine_L,1486,37.1,186,27.55000000000001,37.650000000000034,0,None
machine_H,1466,45.2,188,27.650000000000034,37.650000000000034,0,None
machine_H,1346,52.0,193,27.55000000000001,37.650000000000034,0,None
machine_L,1314,42.4,198,27.55000000000001,37.55000000000001,0,None
machine_L,1440,52.5,200,27.450000000000045,37.55000000000001,0,None
machine_L,1608,39.5,202,27.55000000000001,37.650000000000034,0,None
machine_H,1296,58.2,204,27.55000000000001,37.650000000000034,0,None
machine_L,1507,46.1,209,27.55000000000001,37.55000000000001,0,None
machine_M,1343,51.6,211,27.55000000000001,37.55000000000001,0,None
machine_L,1416,40.4,214,27.55000000000001,37.55000000000001,0,None
machine_L,1288,47.2,216,27.55000000000001,37.450000000000045,0,None
machine_M,1407,42.4,218,27.55000000000001,37.450000000000045,0,None
machine_L,1608,39.2,221,27.450000000000045,37.25,0,None
machine_L,1920,22.3,223,27.450000000000045,37.150000000000034,0,None
machine_M,1386,48.2,225,27.350000000000023,37.05000000000001,0,None
machine_M,1571,34.6,228,27.350000000000023,37.05000000000001,0,None
machine_M,1613,36.9,231,27.25,37.05000000000001,0,None
machine_M,1671,30.5,234,27.25,37.05000000000001,1,TWF
machine_H,1431,43.2,0,27.25,37.05000000000001,0,None
machine_M,1380,47.3,5,27.25,37.05000000000001,0,None
machine_L,1683,31.5,8,27.350000000000023,37.150000000000034,0,None
machine_L,1529,36.2,10,27.25,37.05000000000001,0,None
machine_L,1761,26.5,12,27.350000000000023,37.25,0,None
machine_L,1570,38.3,14,27.450000000000045,37.35000000000002,0,None
machine_M,2156,18.0,16,27.450000000000045,37.35000000000002,0,None
machine_M,1349,54.5,19,27.55000000000001,37.450000000000045,0,None
machine_L,1431,39.3,22,27.55000000000001,37.55000000000001,0,None
machine_L,1931,22.0,24,27.450000000000045,37.450000000000045,0,None
machine_H,1428,43.4,26,27.55000000000001,37.55000000000001,0,None
machine_L,1564,36.2,31,27.650000000000034,37.650000000000034,0,None
machine_H,1425,44.0,33,27.650000000000034,37.75,0,None
machine_L,1597,30.5,38,27.55000000000001,37.650000000000034,0,None
machine_H,1618,32.8,40,27.650000000000034,37.650000000000034,0,None
machine_M,1520,38.0,45,27.650000000000034,37.650000000000034,0,None
machine_L,1425,45.3,48,27.55000000000001,37.55000000000001,0,None
machine_L,1398,38.2,50,27.650000000000034,37.75,0,None
machine_M,1557,31.6,52,27.650000000000034,37.75,0,None
machine_L,1519,43.9,55,27.55000000000001,37.650000000000034,0,None
machine_L,1619,34.9,57,27.55000000000001,37.650000000000034,0,None
machine_L,1814,21.4,59,27.55000000000001,37.650000000000034,0,None
machine_L,1521,39.4,61,27.55000000000001,37.75,0,None
machine_M,1369,51.2,63,27.55000000000001,37.75,0,None
machine_L,1356,65.3,66,27.55000000000001,37.75,1,PWF
machine_L,1336,53.3,68,27.55000000000001,37.85000000000002,0,None
machine_L,1403,48.3,70,27.55000000000001,37.85000000000002,0,None
machine_M,1413,44.3,72,27.55000000000001,37.85000000000002,0,None
machine_L,1472,47.6,75,27.450000000000045,37.75,0,None
machine_M,1452,47.9,77,27.55000000000001,37.650000000000034,0,None
machine_L,1397,53.7,80,27.450000000000045,37.55000000000001,0,None
machine_L,1455,40.6,82,27.450000000000045,37.55000000000001,0,None
machine_L,1754,27.7,84,27.55000000000001,37.650000000000034,0,None
machine_L,1471,37.9,86,27.450000000000045,37.75,0,None
machine_M,1389,48.1,88,27.450000000000045,37.650000000000034,0,None
machine_M,1702,30.3,91,27.450000000000045,37.75,0,None
machine_M,1401,54.6,94,27.450000000000045,37.85000000000002,0,None
machine_L,1426,46.2,97,27.55000000000001,37.950000000000045,0,None
machine_L,1496,38.3,99,27.55000000000001,37.85000000000002,0,None
machine_L,1433,42.6,101,27.450000000000045,37.75,0,None
machine_M,1438,46.6,103,27.55000000000001,37.950000000000045,0,None
machine_M,1418,49.3,106,27.55000000000001,37.85000000000002,0,None
machine_M,1580,36.6,109,27.650000000000034,37.85000000000002,0,None
machine_M,1468,41.8,112,27.55000000000001,37.75,0,None
machine_M,1522,41.7,115,27.650000000000034,37.75,0,None
machine_L,1311,55.8,118,27.650000000000034,37.75,0,None
machine_L,1316,56.5,120,27.75,37.85000000000002,0,None
machine_H,1853,23.6,122,27.75,37.85000000000002,0,None
machine_M,1556,38.8,127,27.75,37.85000000000002,0,None
machine_M,1567,34.3,130,27.75,37.85000000000002,0,None
machine_M,1546,37.7,133,27.75,37.950000000000045,0,None
machine_L,1382,51.2,136,27.75,37.85000000000002,0,None
machine_L,2003,20.2,138,27.75,37.85000000000002,0,None
machine_L,1748,29.9,140,27.650000000000034,37.75,0,None
machine_H,1518,40.1,142,27.55000000000001,37.650000000000034,0,None
machine_L,1475,42.0,147,27.55000000000001,37.650000000000034,0,None
machine_L,1634,29.2,149,27.650000000000034,37.650000000000034,0,None
machine_L,1689,32.9,151,27.650000000000034,37.650000000000034,0,None
machine_M,1636,35.3,153,27.75,37.75,0,None
machine_L,2235,15.8,156,27.75,37.85000000000002,0,None
machine_L,1615,35.6,158,27.850000000000023,37.950000000000045,0,None
machine_H,1618,29.5,160,27.950000000000045,37.950000000000045,0,None
machine_M,1407,53.0,165,27.950000000000045,38.05000000000001,0,None
machine_L,1450,43.3,168,27.950000000000045,37.950000000000045,0,None
machine_L,1889,23.8,170,27.950000000000045,37.950000000000045,0,None
machine_L,1568,38.2,172,27.850000000000023,37.75,0,None
machine_L,1804,25.8,174,27.850000000000023,37.85000000000002,0,None
machine_L,1582,37.5,176,27.850000000000023,37.85000000000002,0,None
machine_M,2047,17.9,178,27.850000000000023,37.75,0,None
machine_L,1601,34.0,181,27.75,37.75,0,None
machine_L,1615,32.0,183,27.75,37.75,0,None
machine_M,1452,43.6,185,27.75,37.650000000000034,0,None
machine_M,1695,30.2,188,27.75,37.650000000000034,0,None
machine_M,1790,26.2,191,27.75,37.650000000000034,0,None
machine_M,1533,39.3,194,27.850000000000023,37.650000000000034,0,None
machine_L,1813,28.5,197,27.850000000000023,37.75,0,None
machine_L,1492,36.7,199,27.850000000000023,37.75,0,None
machine_L,1479,43.3,201,27.75,37.55000000000001,0,None
machine_L,1339,59.1,203,27.650000000000034,37.55000000000001,1,OSF
machine_M,1371,44.7,205,27.650000000000034,37.55000000000001,0,None
machine_L,1468,36.2,208,27.75,37.55000000000001,0,None
machine_L,1517,41.7,210,27.75,37.55000000000001,0,None
machine_L,1352,46.4,212,27.75,37.55000000000001,0,None
machine_L,1389,50.0,214,27.75,37.55000000000001,0,None
machine_M,1505,36.2,0,27.650000000000034,37.450000000000045,0,None
machine_L,1538,36.7,3,27.75,37.450000000000045,0,None
machine_L,1482,37.0,5,27.75,37.650000000000034,0,None
machine_M,1599,33.0,7,27.75,37.650000000000034,0,None
machine_L,1476,39.0,10,27.75,37.650000000000034,0,None
machine_L,1509,37.5,12,27.75,37.55000000000001,0,None
machine_L,1708,29.1,14,27.75,37.650000000000034,0,None
machine_L,1412,57.5,16,27.75,37.55000000000001,0,None
machine_L,1658,28.5,18,27.75,37.55000000000001,0,None
machine_L,1375,57.2,20,27.850000000000023,37.650000000000034,0,None
machine_M,1402,48.1,22,27.75,37.650000000000034,0,None
machine_M,1452,47.3,25,27.75,37.55000000000001,0,None
machine_M,1483,40.8,28,27.650000000000034,37.55000000000001,0,None
machine_H,1477,38.4,31,27.75,37.650000000000034,0,None
machine_M,1924,22.4,36,27.650000000000034,37.55000000000001,0,None
machine_H,1609,28.7,39,27.75,37.55000000000001,0,None
machine_M,1886,21.1,44,27.650000000000034,37.55000000000001,0,None
machine_L,1616,29.6,47,27.55000000000001,37.450000000000045,0,None
machine_L,1442,43.2,49,27.55000000000001,37.55000000000001,0,None
machine_L,1407,45.1,51,27.650000000000034,37.650000000000034,0,None
machine_M,1461,41.3,53,27.650000000000034,37.650000000000034,0,None
machine_M,1522,46.2,56,27.650000000000034,37.75,0,None
machine_L,1432,48.1,59,27.75,37.85000000000002,0,None
machine_L,1438,49.0,61,27.75,37.85000000000002,0,None
machine_M,1678,28.1,63,27.650000000000034,37.75,0,None
machine_M,1514,38.7,66,27.650000000000034,37.75,0,None
machine_L,1534,41.3,69,27.55000000000001,37.650000000000034,0,None
machine_M,1486,41.2,71,27.55000000000001,37.650000000000034,0,None
machine_L,1925,22.0,74,27.55000000000001,37.650000000000034,0,None
machine_M,1724,30.0,76,27.55000000000001,37.650000000000034,0,None
machine_M,1549,35.5,79,27.650000000000034,37.650000000000034,0,None
machine_L,1457,47.7,82,27.650000000000034,37.75,0,None
machine_L,1453,43.9,84,27.650000000000034,37.75,0,None
machine_L,1578,44.4,86,27.650000000000034,37.85000000000002,0,None
machine_M,1325,61.4,88,27.75,37.950000000000045,0,None
machine_L,1471,39.3,91,27.75,37.950000000000045,0,None
machine_M,1472,40.0,93,27.75,38.05000000000001,0,None
machine_L,1457,37.4,96,27.75,37.950000000000045,0,None
machine_L,1402,55.3,98,27.850000000000023,37.85000000000002,0,None
machine_L,1477,41.5,100,27.75,37.75,0,None
machine_M,1727,30.1,102,27.75,37.75,0,None
machine_L,1995,20.2,105,27.75,37.75,0,None
machine_L,1370,52.5,107,27.75,37.75,0,None
machine_L,1228,66.4,109,27.75,37.75,0,None
machine_L,1499,38.0,111,27.75,37.85000000000002,0,None
machine_M,1508,46.9,113,27.850000000000023,37.85000000000002,0,None
machine_L,1473,44.2,116,27.850000000000023,37.75,0,None
machine_H,1640,37.6,118,27.850000000000023,37.85000000000002,0,None
machine_L,1429,42.5,123,27.950000000000045,37.950000000000045,0,None
machine_L,1470,40.9,125,27.950000000000045,37.950000000000045,0,None
machine_L,1581,37.0,127,27.850000000000023,37.85000000000002,0,None
machine_L,1740,28.9,129,27.850000000000023,37.75,0,None
machine_H,1390,40.6,131,27.75,37.650000000000034,0,None
machine_M,1988,19.7,136,27.75,37.650000000000034,0,None
machine_M,1452,43.0,139,27.650000000000034,37.55000000000001,0,None
machine_L,1586,33.4,142,27.650000000000034,37.55000000000001,0,None
machine_L,1589,34.3,144,27.650000000000034,37.55000000000001,0,None
machine_L,1486,45.7,146,27.650000000000034,37.650000000000034,0,None
machine_L,1755,27.9,148,27.75,37.75,0,None
machine_M,1575,34.6,150,27.850000000000023,37.75,0,None
machine_M,1615,37.7,153,27.950000000000045,37.950000000000045,0,None
machine_M,1436,41.8,156,27.950000000000045,37.950000000000045,0,None
machine_M,1470,40.6,159,27.950000000000045,37.950000000000045,0,None
machine_M,2089,19.8,162,27.950000000000045,37.950000000000045,0,None
machine_L,1564,37.0,165,27.950000000000045,38.05000000000001,0,None
machine_M,1420,47.4,167,27.850000000000023,37.950000000000045,0,None
machine_L,1711,29.1,170,27.950000000000045,37.950000000000045,0,None
machine_L,1555,35.3,172,27.950000000000045,38.05000000000001,0,None
machine_M,1592,35.7,174,27.950000000000045,37.950000000000045,0,None
machine_L,1236,64.4,177,27.850000000000023,37.950000000000045,1,OSF
machine_M,1765,24.2,179,27.850000000000023,37.75,0,None
machine_L,1634,31.2,182,27.850000000000023,37.85000000000002,0,None
machine_L,1508,41.5,184,27.950000000000045,37.950000000000045,0,None
machine_L,1774,29.6,186,27.950000000000045,38.05000000000001,0,None
machine_L,1677,29.1,188,27.950000000000045,37.85000000000002,0,None
machine_L,1399,58.0,190,27.850000000000023,37.85000000000002,1,OSF
machine_L,1570,34.0,192,27.850000000000023,37.75,0,None
machine_L,1479,44.3,194,27.850000000000023,37.75,0,None
machine_L,1558,34.9,196,27.850000000000023,37.650000000000034,0,None
machine_L,1358,48.1,198,27.650000000000034,37.55000000000001,0,None
machine_H,1656,30.7,200,27.75,37.55000000000001,0,None
machine_L,1523,35.8,205,27.75,37.55000000000001,0,None
machine_H,1403,40.6,207,27.75,37.55000000000001,0,None
machine_M,1362,51.6,212,27.75,37.55000000000001,0,None
machine_M,1778,27.1,215,27.55000000000001,37.450000000000045,0,None
machine_L,1448,38.2,218,27.55000000000001,37.35000000000002,0,None
machine_H,1559,40.1,220,27.650000000000034,37.35000000000002,0,None
machine_L,1416,42.2,225,27.650000000000034,37.450000000000045,0,None
machine_L,1577,37.9,227,27.650000000000034,37.450000000000045,1,TWF
machine_L,1633,27.8,0,27.650000000000034,37.55000000000001,0,None
machine_L,1573,31.2,2,27.75,37.55000000000001,0,None
machine_L,1517,44.3,4,27.75,37.650000000000034,0,None
machine_L,1515,37.3,6,27.850000000000023,37.75,0,None
machine_L,1527,45.3,8,27.850000000000023,37.650000000000034,0,None
machine_L,1282,67.9,10,27.950000000000045,37.75,1,PWF
machine_M,1396,45.1,12,27.950000000000045,37.75,0,None
machine_L,1492,44.6,15,27.850000000000023,37.75,0,None
machine_L,1975,19.7,17,27.850000000000023,37.650000000000034,0,None
machine_L,1475,35.3,19,27.850000000000023,37.650000000000034,0,None
machine_H,1495,37.3,21,27.850000000000023,37.75,0,None
machine_L,1553,35.8,26,27.850000000000023,37.85000000000002,0,None
machine_L,1918,21.7,28,27.950000000000045,37.85000000000002,0,None
machine_M,1413,46.6,30,27.950000000000045,37.85000000000002,0,None
machine_L,1437,56.0,33,27.850000000000023,37.85000000000002,0,None
machine_L,1450,45.9,35,27.850000000000023,37.75,0,None
machine_M,1910,21.9,37,27.850000000000023,37.75,0,None
machine_L,1749,26.4,40,27.75,37.75,0,None
machine_H,1916,22.0,42,27.850000000000023,37.75,0,None
machine_L,1428,45.3,47,27.850000000000023,37.75,0,None
machine_L,1578,38.4,49,27.850000000000023,37.75,0,None
machine_L,1571,39.9,51,27.75,37.650000000000034,0,None
machine_L,1729,30.2,53,27.75,37.650000000000034,0,None
machine_L,1701,30.4,55,27.75,37.650000000000034,0,None
machine_L,1493,45.8,57,27.75,37.650000000000034,0,None
machine_M,1554,32.7,59,27.850000000000023,37.75,0,None
machine_L,1497,43.2,62,27.75,37.75,0,None
machine_L,1679,29.8,64,27.850000000000023,37.75,0,None
machine_M,1510,44.5,66,27.850000000000023,37.75,0,None
machine_L,1296,54.9,69,27.850000000000023,37.75,0,None
machine_L,1404,41.8,71,27.850000000000023,37.75,0,None
machine_M,1519,34.9,73,27.75,37.650000000000034,0,None
machine_M,1696,27.3,76,27.75,37.55000000000001,0,None
machine_M,1669,28.4,79,27.650000000000034,37.450000000000045,0,None
machine_L,1447,40.7,82,27.55000000000001,37.450000000000045,0,None
machine_M,1418,46.3,84,27.55000000000001,37.450000000000045,0,None
machine_L,1407,40.5,87,27.55000000000001,37.450000000000045,0,None
machine_L,1434,44.5,89,27.650000000000034,37.35000000000002,0,None
machine_L,1360,48.8,91,27.650000000000034,37.450000000000045,0,None
machine_L,1402,53.7,93,27.650000000000034,37.450000000000045,0,None
machine_L,1552,34.9,95,27.75,37.450000000000045,0,None
machine_L,1392,44.2,97,27.75,37.55000000000001,0,None
machine_L,1521,41.0,99,27.950000000000045,37.650000000000034,0,None
machine_L,1724,27.5,101,27.950000000000045,37.650000000000034,0,None
machine_M,1455,46.1,103,27.850000000000023,37.55000000000001,0,None
machine_H,1366,50.6,106,27.850000000000023,37.450000000000045,0,None
machine_H,1407,43.9,111,27.950000000000045,37.450000000000045,0,None
machine_L,1470,49.3,116,27.950000000000045,37.650000000000034,0,None
machine_M,1359,50.8,118,28.05000000000001,37.75,0,None
machine_H,1792,25.8,121,27.950000000000045,37.650000000000034,0,None
machine_M,1552,37.9,126,27.950000000000045,37.75,0,None
machine_L,1612,32.9,129,28.05000000000001,37.85000000000002,0,None
machine_M,1424,41.4,131,28.05000000000001,37.85000000000002,0,None
machine_H,1341,59.3,134,28.150000000000034,37.85000000000002,0,None
machine_L,1479,38.2,139,28.05000000000001,37.650000000000034,0,None
machine_L,1413,50.1,141,28.05000000000001,37.75,0,None
machine_L,2165,17.4,143,28.150000000000034,37.75,0,None
machine_M,1641,33.0,145,28.150000000000034,37.85000000000002,0,None
machine_M,1495,40.8,148,28.150000000000034,37.85000000000002,0,None
machine_L,1576,30.4,151,28.150000000000034,37.85000000000002,0,None
machine_L,1467,37.1,153,28.05000000000001,37.75,0,None
machine_L,1479,41.2,155,28.05000000000001,37.650000000000034,0,None
machine_L,1596,33.9,157,28.150000000000034,37.75,0,None
machine_M,1512,36.9,159,28.150000000000034,37.75,0,None
machine_L,1414,38.8,162,28.25,37.75,0,None
machine_L,1390,57.4,164,28.150000000000034,37.650000000000034,0,None
machine_L,1644,31.6,166,28.05000000000001,37.55000000000001,0,None
machine_M,1394,42.8,168,28.05000000000001,37.55000000000001,0,None
machine_L,1324,52.4,171,27.950000000000045,37.35000000000002,0,None
machine_L,1476,43.6,173,27.850000000000023,37.25,0,None
machine_L,2204,16.6,175,27.850000000000023,37.25,0,None
machine_M,1665,30.9,177,27.850000000000023,37.25,0,None
machine_L,1445,41.7,180,27.75,37.25,0,None
machine_H,1457,46.8,182,27.650000000000034,37.150000000000034,0,None
machine_L,1492,46.3,187,27.650000000000034,37.05000000000001,0,None
machine_L,1405,61.2,189,27.650000000000034,36.950000000000045,1,PWF
machine_L,1542,35.5,191,27.55000000000001,36.950000000000045,0,None
machine_L,1520,37.7,193,27.650000000000034,37.05000000000001,0,None
machine_M,1598,36.5,195,27.650000000000034,37.05000000000001,0,None
machine_L,1538,36.1,198,27.650000000000034,37.150000000000034,0,None
machine_L,1615,30.9,200,27.75,37.25,0,None
machine_L,1408,47.0,202,27.850000000000023,37.35000000000002,0,None
machine_L,1379,57.3,204,27.850000000000023,37.35000000000002,1,OSF
machine_L,1493,37.8,206,27.850000000000023,37.450000000000045,1,TWF
machine_L,1376,49.1,0,27.950000000000045,37.55000000000001,0,None
machine_M,1583,40.7,2,27.950000000000045,37.55000000000001,0,None
machine_M,1396,47.4,5,28.05000000000001,37.650000000000034,0,None
machine_L,1436,45.3,8,27.950000000000045,37.55000000000001,0,None
machine_L,1417,47.6,10,27.950000000000045,37.450000000000045,0,None
machine_L,1641,33.4,12,27.850000000000023,37.450000000000045,0,None
machine_M,1698,27.3,14,27.850000000000023,37.450000000000045,0,None
machine_L,1541,39.1,17,27.75,37.25,0,None
machine_L,1383,46.6,19,27.650000000000034,37.150000000000034,0,None
machine_L,1368,46.8,21,27.650000000000034,37.25,0,None
machine_L,1570,35.2,23,27.650000000000034,37.25,0,None
machine_L,1616,33.5,25,27.75,37.35000000000002,0,None
machine_M,1444,43.2,27,27.75,37.35000000000002,0,None
machine_L,2021,18.8,30,27.75,37.25,0,None
machine_M,1702,29.3,32,27.75,37.35000000000002,0,None
machine_M,1429,52.7,35,27.950000000000045,37.450000000000045,0,None
machine_L,1711,28.9,38,28.05000000000001,37.650000000000034,0,None
machine_M,1543,32.9,40,28.05000000000001,37.55000000000001,0,None
machine_L,1628,32.2,43,28.150000000000034,37.650000000000034,0,None
machine_L,1233,64.6,45,28.05000000000001,37.650000000000034,0,None
machine_L,1461,40.6,47,28.05000000000001,37.650000000000034,0,None
machine_L,1568,38.3,49,28.05000000000001,37.55000000000001,0,None
machine_L,1432,54.4,51,28.150000000000034,37.650000000000034,0,None
machine_M,1527,41.1,53,28.05000000000001,37.55000000000001,0,None
machine_M,1455,41.2,56,28.150000000000034,37.650000000000034,0,None
machine_M,1418,45.4,59,28.150000000000034,37.650000000000034,0,None
machine_L,1719,29.5,62,28.150000000000034,37.650000000000034,0,None
machine_M,1734,31.3,64,28.05000000000001,37.650000000000034,0,None
machine_M,1426,46.1,67,28.05000000000001,37.55000000000001,0,None
machine_L,1611,35.2,70,27.950000000000045,37.450000000000045,0,None
machine_M,1479,41.1,72,27.950000000000045,37.450000000000045,0,None
machine_L,1317,50.9,75,27.850000000000023,37.35000000000002,0,None
machine_L,1248,61.4,77,27.850000000000023,37.35000000000002,0,None
machine_L,1932,21.7,79,27.850000000000023,37.35000000000002,0,None
machine_M,1547,35.8,81,27.950000000000045,37.35000000000002,0,None
machine_L,1614,31.6,84,27.850000000000023,37.25,0,None
machine_H,1512,44.9,86,27.850000000000023,37.25,0,None
machine_L,1529,38.7,91,27.950000000000045,37.35000000000002,0,None
machine_H,1782,24.9,93,27.950000000000045,37.450000000000045,0,None
machine_L,1429,39.4,98,27.850000000000023,37.35000000000002,0,None
machine_M,1309,60.7,100,27.950000000000045,37.35000000000002,0,None
machine_L,1428,44.1,103,27.950000000000045,37.35000000000002,0,None
machine_L,1385,49.2,105,28.05000000000001,37.450000000000045,0,None
machine_L,1517,39.4,107,28.05000000000001,37.55000000000001,0,None
machine_M,1576,39.6,109,28.05000000000001,37.450000000000045,0,None
machine_L,1437,51.2,112,28.05000000000001,37.450000000000045,0,None
machine_H,1457,50.5,114,28.05000000000001,37.450000000000045,0,None
machine_L,1532,37.5,119,27.950000000000045,37.35000000000002,0,None
machine_M,1603,32.6,121,27.950000000000045,37.35000000000002,0,None
machine_L,1563,34.4,124,27.850000000000023,37.25,0,None
machine_L,1617,34.5,126,27.850000000000023,37.150000000000034,0,None
machine_M,1686,26.9,128,27.650000000000034,36.950000000000045,0,None
machine_L,1382,50.4,131,27.75,37.05000000000001,0,None
machine_L,2090,17.8,133,27.75,36.950000000000045,0,None
machine_L,1446,44.5,135,27.75,37.150000000000034,0,None
machine_M,1533,38.1,137,27.75,37.05000000000001,0,None
machine_L,1440,47.6,140,27.75,37.150000000000034,0,None
machine_M,1793,25.0,142,27.850000000000023,37.25,0,None
machine_M,1517,46.1,145,27.850000000000023,37.25,0,None
machine_L,1544,36.0,148,27.75,37.25,0,None
machine_L,1321,48.8,150,27.75,37.150000000000034,0,None
machine_M,1416,50.9,152,27.75,37.150000000000034,0,None
machine_L,1514,40.0,155,27.650000000000034,37.05000000000001,0,None
machine_M,1304,52.5,157,27.650000000000034,37.05000000000001,0,None
machine_L,1286,64.9,160,27.55000000000001,37.05000000000001,0,None
machine_M,1483,40.2,162,27.55000000000001,36.950000000000045,0,None
machine_L,1351,46.9,165,27.55000000000001,36.950000000000045,0,None
machine_M,1367,52.6,167,27.55000000000001,36.950000000000045,0,None
machine_L,1721,32.3,170,27.55000000000001,36.950000000000045,0,None
machine_L,1455,40.4,172,27.450000000000045,36.85000000000002,0,None
machine_L,1425,49.5,174,27.450000000000045,36.85000000000002,0,None
machine_L,1672,29.7,176,27.55000000000001,36.85000000000002,0,None
machine_M,1641,34.6,178,27.55000000000001,36.85000000000002,0,None
machine_M,1580,37.0,181,27.350000000000023,36.85000000000002,0,None
machine_H,1495,47.4,184,27.350000000000023,36.85000000000002,0,None
machine_M,1994,19.8,189,27.350000000000023,36.75,0,None
machine_M,1415,31.8,192,27.25,36.75,0,None
machine_M,1725,30.4,195,27.25,36.650000000000034,0,None
machine_M,1430,43.4,198,27.25,36.650000000000034,0,None
machine_L,1395,48.1,201,27.25,36.650000000000034,0,None
machine_M,1435,43.6,203,27.25,36.650000000000034,0,None
machine_L,1681,28.6,206,27.25,36.75,0,None
machine_L,1451,48.6,208,27.350000000000023,36.85000000000002,0,None
machine_H,1397,45.9,210,27.350000000000023,36.75,1,TWF
machine_M,1421,47.2,0,27.25,36.650000000000034,0,None
machine_M,1444,42.0,3,27.150000000000034,36.650000000000034,0,None
machine_L,1827,23.0,6,27.05000000000001,36.650000000000034,0,None
machine_H,1374,47.7,8,27.05000000000001,36.650000000000034,0,None
machine_L,1650,29.6,13,27.05000000000001,36.650000000000034,0,None
machine_L,1275,60.7,15,27.05000000000001,36.55000000000001,0,None
machine_L,1421,44.6,17,27.05000000000001,36.55000000000001,0,None
machine_L,1557,33.8,19,27.05000000000001,36.650000000000034,0,None
machine_L,1506,35.2,21,26.950000000000045,36.650000000000034,0,None
machine_L,1362,49.1,23,26.950000000000045,36.55000000000001,0,None
machine_L,1542,47.1,25,26.850000000000023,36.55000000000001,0,None
machine_L,1496,38.8,27,26.850000000000023,36.450000000000045,0,None
machine_M,1491,42.0,29,26.850000000000023,36.450000000000045,0,None
machine_L,1565,34.8,32,26.950000000000045,36.450000000000045,0,None
machine_L,1481,37.9,34,26.950000000000045,36.55000000000001,0,None
machine_M,1420,48.4,36,26.950000000000045,36.55000000000001,0,None
machine_L,1398,54.8,39,27.05000000000001,36.650000000000034,0,None
machine_M,1466,45.7,41,27.05000000000001,36.650000000000034,0,None
machine_L,1430,56.7,44,26.950000000000045,36.650000000000034,0,None
machine_L,1441,40.1,46,26.950000000000045,36.55000000000001,0,None
machine_M,1348,57.3,48,26.950000000000045,36.55000000000001,0,None
machine_L,1738,28.7,51,26.850000000000023,36.450000000000045,0,None
machine_M,1618,36.2,53,26.850000000000023,36.450000000000045,0,None
machine_M,1489,41.7,56,26.75,36.450000000000045,0,None
machine_M,1412,57.9,59,26.75,36.35000000000002,0,None
machine_M,2065,18.1,62,26.75,36.35000000000002,0,None
machine_L,1571,33.1,65,26.850000000000023,36.450000000000045,0,None
machine_M,1423,48.7,67,26.850000000000023,36.450000000000045,0,None
machine_H,1781,24.9,70,26.850000000000023,36.35000000000002,0,None
machine_L,1321,46.9,75,26.950000000000045,36.450000000000045,0,None
machine_L,1546,36.7,77,26.950000000000045,36.450000000000045,0,None
machine_M,1879,22.4,79,26.850000000000023,36.35000000000002,0,None
machine_H,1735,28.9,82,26.850000000000023,36.35000000000002,0,None
machine_L,1506,38.8,87,26.850000000000023,36.35000000000002,0,None
machine_H,1629,32.3,89,26.850000000000023,36.450000000000045,0,None
machine_L,1694,28.7,94,26.850000000000023,36.450000000000045,0,None
machine_L,1541,37.0,96,26.950000000000045,36.450000000000045,0,None
machine_L,1514,44.6,98,26.850000000000023,36.450000000000045,0,None
machine_L,1485,45.9,100,26.950000000000045,36.55000000000001,0,None
machine_L,1430,55.0,102,27.05000000000001,36.650000000000034,0,None
machine_L,1771,27.1,104,27.05000000000001,36.55000000000001,0,None
machine_L,1481,41.9,106,27.05000000000001,36.650000000000034,0,None
machine_H,1483,43.8,108,27.05000000000001,36.55000000000001,0,None
machine_H,1463,45.1,113,26.950000000000045,36.450000000000045,0,None
machine_L,1410,48.3,118,26.950000000000045,36.55000000000001,0,None
machine_L,1656,34.3,120,27.05000000000001,36.55000000000001,0,None
machine_M,1487,39.2,122,27.05000000000001,36.650000000000034,0,None
machine_H,1509,46.6,125,27.150000000000034,36.75,0,None
machine_H,1677,30.1,130,27.150000000000034,36.75,0,None
machine_L,1450,55.0,135,27.150000000000034,36.650000000000034,0,None
machine_M,1413,43.0,137,27.05000000000001,36.55000000000001,0,None
machine_L,1680,33.8,140,26.950000000000045,36.55000000000001,0,None
machine_L,1678,30.5,142,27.05000000000001,36.55000000000001,0,None
machine_M,1408,44.0,144,27.05000000000001,36.55000000000001,0,None
machine_M,1376,52.1,147,26.950000000000045,36.450000000000045,0,None
machine_L,1526,46.4,150,26.850000000000023,36.450000000000045,0,None
machine_M,1587,32.6,152,26.850000000000023,36.450000000000045,0,None
machine_L,1351,58.2,155,26.950000000000045,36.55000000000001,0,None
machine_M,1501,38.0,157,26.950000000000045,36.450000000000045,0,None
machine_L,1601,35.8,160,26.950000000000045,36.55000000000001,0,None
machine_M,1573,39.7,162,26.850000000000023,36.450000000000045,0,None
machine_M,1584,36.7,165,26.950000000000045,36.450000000000045,0,None
machine_L,1649,33.6,168,26.950000000000045,36.450000000000045,0,None
machine_M,1183,61.4,170,27.05000000000001,36.55000000000001,0,None
machine_L,2151,17.5,173,26.950000000000045,36.55000000000001,0,None
machine_L,1526,45.6,175,27.05000000000001,36.650000000000034,0,None
machine_M,1611,29.0,177,27.150000000000034,36.75,0,None
machine_L,1601,31.7,180,27.150000000000034,36.75,0,None
machine_L,1560,40.8,182,27.150000000000034,36.85000000000002,0,None
machine_L,1544,41.9,184,27.25,36.950000000000045,0,None
machine_M,1560,42.3,186,27.25,36.85000000000002,0,None
machine_L,1423,44.2,189,27.25,36.85000000000002,0,None
machine_L,1614,33.5,191,27.25,36.950000000000045,0,None
machine_M,1457,35.1,193,27.25,36.950000000000045,0,None
machine_L,1503,42.2,196,27.25,36.950000000000045,0,None
machine_H,1484,38.0,198,27.25,36.950000000000045,0,None
machine_L,1540,39.9,203,27.150000000000034,36.75,0,None
machine_H,1405,52.1,205,27.150000000000034,36.75,0,None
machine_H,1394,46.7,210,27.150000000000034,36.75,1,TWF
machine_L,1518,36.4,0,27.150000000000034,36.75,0,None
machine_L,1527,41.4,2,27.150000000000034,36.75,0,None
machine_L,1377,55.3,4,27.150000000000034,36.75,0,None
machine_M,1537,37.5,6,27.150000000000034,36.85000000000002,0,None
machine_M,1409,43.2,9,27.150000000000034,36.85000000000002,0,None
machine_L,1393,56.1,12,27.150000000000034,36.75,0,None
machine_L,1448,36.8,14,27.05000000000001,36.55000000000001,0,None
machine_L,1418,49.3,16,27.05000000000001,36.650000000000034,0,None
machine_M,1743,24.1,18,27.05000000000001,36.650000000000034,0,None
machine_M,1394,47.4,21,27.05000000000001,36.650000000000034,0,None
machine_L,1523,39.2,24,27.150000000000034,36.650000000000034,0,None
machine_L,1353,59.4,26,27.05000000000001,36.650000000000034,0,None
machine_M,1447,46.5,28,27.150000000000034,36.75,0,None
machine_L,1570,34.0,31,27.150000000000034,36.75,0,None
machine_M,1494,38.5,33,27.150000000000034,36.75,0,None
machine_L,1621,34.1,36,27.150000000000034,36.75,0,None
machine_L,1769,26.1,38,27.25,36.85000000000002,0,None
machine_L,1282,66.1,40,27.25,36.85000000000002,0,None
machine_L,1581,30.3,42,27.25,36.85000000000002,0,None
machine_L,1656,32.7,44,27.450000000000045,36.950000000000045,0,None
machine_L,1648,31.7,46,27.450000000000045,37.05000000000001,0,None
machine_L,1639,31.4,48,27.55000000000001,37.05000000000001,0,None
machine_L,1348,54.8,50,27.55000000000001,37.05000000000001,0,None
machine_L,1537,33.3,52,27.650000000000034,37.150000000000034,0,None
machine_M,1270,61.0,54,27.650000000000034,37.150000000000034,0,None
machine_L,1662,34.4,57,27.55000000000001,37.150000000000034,0,None
machine_M,1471,40.2,59,27.55000000000001,37.150000000000034,0,None
machine_L,1337,45.8,62,27.450000000000045,36.950000000000045,0,None
machine_H,1877,24.8,64,27.55000000000001,37.05000000000001,0,None
machine_L,1519,44.6,69,27.450000000000045,37.05000000000001,0,None
machine_L,1378,47.3,71,27.450000000000045,37.05000000000001,0,None
machine_L,1696,27.5,73,27.55000000000001,37.05000000000001,0,None
machine_L,1376,50.8,75,27.55000000000001,36.950000000000045,0,None
machine_L,1807,24.2,77,27.55000000000001,37.05000000000001,0,None
machine_L,1598,32.8,79,27.55000000000001,36.950000000000045,0,None
machine_L,1565,40.2,81,27.55000000000001,36.950000000000045,0,None
machine_L,1387,50.6,83,27.55000000000001,37.05000000000001,0,None
machine_L,1395,48.0,85,27.55000000000001,36.85000000000002,0,None
machine_M,1302,62.9,87,27.450000000000045,36.85000000000002,0,None
machine_M,1397,55.2,90,27.450000000000045,36.85000000000002,0,None
machine_L,1313,52.9,93,27.450000000000045,36.85000000000002,0,None
machine_L,1505,35.9,95,27.450000000000045,36.85000000000002,0,None
machine_H,1483,44.0,97,27.450000000000045,36.85000000000002,0,None
machine_H,1358,60.4,102,27.350000000000023,36.85000000000002,0,None
machine_M,1735,27.0,107,27.350000000000023,36.75,0,None
machine_M,1416,48.5,110,27.350000000000023,36.650000000000034,0,None
machine_L,1740,31.1,113,27.25,36.55000000000001,0,None
machine_L,1692,27.4,115,27.25,36.55000000000001,0,None
machine_L,1507,42.5,117,27.350000000000023,36.650000000000034,0,None
machine_M,1521,35.0,119,27.25,36.450000000000045,0,None
machine_L,1379,54.5,122,27.25,36.450000000000045,0,None
machine_L,1523,38.5,124,27.25,36.450000000000045,0,None
machine_H,1571,33.6,126,27.25,36.450000000000045,0,None
machine_H,1547,50.7,131,27.25,36.35000000000002,0,None
machine_M,1347,54.3,136,27.350000000000023,36.55000000000001,0,None
machine_L,1560,30.2,139,27.350000000000023,36.55000000000001,0,None
machine_L,1384,48.6,141,27.350000000000023,36.55000000000001,0,None
machine_L,1841,24.6,143,27.350000000000023,36.55000000000001,0,None
machine_L,1663,29.1,145,27.350000000000023,36.650000000000034,1,Unknown
machine_L,1418,42.7,147,27.450000000000045,36.650000000000034,0,None
machine_L,1775,26.6,149,27.55000000000001,36.75,0,None
machine_L,1406,48.4,151,27.55000000000001,36.650000000000034,0,None
machine_L,1480,43.7,153,27.450000000000045,36.75,0,None
machine_L,1412,45.3,155,27.55000000000001,36.75,0,None
machine_H,1913,22.5,157,27.450000000000045,36.650000000000034,0,None
machine_L,1629,37.6,162,27.450000000000045,36.650000000000034,0,None
machine_L,1939,21.4,164,27.350000000000023,36.650000000000034,0,None
machine_H,1541,36.2,166,27.450000000000045,36.650000000000034,0,None
machine_L,1330,54.4,171,27.55000000000001,36.650000000000034,0,None
machine_M,1490,38.8,173,27.55000000000001,36.650000000000034,0,None
machine_L,1383,44.5,176,27.55000000000001,36.75,0,None
machine_L,1468,52.7,178,27.650000000000034,36.85000000000002,0,None
machine_M,1444,46.0,180,27.650000000000034,36.75,0,None
machine_L,1363,53.1,183,27.55000000000001,36.650000000000034,0,None
machine_L,1617,33.2,185,27.450000000000045,36.55000000000001,0,None
machine_M,1694,31.1,187,27.450000000000045,36.650000000000034,0,None
machine_L,1815,27.0,190,27.55000000000001,36.75,0,None
machine_L,1312,65.3,192,27.650000000000034,36.75,1,OSF
machine_H,2041,19.2,194,27.650000000000034,36.75,0,None
machine_L,1671,26.8,199,27.75,36.85000000000002,0,None
machine_M,1416,46.6,201,27.75,36.85000000000002,0,None
machine_M,1600,36.0,204,27.75,36.85000000000002,0,None
machine_L,2595,13.7,207,27.75,36.85000000000002,0,None
machine_M,1465,42.9,209,27.75,36.75,0,None
machine_M,1681,27.4,212,27.850000000000023,36.950000000000045,0,None
machine_L,1457,39.6,215,27.950000000000045,36.950000000000045,0,None
machine_H,1454,44.1,217,27.850000000000023,36.950000000000045,0,None
machine_L,1558,32.6,0,27.850000000000023,36.950000000000045,0,None
machine_H,1756,30.7,2,27.850000000000023,36.950000000000045,0,None
machine_L,1564,36.8,7,27.950000000000045,36.950000000000045,0,None
machine_L,1455,55.3,9,27.950000000000045,37.05000000000001,0,None
machine_M,2280,15.7,11,28.05000000000001,36.950000000000045,0,None
machine_M,1433,48.1,14,27.950000000000045,36.85000000000002,0,None
machine_L,1513,38.0,17,27.950000000000045,36.85000000000002,0,None
machine_L,1507,41.8,19,27.850000000000023,36.75,0,None
machine_L,1480,43.5,21,27.850000000000023,36.85000000000002,0,None
machine_H,1470,40.1,23,27.950000000000045,36.85000000000002,0,None
machine_L,1540,36.6,28,27.950000000000045,36.950000000000045,0,None
machine_H,1212,67.9,30,27.850000000000023,36.85000000000002,0,None
machine_L,1417,46.9,35,27.950000000000045,36.950000000000045,0,None
machine_M,1666,34.9,37,28.05000000000001,36.950000000000045,0,None
machine_L,1666,27.2,40,27.950000000000045,36.950000000000045,0,None
machine_L,1489,45.8,42,27.950000000000045,36.950000000000045,0,None
machine_M,1850,27.7,44,27.950000000000045,37.05000000000001,0,None
machine_L,1874,24.8,47,27.950000000000045,37.25,0,None
machine_L,1312,73.6,49,27.950000000000045,37.25,1,PWF
machine_L,1515,38.4,51,28.05000000000001,37.25,0,None
machine_L,1516,44.4,53,28.05000000000001,37.25,0,None
machine_L,1546,40.0,55,28.05000000000001,37.35000000000002,0,None
machine_L,1481,40.9,57,28.150000000000034,37.450000000000045,0,None
machine_H,1605,32.5,59,28.150000000000034,37.450000000000045,0,None
machine_H,1656,26.2,64,28.05000000000001,37.55000000000001,0,None
machine_H,1352,52.0,69,28.05000000000001,37.450000000000045,0,None
machine_L,1504,47.2,74,28.150000000000034,37.55000000000001,0,None
machine_L,1436,44.2,76,28.150000000000034,37.450000000000045,0,None
machine_H,1505,43.6,78,28.05000000000001,37.35000000000002,0,None
machine_L,1406,47.1,83,28.150000000000034,37.35000000000002,0,None
machine_M,1481,39.7,85,28.150000000000034,37.35000000000002,0,None
machine_L,1487,44.6,88,28.25,37.55000000000001,0,None
machine_L,1436,54.1,90,28.25,37.55000000000001,0,None
machine_M,1368,63.7,92,28.25,37.55000000000001,1,PWF
machine_L,1509,38.3,95,28.25,37.55000000000001,0,None
machine_L,1543,36.9,97,28.25,37.650000000000034,0,None
machine_L,1698,29.6,99,28.25,37.650000000000034,0,None
machine_M,1470,46.5,101,28.25,37.55000000000001,0,None
machine_M,1738,30.3,104,28.25,37.650000000000034,0,None
machine_M,1530,39.9,107,28.25,37.650000000000034,0,None
machine_L,1740,29.2,110,28.25,37.650000000000034,0,None
machine_L,1770,24.1,112,28.25,37.650000000000034,0,None
machine_H,1527,44.0,114,28.150000000000034,37.450000000000045,0,None
machine_L,1516,46.0,119,28.150000000000034,37.55000000000001,0,None
machine_L,1616,36.5,121,28.25,37.55000000000001,0,None
machine_L,1786,26.1,123,28.25,37.55000000000001,0,None
machine_L,1389,52.7,125,28.25,37.650000000000034,0,None
machine_M,1639,29.8,127,28.25,37.55000000000001,0,None
machine_H,1394,46.7,130,28.350000000000023,37.55000000000001,0,None
machine_L,1686,27.9,135,28.350000000000023,37.55000000000001,0,None
machine_M,1638,31.9,137,28.350000000000023,37.450000000000045,0,None
machine_M,1447,41.9,140,28.350000000000023,37.450000000000045,0,None
machine_H,1512,39.0,143,28.350000000000023,37.450000000000045,0,None
machine_L,1961,21.8,148,28.450000000000045,37.650000000000034,0,None
machine_L,1596,35.4,150,28.350000000000023,37.55000000000001,0,None
machine_M,1871,21.3,152,28.350000000000023,37.55000000000001,0,None
machine_L,1942,20.5,155,28.350000000000023,37.55000000000001,0,None
machine_L,1557,38.2,157,28.25,37.450000000000045,0,None
machine_L,1550,36.8,159,28.25,37.450000000000045,0,None
machine_L,1966,22.6,161,28.150000000000034,37.450000000000045,0,None
machine_M,1499,36.1,163,28.150000000000034,37.450000000000045,0,None
machine_L,1521,36.3,166,28.150000000000034,37.450000000000045,0,None
machine_M,1375,42.0,168,28.25,37.55000000000001,0,None
machine_L,1634,31.1,171,28.25,37.450000000000045,0,None
machine_M,1378,49.4,173,28.150000000000034,37.450000000000045,0,None
machine_L,1428,53.7,176,28.25,37.55000000000001,0,None
machine_M,1855,25.3,178,28.25,37.450000000000045,0,None
machine_L,1578,33.0,181,28.25,37.450000000000045,0,None
machine_M,1451,45.3,183,28.25,37.35000000000002,0,None
machine_L,1644,34.9,186,28.350000000000023,37.35000000000002,0,None
machine_L,1388,45.3,188,28.25,37.25,0,None
machine_L,1543,40.9,190,28.25,37.25,0,None
machine_L,1501,41.6,192,28.150000000000034,37.25,0,None
machine_L,1507,39.1,194,28.150000000000034,37.25,0,None
machine_L,1559,36.0,196,28.25,37.25,0,None
machine_L,1528,35.7,198,28.350000000000023,37.35000000000002,0,None
machine_M,1503,38.2,200,28.350000000000023,37.35000000000002,0,None
machine_L,1372,44.0,203,28.350000000000023,37.35000000000002,0,None
machine_M,1600,32.8,205,28.350000000000023,37.35000000000002,0,None
machine_L,1453,44.0,208,28.350000000000023,37.450000000000045,0,None
machine_M,1813,24.6,210,28.450000000000045,37.55000000000001,0,None
machine_L,1457,40.4,213,28.450000000000045,37.55000000000001,0,None
machine_M,1553,38.9,0,28.450000000000045,37.450000000000045,0,None
machine_L,1763,25.9,3,28.55000000000001,37.55000000000001,0,None
machine_L,2023,20.9,5,28.55000000000001,37.55000000000001,0,None
machine_M,1457,47.8,7,28.450000000000045,37.55000000000001,0,None
machine_L,1679,29.5,10,28.450000000000045,37.55000000000001,0,None
machine_L,2103,19.7,12,28.450000000000045,37.450000000000045,0,None
machine_M,1460,38.6,14,28.350000000000023,37.55000000000001,0,None
machine_M,1454,39.4,17,28.350000000000023,37.55000000000001,0,None
machine_L,1481,46.8,20,28.350000000000023,37.450000000000045,0,None
machine_L,1424,51.1,22,28.350000000000023,37.55000000000001,0,None
machine_L,1494,39.5,24,28.450000000000045,37.55000000000001,0,None
machine_M,1424,47.0,26,28.350000000000023,37.450000000000045,0,None
machine_M,1347,47.9,29,28.350000000000023,37.55000000000001,0,None
machine_L,1374,46.7,32,28.350000000000023,37.450000000000045,0,None
machine_M,1403,47.4,34,28.350000000000023,37.450000000000045,0,None
machine_M,1573,37.4,37,28.350000000000023,37.450000000000045,0,None
machine_M,1691,30.1,40,28.450000000000045,37.450000000000045,0,None
machine_H,1538,44.3,43,28.350000000000023,37.35000000000002,0,None
machine_L,1556,39.1,48,28.350000000000023,37.35000000000002,0,None
machine_M,1593,36.8,50,28.350000000000023,37.25,0,None
machine_L,1474,39.9,53,28.350000000000023,37.25,0,None
machine_L,1543,34.0,55,28.350000000000023,37.25,0,None
machine_H,1587,33.8,57,28.350000000000023,37.35000000000002,0,None
machine_L,1222,70.0,62,28.450000000000045,37.450000000000045,0,None
machine_L,1513,41.1,64,28.55000000000001,37.450000000000045,0,None
machine_L,1660,28.7,66,28.55000000000001,37.450000000000045,0,None
machine_L,1545,42.1,68,28.55000000000001,37.450000000000045,0,None
machine_M,1380,45.8,70,28.55000000000001,37.450000000000045,0,None
machine_L,1321,60.8,73,28.450000000000045,37.450000000000045,0,None
machine_M,1309,65.8,75,28.450000000000045,37.450000000000045,1,PWF
machine_M,1627,31.3,78,28.55000000000001,37.55000000000001,0,None
machine_M,1791,23.8,81,28.450000000000045,37.55000000000001,0,None
machine_M,1861,21.8,84,28.55000000000001,37.55000000000001,0,None
machine_L,1493,51.1,87,28.55000000000001,37.55000000000001,0,None
machine_M,1442,41.1,89,28.55000000000001,37.55000000000001,0,None
machine_L,1532,39.8,92,28.55000000000001,37.55000000000001,0,None
machine_M,1421,44.4,94,28.450000000000045,37.55000000000001,0,None
machine_L,1613,42.5,97,28.450000000000045,37.450000000000045,0,None
machine_M,1876,22.1,99,28.55000000000001,37.450000000000045,0,None
machine_L,1593,34.5,102,28.450000000000045,37.35000000000002,0,None
machine_L,1397,49.4,104,28.450000000000045,37.35000000000002,0,None
machine_M,1414,49.3,106,28.450000000000045,37.35000000000002,0,None
machine_M,1378,55.3,109,28.350000000000023,37.25,0,None
machine_L,1301,51.2,112,28.25,37.25,0,None
machine_M,1737,29.3,114,28.350000000000023,37.35000000000002,0,None
machine_L,1396,44.5,117,28.350000000000023,37.35000000000002,0,None
machine_L,1534,39.3,119,28.350000000000023,37.35000000000002,0,None
machine_M,1774,25.5,121,28.350000000000023,37.35000000000002,0,None
machine_H,1453,48.0,124,28.350000000000023,37.35000000000002,0,None
machine_L,1453,44.2,129,28.350000000000023,37.35000000000002,0,None
machine_L,1380,48.4,131,28.25,37.35000000000002,0,None
machine_L,1334,43.2,133,28.25,37.25,0,None
machine_L,1702,28.7,135,28.350000000000023,37.35000000000002,0,None
machine_L,1431,37.5,137,28.450000000000045,37.450000000000045,0,None
machine_M,1308,60.5,139,28.350000000000023,37.35000000000002,0,None
machine_L,1565,43.9,142,28.350000000000023,37.450000000000045,0,None
machine_M,1486,39.6,144,28.350000000000023,37.25,0,None
machine_L,1479,34.2,147,28.350000000000023,37.35000000000002,0,None
machine_L,1927,22.4,149,28.350000000000023,37.35000000000002,0,None
machine_L,1488,41.1,151,28.350000000000023,37.25,0,None
machine_M,1350,54.9,153,28.350000000000023,37.25,0,None
machine_L,1561,35.3,156,28.450000000000045,37.25,0,None
machine_M,1276,55.6,158,28.350000000000023,37.25,0,None
machine_H,1580,35.7,161,28.350000000000023,37.25,0,None
machine_M,1610,29.1,166,28.25,37.150000000000034,0,None
machine_L,2203,16.6,169,28.25,37.150000000000034,0,None
machine_L,1639,32.7,171,28.25,37.150000000000034,0,None
machine_M,1553,44.7,173,28.25,37.25,0,None
machine_L,1374,47.6,176,28.25,37.150000000000034,0,None
machine_L,1430,50.9,178,28.25,37.25,0,None
machine_L,1626,31.3,180,28.150000000000034,37.150000000000034,0,None
machine_H,1421,43.8,182,28.25,37.35000000000002,0,None
machine_M,1501,39.8,187,28.150000000000034,37.25,0,None
machine_M,2093,18.7,190,28.150000000000034,37.25,0,None
machine_L,1504,47.2,193,28.150000000000034,37.25,0,None
machine_L,1538,38.4,195,28.150000000000034,37.25,0,None
machine_L,1440,41.5,197,28.150000000000034,37.25,0,None
machine_L,1414,51.4,199,28.150000000000034,37.25,0,None
machine_H,1536,39.9,201,28.25,37.35000000000002,0,None
machine_L,1476,39.2,206,28.25,37.35000000000002,0,None
machine_L,1571,33.9,208,28.25,37.35000000000002,0,None
machine_L,1998,20.2,210,28.350000000000023,37.450000000000045,0,None
machine_L,1357,42.1,212,28.350000000000023,37.450000000000045,0,None
machine_L,1424,50.5,214,28.450000000000045,37.55000000000001,0,None
machine_L,1380,51.8,216,28.450000000000045,37.55000000000001,1,OSF
machine_L,1618,35.5,218,28.350000000000023,37.55000000000001,0,None
machine_L,1579,28.0,220,28.350000000000023,37.450000000000045,0,None
machine_L,1423,44.0,222,28.350000000000023,37.55000000000001,0,None
machine_L,1435,38.5,224,28.350000000000023,37.55000000000001,0,None
machine_M,1336,65.6,0,28.350000000000023,37.55000000000001,1,PWF
machine_L,1392,42.4,3,28.450000000000045,37.650000000000034,0,None
machine_L,1417,49.7,5,28.350000000000023,37.650000000000034,0,None
machine_L,1425,45.1,7,28.25,37.55000000000001,0,None
machine_L,1512,38.9,9,28.350000000000023,37.650000000000034,0,None
machine_L,1318,50.6,11,28.350000000000023,37.75,0,None
machine_L,1538,40.4,13,28.450000000000045,37.75,0,None
machine_L,1532,43.6,15,28.450000000000045,37.75,0,None
machine_L,1715,24.8,17,28.55000000000001,37.85000000000002,0,None
machine_L,1700,28.7,19,28.55000000000001,37.85000000000002,0,None
machine_L,1548,40.3,21,28.55000000000001,37.85000000000002,0,None
machine_L,1546,43.0,23,28.55000000000001,37.85000000000002,0,None
machine_L,1343,49.2,25,28.55000000000001,37.85000000000002,0,None
machine_M,1510,47.8,27,28.55000000000001,37.85000000000002,0,None
machine_M,1839,23.6,30,28.650000000000034,37.85000000000002,0,None
machine_M,1756,26.7,33,28.650000000000034,37.85000000000002,0,None
machine_M,1300,62.7,36,28.55000000000001,37.75,0,None
machine_M,1311,55.8,39,28.55000000000001,37.85000000000002,0,None
machine_L,1636,31.3,42,28.55000000000001,37.75,0,None
machine_L,1643,34.1,44,28.450000000000045,37.75,0,None
machine_L,1418,44.7,46,28.450000000000045,37.650000000000034,0,None
machine_M,1516,40.4,48,28.55000000000001,37.650000000000034,0,None
machine_H,1419,50.2,51,28.450000000000045,37.75,0,None
machine_L,1623,34.1,56,28.450000000000045,37.75,0,None
machine_M,1664,32.0,58,28.450000000000045,37.650000000000034,0,None
machine_M,1744,28.2,61,28.350000000000023,37.55000000000001,0,None
machine_M,1510,36.0,64,28.350000000000023,37.55000000000001,0,None
machine_M,1382,58.1,67,28.350000000000023,37.450000000000045,0,None
machine_L,1381,46.1,70,28.25,37.450000000000045,0,None
machine_L,1556,39.0,72,28.150000000000034,37.450000000000045,0,None
machine_M,1464,37.4,74,28.25,37.450000000000045,0,None
machine_L,1481,37.6,77,28.25,37.450000000000045,0,None
machine_L,1323,49.7,79,28.350000000000023,37.55000000000001,0,None
machine_L,1426,46.1,81,28.350000000000023,37.55000000000001,0,None
machine_H,1516,36.4,83,28.25,37.55000000000001,0,None
machine_L,1416,45.2,88,28.150000000000034,37.450000000000045,0,None
machine_L,1440,53.8,90,28.150000000000034,37.450000000000045,0,None
machine_L,1576,30.4,92,28.150000000000034,37.450000000000045,0,None
machine_L,1387,53.6,94,28.150000000000034,37.450000000000045,0,None
machine_M,1464,48.6,96,28.25,37.450000000000045,0,None
machine_L,2137,18.0,99,28.25,37.450000000000045,0,None
machine_M,1431,40.6,101,28.25,37.450000000000045,0,None
machine_L,1458,48.0,104,28.150000000000034,37.450000000000045,0,None
machine_L,1280,61.0,106,28.25,37.55000000000001,0,None
machine_L,1657,28.7,108,28.25,37.55000000000001,0,None
machine_M,1565,36.1,110,28.25,37.450000000000045,0,None
machine_L,1560,36.8,113,28.150000000000034,37.450000000000045,0,None
machine_M,1359,47.1,115,28.350000000000023,37.55000000000001,0,None
machine_L,1500,41.0,118,28.350000000000023,37.650000000000034,0,None
machine_L,1785,25.5,120,28.350000000000023,37.650000000000034,0,None
machine_L,1891,23.2,122,28.350000000000023,37.75,0,None
machine_H,1524,40.4,124,28.350000000000023,37.75,0,None
machine_M,1431,42.3,129,28.450000000000045,37.85000000000002,0,None
machine_L,1385,51.2,132,28.450000000000045,37.75,0,None
machine_L,1503,44.8,134,28.55000000000001,37.85000000000002,0,None
machine_M,1311,46.8,136,28.55000000000001,37.85000000000002,0,None
machine_M,1575,40.1,139,28.450000000000045,37.75,0,None
machine_L,1485,40.1,142,28.450000000000045,37.85000000000002,0,None
machine_L,1527,42.2,144,28.55000000000001,37.85000000000002,0,None
machine_M,1537,33.5,146,28.55000000000001,37.85000000000002,0,None
machine_H,1463,50.1,149,28.650000000000034,37.950000000000045,0,None
machine_L,1482,43.6,154,28.55000000000001,38.05000000000001,0,None
machine_L,1417,55.9,156,28.650000000000034,38.05000000000001,0,None
machine_M,1506,39.5,158,28.55000000000001,37.950000000000045,0,None
machine_H,1639,30.0,161,28.55000000000001,38.05000000000001,0,None
machine_L,1418,38.0,166,28.55000000000001,38.05000000000001,0,None
machine_M,1298,58.1,168,28.55000000000001,37.85000000000002,0,None
machine_M,1395,44.6,171,28.650000000000034,37.950000000000045,0,None
machine_M,1578,40.5,174,28.55000000000001,37.950000000000045,0,None
machine_M,1597,29.8,177,28.650000000000034,37.950000000000045,0,None
machine_H,2016,19.3,180,28.55000000000001,37.85000000000002,0,None
machine_L,1585,35.9,185,28.55000000000001,37.85000000000002,0,None
machine_M,1505,44.0,187,28.55000000000001,37.85000000000002,0,None
machine_M,1505,37.1,190,28.55000000000001,37.85000000000002,0,None
machine_L,1706,29.5,193,28.450000000000045,37.75,0,None
machine_L,1385,50.7,195,28.450000000000045,37.75,0,None
machine_L,1495,36.9,197,28.650000000000034,37.950000000000045,0,None
machine_M,1663,31.6,199,28.650000000000034,37.950000000000045,0,None
machine_L,1840,26.6,202,28.650000000000034,38.05000000000001,0,None
machine_L,1822,26.2,204,28.650000000000034,38.05000000000001,0,None
machine_L,1644,32.8,206,28.55000000000001,37.950000000000045,0,None
machine_L,1441,44.3,208,28.55000000000001,37.85000000000002,1,TWF
machine_L,1451,40.6,0,28.350000000000023,37.75,0,None
machine_L,1400,50.8,2,28.350000000000023,37.75,0,None
machine_L,1362,53.2,4,28.25,37.650000000000034,0,None
machine_M,1782,26.5,6,28.25,37.650000000000034,0,None
machine_L,1536,38.3,9,28.25,37.75,0,None
machine_L,1580,32.3,11,28.350000000000023,37.75,0,None
machine_M,1427,43.2,13,28.25,37.85000000000002,0,None
machine_L,1509,41.7,16,28.150000000000034,37.75,0,None
machine_H,1434,39.5,18,28.150000000000034,37.650000000000034,0,None
machine_L,1392,52.6,23,28.05000000000001,37.650000000000034,0,None
machine_M,1509,40.1,25,28.150000000000034,37.650000000000034,0,None
machine_M,1962,22.5,28,28.05000000000001,37.55000000000001,0,None
machine_L,1536,39.3,31,28.150000000000034,37.55000000000001,0,None
machine_L,1381,47.9,33,28.150000000000034,37.650000000000034,0,None
machine_H,1747,27.3,35,28.05000000000001,37.55000000000001,0,None
machine_L,1670,30.0,40,28.05000000000001,37.450000000000045,0,None
machine_L,1451,47.5,42,28.150000000000034,37.450000000000045,0,None
machine_L,1951,21.3,44,28.05000000000001,37.55000000000001,0,None
machine_M,1819,25.5,46,28.150000000000034,37.55000000000001,0,None
machine_M,1372,54.2,49,28.150000000000034,37.650000000000034,0,None
machine_L,1560,38.5,52,28.150000000000034,37.650000000000034,0,None
machine_M,1494,35.3,54,28.150000000000034,37.650000000000034,0,None
machine_L,1531,53.4,57,28.150000000000034,37.650000000000034,0,None
machine_L,1450,46.9,59,28.150000000000034,37.650000000000034,0,None
machine_M,1391,52.5,61,28.150000000000034,37.55000000000001,0,None
machine_L,1389,45.3,64,28.05000000000001,37.450000000000045,0,None
machine_L,1409,50.9,66,28.05000000000001,37.450000000000045,0,None
machine_H,1388,58.5,68,27.950000000000045,37.450000000000045,0,None
machine_M,1410,43.9,73,27.950000000000045,37.450000000000045,0,None
machine_M,1646,30.7,76,27.950000000000045,37.35000000000002,0,None
machine_M,2219,16.7,79,27.950000000000045,37.55000000000001,0,None
machine_L,1551,41.2,82,28.05000000000001,37.55000000000001,0,None
machine_L,1811,24.0,84,28.05000000000001,37.450000000000045,0,None
machine_L,1608,31.4,86,28.150000000000034,37.55000000000001,0,None
machine_L,1428,55.2,88,28.150000000000034,37.650000000000034,0,None
machine_L,1477,50.4,90,28.25,37.650000000000034,0,None
machine_M,1300,58.3,92,28.150000000000034,37.55000000000001,0,None
machine_M,1615,34.9,95,28.05000000000001,37.55000000000001,0,None
machine_L,1676,32.4,98,28.05000000000001,37.55000000000001,0,None
machine_M,2636,12.2,100,27.950000000000045,37.55000000000001,1,PWF
machine_M,1310,48.8,103,27.950000000000045,37.450000000000045,0,None
machine_L,1334,48.2,106,27.950000000000045,37.55000000000001,0,None
machine_M,1621,31.0,108,27.950000000000045,37.55000000000001,0,None
machine_M,1367,43.4,111,27.950000000000045,37.55000000000001,0,None
machine_L,1588,33.7,114,27.850000000000023,37.450000000000045,0,None
machine_M,1497,37.6,116,27.850000000000023,37.55000000000001,0,None
machine_L,1608,32.9,119,27.950000000000045,37.650000000000034,0,None
machine_L,1549,41.4,121,27.850000000000023,37.650000000000034,0,None
machine_L,1391,45.0,123,27.850000000000023,37.55000000000001,0,None
machine_L,1490,38.1,125,27.75,37.650000000000034,0,None
machine_L,1727,34.5,127,27.850000000000023,37.55000000000001,0,None
machine_L,1504,46.4,129,27.75,37.450000000000045,0,None
machine_L,1350,53.8,131,27.75,37.450000000000045,0,None
machine_M,1420,43.0,133,27.75,37.55000000000001,0,None
machine_H,1465,44.1,136,27.650000000000034,37.450000000000045,0,None
machine_L,1427,44.1,141,27.75,37.55000000000001,0,None
machine_L,1477,43.2,143,27.75,37.55000000000001,0,None
machine_M,1493,48.1,145,27.850000000000023,37.55000000000001,0,None
machine_M,1657,29.9,148,27.850000000000023,37.55000000000001,0,None
machine_L,1359,46.0,151,27.75,37.55000000000001,0,None
machine_L,1551,34.5,153,27.650000000000034,37.450000000000045,0,None
machine_M,1545,37.5,155,27.650000000000034,37.450000000000045,0,None
machine_M,1709,29.2,158,27.75,37.450000000000045,0,None
machine_M,1268,56.3,161,27.75,37.55000000000001,0,None
machine_L,1740,25.3,164,27.75,37.55000000000001,0,None
machine_L,1828,25.1,166,27.850000000000023,37.75,0,None
machine_L,1822,21.6,168,27.850000000000023,37.75,0,None
machine_M,1515,41.8,170,27.850000000000023,37.75,0,None
machine_L,1392,52.9,173,27.850000000000023,37.75,0,None
machine_H,1474,35.7,175,27.75,37.75,0,None
machine_M,1359,53.4,180,27.850000000000023,37.75,0,None
machine_L,1565,52.3,183,27.950000000000045,37.85000000000002,0,None
machine_M,1384,42.5,185,27.950000000000045,37.950000000000045,0,None
machine_L,1387,53.1,188,27.950000000000045,37.950000000000045,0,None
machine_L,1378,51.1,190,27.950000000000045,37.85000000000002,0,None
machine_L,1809,25.7,192,27.850000000000023,37.75,0,None
machine_H,1339,52.8,194,27.950000000000045,37.85000000000002,0,None
machine_M,1423,38.6,199,27.850000000000023,37.85000000000002,0,None
machine_L,1570,41.6,202,27.950000000000045,37.950000000000045,0,None
machine_L,1558,34.1,204,28.05000000000001,38.05000000000001,0,None
machine_L,1799,21.7,206,27.950000000000045,37.950000000000045,0,None
machine_M,1591,35.0,208,27.950000000000045,38.05000000000001,0,None
machine_L,1635,29.6,211,28.05000000000001,38.05000000000001,0,None
machine_L,1509,42.5,213,28.150000000000034,38.150000000000034,0,None
machine_M,1838,23.2,215,28.150000000000034,38.25,0,None
machine_M,1648,32.4,0,28.150000000000034,38.35000000000002,0,None
machine_M,1498,49.5,3,28.05000000000001,38.35000000000002,0,None
machine_L,1757,28.0,6,28.05000000000001,38.25,0,None
machine_M,1389,53.3,8,27.950000000000045,38.150000000000034,0,None
machine_L,1498,37.6,11,27.950000000000045,38.150000000000034,0,None
machine_M,1521,35.8,13,27.850000000000023,38.05000000000001,0,None
machine_M,1394,41.3,16,27.850000000000023,38.05000000000001,0,None
machine_H,1602,32.7,19,27.850000000000023,38.05000000000001,0,None
machine_L,1417,40.7,24,27.75,37.950000000000045,0,None
machine_L,1511,42.9,26,27.850000000000023,38.05000000000001,0,None
machine_M,1654,30.7,28,27.950000000000045,38.150000000000034,0,None
machine_M,1836,22.8,31,27.950000000000045,38.150000000000034,0,None
machine_L,1622,35.6,34,27.950000000000045,38.150000000000034,0,None
machine_L,1467,45.4,36,27.850000000000023,38.05000000000001,0,None
machine_M,1909,22.7,38,27.950000000000045,38.150000000000034,0,None
machine_L,1910,20.2,41,27.950000000000045,38.05000000000001,0,None
machine_H,2207,16.6,43,27.950000000000045,38.150000000000034,0,None
machine_M,1384,49.4,48,27.950000000000045,38.05000000000001,0,None
machine_L,1630,29.5,51,27.950000000000045,38.150000000000034,0,None
machine_L,1268,60.0,53,27.950000000000045,38.150000000000034,0,None
machine_L,1531,38.7,55,27.950000000000045,38.25,0,None
machine_M,1454,41.5,57,27.850000000000023,38.150000000000034,0,None
machine_L,1342,50.9,60,27.850000000000023,38.150000000000034,0,None
machine_L,1363,46.3,62,27.850000000000023,38.05000000000001,0,None
machine_L,1412,42.1,64,27.850000000000023,38.05000000000001,0,None
machine_H,1597,39.2,66,27.850000000000023,38.150000000000034,0,None
machine_L,1349,47.0,71,27.850000000000023,38.150000000000034,0,None
machine_L,1472,35.3,73,27.850000000000023,38.150000000000034,0,None
machine_L,1478,39.5,75,27.850000000000023,38.25,0,None
machine_H,1295,58.9,77,27.75,38.150000000000034,0,None
machine_M,1592,32.9,82,27.650000000000034,38.05000000000001,0,None
machine_L,1430,54.4,85,27.650000000000034,38.05000000000001,0,None
machine_M,1488,40.1,87,27.650000000000034,38.05000000000001,0,None
machine_H,1518,35.0,90,27.75,38.05000000000001,0,None
machine_H,2237,17.0,95,27.650000000000034,38.05000000000001,0,None
machine_M,1801,24.6,100,27.75,38.150000000000034,0,None
machine_L,1573,37.6,103,27.850000000000023,38.25,0,None
machine_L,2073,21.4,105,27.75,38.25,0,None
machine_L,1953,19.4,107,27.75,38.150000000000034,0,None
machine_L,1492,39.0,109,27.650000000000034,38.05000000000001,0,None
machine_L,1397,48.7,111,27.650000000000034,38.05000000000001,0,None
machine_M,1465,43.2,113,27.650000000000034,38.150000000000034,0,None
machine_L,1782,26.9,116,27.650000000000034,38.150000000000034,0,None
machine_M,1434,45.4,118,27.75,38.25,0,None
machine_H,1387,42.7,121,27.75,38.25,0,None
machine_M,1532,41.5,126,27.75,38.25,0,None
machine_L,1505,41.1,129,27.75,38.35000000000002,0,None
machine_L,1440,43.3,131,27.850000000000023,38.450000000000045,0,None
machine_L,1470,43.4,133,27.850000000000023,38.450000000000045,0,None
machine_L,1408,46.3,135,27.950000000000045,38.55000000000001,0,None
machine_M,1357,45.6,137,27.850000000000023,38.450000000000045,0,None
machine_M,1454,40.0,140,27.850000000000023,38.450000000000045,0,None
machine_L,1352,63.5,143,27.850000000000023,38.450000000000045,0,None
machine_M,1448,43.9,145,27.850000000000023,38.450000000000045,0,None
machine_L,1671,33.5,148,27.75,38.450000000000045,0,None
machine_L,1670,31.3,150,27.850000000000023,38.55000000000001,0,None
machine_L,1547,34.5,152,27.850000000000023,38.55000000000001,0,None
machine_L,1461,40.6,154,27.850000000000023,38.450000000000045,0,None
machine_M,1609,35.8,156,27.850000000000023,38.450000000000045,0,None
machine_M,1704,31.3,159,27.75,38.35000000000002,0,None
machine_M,1550,34.9,162,27.850000000000023,38.35000000000002,0,None
machine_M,1530,43.9,165,27.850000000000023,38.35000000000002,0,None
machine_L,1449,40.2,168,27.75,38.150000000000034,0,None
machine_L,1613,32.7,170,27.75,38.150000000000034,0,None
machine_L,1376,48.1,172,27.650000000000034,38.05000000000001,0,None
machine_L,1434,45.6,174,27.650000000000034,38.05000000000001,0,None
machine_L,1480,41.1,176,27.650000000000034,37.950000000000045,0,None
machine_M,1634,31.9,178,27.650000000000034,38.05000000000001,0,None
machine_L,1481,38.5,181,27.650000000000034,38.05000000000001,0,None
machine_H,1668,28.9,183,27.75,38.150000000000034,0,None
machine_L,1484,36.2,188,27.850000000000023,38.25,0,None
machine_M,1603,31.8,190,27.75,38.150000000000034,0,None
machine_L,1481,37.5,193,27.850000000000023,38.25,0,None
machine_L,1559,31.8,195,27.850000000000023,38.35000000000002,0,None
machine_L,1444,39.8,197,27.850000000000023,38.35000000000002,0,None
machine_M,1423,48.0,199,28.05000000000001,38.450000000000045,0,None
machine_L,1432,48.1,202,27.950000000000045,38.450000000000045,0,None
machine_L,1463,48.3,204,28.05000000000001,38.55000000000001,0,None
machine_L,1433,49.3,206,28.05000000000001,38.55000000000001,0,None
machine_L,1461,52.9,208,28.05000000000001,38.450000000000045,1,OSF
machine_M,1266,55.5,210,27.950000000000045,38.450000000000045,0,None
machine_H,1417,53.4,0,27.950000000000045,38.450000000000045,0,None
machine_L,1488,43.4,5,27.950000000000045,38.450000000000045,0,None
machine_L,1816,24.5,7,27.950000000000045,38.55000000000001,0,None
machine_M,1301,55.0,9,27.850000000000023,38.450000000000045,0,None
machine_M,1836,21.8,12,27.75,38.35000000000002,0,None
machine_M,1521,39.9,15,27.650000000000034,38.25,0,None
machine_L,1322,67.2,18,27.650000000000034,38.25,1,PWF
machine_L,1492,40.6,20,27.650000000000034,38.25,0,None
machine_L,1536,40.9,22,27.650000000000034,38.25,0,None
machine_L,1878,24.3,24,27.55000000000001,38.05000000000001,0,None
machine_L,1471,40.7,26,27.450000000000045,37.950000000000045,0,None
machine_H,1452,40.2,28,27.450000000000045,37.950000000000045,0,None
machine_L,1452,44.4,33,27.55000000000001,38.05000000000001,0,None
machine_M,1348,53.0,35,27.55000000000001,38.150000000000034,0,None
machine_H,1453,44.6,38,27.650000000000034,38.25,0,None
machine_L,1316,57.6,43,27.650000000000034,38.25,0,None
machine_M,1732,26.9,45,27.650000000000034,38.25,0,None
machine_L,1522,35.2,48,27.55000000000001,38.150000000000034,0,None
machine_M,1487,39.8,50,27.55000000000001,38.150000000000034,0,None
machine_M,1852,22.2,53,27.650000000000034,38.25,0,None
machine_L,1486,46.8,56,27.55000000000001,38.05000000000001,0,None
machine_M,1562,37.1,58,27.55000000000001,38.150000000000034,0,None
machine_L,1457,51.4,61,27.55000000000001,38.05000000000001,0,None
machine_M,1769,26.5,63,27.55000000000001,38.05000000000001,0,None
machine_H,1374,53.1,66,27.55000000000001,38.150000000000034,0,None
machine_L,1524,43.5,71,27.650000000000034,38.150000000000034,0,None
machine_L,1498,40.2,73,27.650000000000034,38.150000000000034,0,None
machine_L,1462,41.4,75,27.650000000000034,38.150000000000034,0,None
machine_M,1429,52.3,77,27.650000000000034,38.05000000000001,0,None
machine_L,1399,47.9,80,27.55000000000001,38.05000000000001,0,None
machine_M,1434,39.1,82,27.650000000000034,38.05000000000001,0,None
machine_L,1324,52.2,85,27.55000000000001,37.950000000000045,0,None
machine_L,1563,40.7,87,27.450000000000045,37.85000000000002,0,None
machine_L,1543,34.7,89,27.450000000000045,37.85000000000002,0,None
machine_L,1413,52.0,91,27.55000000000001,37.85000000000002,0,None
machine_M,1378,41.2,93,27.55000000000001,37.85000000000002,0,None
machine_M,1373,49.9,96,27.55000000000001,37.950000000000045,0,None
machine_H,1981,19.9,99,27.55000000000001,37.85000000000002,0,None
machine_M,1263,52.3,104,27.55000000000001,37.85000000000002,0,None
machine_L,1312,52.1,107,27.55000000000001,37.85000000000002,0,None
machine_L,1969,20.7,109,27.55000000000001,37.85000000000002,0,None
machine_M,1365,51.7,111,27.650000000000034,38.05000000000001,0,None
machine_L,1789,25.5,114,27.75,38.05000000000001,0,None
machine_M,1583,32.1,116,27.650000000000034,37.950000000000045,0,None
machine_L,1436,44.9,119,27.55000000000001,37.85000000000002,0,None
machine_M,1559,42.8,121,27.55000000000001,37.85000000000002,0,None
machine_L,1377,49.9,124,27.55000000000001,37.85000000000002,0,None
machine_L,1462,41.9,126,27.55000000000001,37.85000000000002,0,None
machine_L,1318,48.2,128,27.55000000000001,37.85000000000002,0,None
machine_M,1378,51.6,130,27.55000000000001,37.85000000000002,0,None
machine_L,1344,46.7,133,27.450000000000045,37.75,0,None
machine_L,2377,14.3,135,27.55000000000001,37.950000000000045,0,None
machine_L,1427,50.3,137,27.55000000000001,37.950000000000045,0,None
machine_L,1353,60.4,139,27.75,38.05000000000001,0,None
machine_L,1505,45.5,141,27.650000000000034,38.150000000000034,0,None
machine_H,1612,32.5,143,27.650000000000034,38.05000000000001,0,None
machine_L,1440,43.0,148,27.55000000000001,37.950000000000045,0,None
machine_M,1334,53.9,150,27.55000000000001,37.85000000000002,0,None
machine_M,1706,25.0,153,27.55000000000001,37.85000000000002,0,None
machine_H,1698,24.8,156,27.650000000000034,37.950000000000045,0,None
machine_L,1688,30.7,161,27.55000000000001,37.950000000000045,0,None
machine_L,2437,13.8,163,27.55000000000001,37.950000000000045,0,None
machine_L,1478,46.8,165,27.55000000000001,37.950000000000045,0,None
machine_M,1608,35.3,167,27.55000000000001,37.950000000000045,0,None
machine_L,2478,13.4,170,27.55000000000001,37.950000000000045,1,PWF
machine_L,1509,33.4,172,27.650000000000034,37.950000000000045,0,None
machine_L,1596,36.9,174,27.55000000000001,37.85000000000002,0,None
machine_M,1740,25.6,176,27.55000000000001,37.85000000000002,0,None
machine_L,1375,53.2,179,27.450000000000045,37.650000000000034,0,None
machine_M,1705,31.2,181,27.450000000000045,37.55000000000001,0,None
machine_M,1621,32.0,184,27.350000000000023,37.450000000000045,0,None
machine_M,1566,38.2,187,27.450000000000045,37.55000000000001,0,None
machine_M,1388,42.9,190,27.450000000000045,37.55000000000001,0,None
machine_M,1457,36.7,193,27.450000000000045,37.55000000000001,0,None
machine_M,1463,45.5,196,27.450000000000045,37.450000000000045,0,None
machine_L,1564,38.2,199,27.350000000000023,37.35000000000002,0,None
machine_H,1411,47.2,201,27.350000000000023,37.450000000000045,0,None
machine_L,1540,46.7,206,27.350000000000023,37.450000000000045,0,None
machine_L,1950,20.3,208,27.350000000000023,37.450000000000045,0,None
machine_M,1339,52.9,0,27.450000000000045,37.55000000000001,0,None
machine_H,1419,39.6,3,27.450000000000045,37.450000000000045,0,None
machine_L,1499,45.2,8,27.350000000000023,37.450000000000045,0,None
machine_L,1368,49.6,10,27.350000000000023,37.450000000000045,0,None
machine_L,1536,36.2,12,27.350000000000023,37.35000000000002,0,None
machine_M,1469,42.9,14,27.350000000000023,37.35000000000002,0,None
machine_L,2633,12.2,17,27.350000000000023,37.35000000000002,1,PWF
machine_L,1298,61.4,19,27.25,37.25,0,None
machine_M,1544,36.3,21,27.25,37.25,0,None
machine_H,1403,47.7,24,27.350000000000023,37.35000000000002,0,None
machine_L,1452,42.9,29,27.350000000000023,37.35000000000002,0,None
machine_L,1509,43.1,31,27.450000000000045,37.35000000000002,0,None
machine_M,1474,37.0,33,27.55000000000001,37.450000000000045,0,None
machine_M,1377,46.7,36,27.55000000000001,37.55000000000001,0,None
machine_L,1741,27.1,39,27.650000000000034,37.650000000000034,0,None
machine_L,1460,53.8,41,27.650000000000034,37.650000000000034,0,None
machine_H,1631,32.6,43,27.55000000000001,37.450000000000045,0,None
machine_L,1561,33.2,48,27.55000000000001,37.35000000000002,0,None
machine_M,1572,38.5,50,27.55000000000001,37.450000000000045,0,None
machine_L,2127,18.7,53,27.450000000000045,37.450000000000045,0,None
machine_H,1448,44.7,55,27.450000000000045,37.450000000000045,0,None
machine_L,1543,39.6,60,27.450000000000045,37.55000000000001,0,None
machine_L,1508,34.8,62,27.450000000000045,37.450000000000045,0,None
machine_M,1403,50.4,64,27.450000000000045,37.450000000000045,0,None
machine_L,1454,39.7,67,27.450000000000045,37.450000000000045,0,None
machine_L,1772,27.3,69,27.55000000000001,37.650000000000034,0,None
machine_L,1479,49.1,71,27.55000000000001,37.650000000000034,0,None
machine_L,1723,31.0,73,27.55000000000001,37.75,0,None
machine_M,1469,46.4,75,27.55000000000001,37.650000000000034,0,None
machine_H,1830,26.2,78,27.450000000000045,37.450000000000045,0,None
machine_L,1497,38.2,83,27.450000000000045,37.450000000000045,0,None
machine_L,1540,52.7,85,27.55000000000001,37.450000000000045,0,None
machine_L,1514,39.5,87,27.450000000000045,37.450000000000045,0,None
machine_L,1654,34.2,89,27.55000000000001,37.450000000000045,0,None
machine_H,1519,37.0,91,27.450000000000045,37.35000000000002,0,None
machine_L,1720,30.3,96,27.55000000000001,37.450000000000045,0,None
machine_L,1470,37.7,98,27.450000000000045,37.35000000000002,0,None
machine_L,1642,29.9,100,27.450000000000045,37.35000000000002,0,None
machine_M,2006,19.1,102,27.55000000000001,37.450000000000045,0,None
machine_M,1505,35.6,105,27.55000000000001,37.450000000000045,0,None
machine_M,1609,27.6,108,27.55000000000001,37.450000000000045,0,None
machine_M,1863,22.2,111,27.55000000000001,37.35000000000002,0,None
machine_L,1401,42.6,114,27.450000000000045,37.25,0,None
machine_L,2007,19.8,116,27.450000000000045,37.25,0,None
machine_L,1494,47.3,118,27.450000000000045,37.25,0,None
machine_L,1457,47.7,120,27.450000000000045,37.25,0,None
machine_L,1556,37.7,122,27.450000000000045,37.25,0,None
machine_H,1510,42.8,124,27.450000000000045,37.25,0,None
machine_H,1567,38.7,129,27.55000000000001,37.35000000000002,0,None
machine_H,1476,43.1,134,27.55000000000001,37.35000000000002,0,None
machine_L,1663,30.6,139,27.650000000000034,37.450000000000045,0,None
machine_M,1409,50.6,141,27.650000000000034,37.35000000000002,0,None
machine_L,1666,36.2,144,27.650000000000034,37.450000000000045,0,None
machine_L,1520,45.9,146,27.55000000000001,37.450000000000045,0,None
machine_L,1644,33.8,148,27.450000000000045,37.35000000000002,0,None
machine_H,1479,35.6,150,27.450000000000045,37.25,0,None
machine_L,1446,49.7,155,27.450000000000045,37.25,0,None
machine_M,1407,51.1,157,27.450000000000045,37.25,0,None
machine_L,1234,51.7,160,27.55000000000001,37.25,0,None
machine_M,1696,29.7,162,27.650000000000034,37.35000000000002,0,None
machine_L,1384,52.9,165,27.650000000000034,37.450000000000045,0,None
machine_M,1572,36.2,167,27.650000000000034,37.55000000000001,0,None
machine_M,1386,42.1,170,27.650000000000034,37.55000000000001,0,None
machine_L,1461,42.8,173,27.650000000000034,37.55000000000001,0,None
machine_L,1525,39.4,175,27.650000000000034,37.55000000000001,0,None
machine_L,1333,61.0,177,27.55000000000001,37.55000000000001,0,None
machine_H,1505,40.6,179,27.55000000000001,37.450000000000045,0,None
machine_M,1439,41.7,184,27.55000000000001,37.450000000000045,0,None
machine_L,1491,43.2,187,27.55000000000001,37.450000000000045,0,None
machine_M,1488,39.2,189,27.55000000000001,37.450000000000045,0,None
machine_L,1536,47.4,192,27.55000000000001,37.35000000000002,0,None
machine_L,1960,21.0,194,27.55000000000001,37.35000000000002,0,None
machine_M,1594,31.0,196,27.55000000000001,37.35000000000002,0,None
machine_L,1357,52.6,199,27.55000000000001,37.35000000000002,0,None
machine_L,1445,41.1,201,27.55000000000001,37.35000000000002,0,None
machine_L,1543,47.3,203,27.55000000000001,37.25,0,None
machine_L,1366,52.6,205,27.55000000000001,37.25,0,None
machine_L,1458,40.0,207,27.55000000000001,37.150000000000034,0,None
machine_L,1416,61.8,209,27.55000000000001,37.25,1,PWF
machine_L,1794,24.4,211,27.450000000000045,37.150000000000034,0,None
machine_L,1484,41.0,213,27.450000000000045,37.150000000000034,0,None
machine_L,2514,13.4,215,27.450000000000045,37.25,0,None
machine_L,1648,30.5,217,27.450000000000045,37.150000000000034,1,TWF
machine_M,1614,32.7,0,27.450000000000045,37.150000000000034,0,None
machine_L,1622,34.1,3,27.450000000000045,37.05000000000001,0,None
machine_M,1478,40.1,5,27.450000000000045,37.05000000000001,0,None
machine_L,1318,51.0,8,27.450000000000045,37.05000000000001,0,None
machine_L,1493,35.9,10,27.55000000000001,37.05000000000001,0,None
machine_H,1369,50.7,12,27.55000000000001,37.150000000000034,0,None
machine_L,1447,45.9,17,27.450000000000045,37.05000000000001,0,None
machine_L,1485,49.9,19,27.450000000000045,36.950000000000045,0,None
machine_L,1489,47.8,21,27.450000000000045,37.05000000000001,0,None
machine_M,1233,52.3,23,27.450000000000045,37.05000000000001,0,None
machine_L,1642,32.6,26,27.55000000000001,37.05000000000001,0,None
machine_M,1373,44.1,28,27.55000000000001,37.05000000000001,0,None
machine_L,1569,32.8,31,27.55000000000001,37.05000000000001,0,None
machine_L,1850,22.8,33,27.650000000000034,37.05000000000001,0,None
machine_M,1494,42.2,35,27.650000000000034,37.150000000000034,0,None
machine_H,1777,30.1,38,27.650000000000034,37.150000000000034,0,None
machine_L,1454,43.1,43,27.75,37.25,0,None
machine_L,1536,34.2,45,27.75,37.25,0,None
machine_L,1482,39.0,47,27.650000000000034,37.35000000000002,0,None
machine_H,1512,41.2,49,27.75,37.35000000000002,0,None
machine_M,1511,35.8,54,27.650000000000034,37.35000000000002,0,None
machine_L,1599,40.5,57,27.75,37.35000000000002,0,None
machine_M,1518,36.0,59,27.650000000000034,37.25,0,None
machine_M,1450,39.4,62,27.650000000000034,37.25,0,None
machine_L,1427,47.0,65,27.75,37.25,0,None
machine_L,1561,32.7,67,27.75,37.25,0,None
machine_H,1457,43.8,69,27.75,37.25,0,None
machine_M,1460,53.6,74,27.850000000000023,37.450000000000045,0,None
machine_L,1601,33.2,77,27.850000000000023,37.35000000000002,0,None
machine_L,1570,40.1,79,27.75,37.35000000000002,0,None
machine_L,1565,35.9,81,27.75,37.35000000000002,0,None
machine_L,1378,44.4,83,27.850000000000023,37.35000000000002,0,None
machine_L,2288,16.1,85,27.75,37.35000000000002,0,None
machine_M,1375,44.7,87,27.75,37.25,0,None
machine_L,1788,27.8,90,27.75,37.25,0,None
machine_M,1576,40.4,92,27.75,37.25,0,None
machine_M,1868,24.5,95,27.650000000000034,37.150000000000034,0,None
machine_L,1261,56.6,98,27.55000000000001,36.950000000000045,0,None
machine_M,1542,33.9,100,27.450000000000045,36.85000000000002,0,None
machine_L,1438,53.8,103,27.450000000000045,36.85000000000002,0,None
machine_L,1511,36.9,105,27.450000000000045,36.85000000000002,0,None
machine_L,1635,31.0,107,27.450000000000045,36.85000000000002,0,None
machine_L,1428,48.8,109,27.450000000000045,36.75,0,None
machine_M,1410,44.4,111,27.350000000000023,36.650000000000034,0,None
machine_L,1423,47.9,114,27.350000000000023,36.75,0,None
machine_M,1552,41.3,116,27.350000000000023,36.75,0,None
machine_M,1406,50.2,119,27.350000000000023,36.85000000000002,0,None
machine_L,1443,48.3,122,27.350000000000023,36.75,0,None
machine_M,1343,63.7,124,27.350000000000023,36.75,0,None
machine_M,1486,41.2,127,27.450000000000045,36.85000000000002,0,None
machine_L,1297,50.0,130,27.450000000000045,36.950000000000045,0,None
machine_L,1495,42.3,132,27.450000000000045,36.950000000000045,0,None
machine_L,1382,46.5,134,27.350000000000023,36.75,0,None
machine_M,1356,44.4,136,27.25,36.650000000000034,0,None
machine_H,1452,41.5,139,27.150000000000034,36.55000000000001,0,None
machine_H,1582,30.8,144,27.150000000000034,36.55000000000001,0,None
machine_M,1517,40.3,149,27.25,36.650000000000034,0,None
machine_L,1413,44.5,152,27.350000000000023,36.85000000000002,0,None
machine_L,1496,31.8,154,27.25,36.75,0,None
machine_L,1466,41.2,156,27.150000000000034,36.650000000000034,0,None
machine_M,1617,40.8,158,27.150000000000034,36.650000000000034,0,None
machine_L,1506,41.8,161,27.05000000000001,36.650000000000034,0,None
machine_L,1401,49.3,163,27.05000000000001,36.650000000000034,0,None
machine_H,1906,22.9,165,27.05000000000001,36.75,0,None
machine_L,1566,36.4,170,27.05000000000001,36.75,0,None
machine_L,1493,47.3,172,27.05000000000001,36.85000000000002,0,None
machine_L,1483,39.9,174,27.150000000000034,36.950000000000045,0,None
machine_M,1569,31.2,176,27.05000000000001,36.75,0,None
machine_M,1664,30.7,179,27.05000000000001,36.85000000000002,0,None
machine_L,1486,40.1,182,27.05000000000001,36.85000000000002,0,None
machine_L,1389,53.6,184,27.05000000000001,36.85000000000002,0,None
machine_L,1511,41.7,186,26.950000000000045,36.85000000000002,0,None
machine_M,1485,40.5,188,27.05000000000001,36.950000000000045,0,None
machine_L,1440,42.9,191,27.05000000000001,37.05000000000001,0,None
machine_L,1378,43.9,193,27.05000000000001,37.05000000000001,0,None
machine_M,1501,39.3,195,26.950000000000045,36.950000000000045,0,None
machine_M,1474,44.0,198,27.05000000000001,36.950000000000045,0,None
machine_L,1392,47.9,201,27.05000000000001,36.950000000000045,0,None
machine_M,1429,44.7,203,27.150000000000034,37.05000000000001,0,None
machine_L,1362,60.3,206,27.150000000000034,37.150000000000034,1,OSF
machine_L,1704,29.5,0,27.150000000000034,37.150000000000034,0,None
machine_L,1492,52.3,2,27.150000000000034,37.05000000000001,0,None
machine_M,1442,39.5,4,27.150000000000034,37.05000000000001,0,None
machine_M,1438,51.5,7,27.05000000000001,37.05000000000001,0,None
machine_M,1402,46.6,10,26.950000000000045,36.950000000000045,0,None
machine_L,1684,30.8,13,26.950000000000045,36.950000000000045,0,None
machine_L,1530,48.5,15,27.05000000000001,37.05000000000001,0,None
machine_L,1569,43.5,17,26.950000000000045,36.950000000000045,0,None
machine_L,1650,31.6,19,26.950000000000045,36.950000000000045,0,None
machine_L,1415,49.6,21,27.05000000000001,37.05000000000001,0,None
machine_L,1600,31.5,23,27.05000000000001,37.05000000000001,0,None
machine_L,1523,42.3,25,27.05000000000001,36.950000000000045,0,None
machine_M,1628,30.3,27,27.05000000000001,37.05000000000001,0,None
machine_L,1331,52.1,30,27.05000000000001,37.150000000000034,0,None
machine_L,2158,16.8,32,27.150000000000034,37.150000000000034,0,None
machine_L,1445,50.9,34,27.05000000000001,37.150000000000034,0,None
machine_M,1593,36.1,36,27.05000000000001,37.150000000000034,0,None
machine_L,1672,29.2,39,27.150000000000034,37.25,0,None
machine_M,1644,31.4,41,27.25,37.35000000000002,0,None
machine_L,1402,54.3,44,27.25,37.35000000000002,0,None
machine_L,1286,56.8,46,27.25,37.25,0,None
machine_L,1486,46.3,48,27.25,37.25,0,None
machine_L,1345,46.3,50,27.150000000000034,37.150000000000034,0,None
machine_L,1629,34.1,52,27.150000000000034,37.150000000000034,0,None
machine_M,1429,43.8,54,27.05000000000001,37.05000000000001,0,None
machine_L,1306,64.7,57,26.950000000000045,36.950000000000045,0,None
machine_L,1380,52.6,59,26.950000000000045,36.950000000000045,0,None
machine_M,1443,49.3,61,26.950000000000045,36.950000000000045,0,None
machine_H,1426,42.7,64,26.950000000000045,36.950000000000045,0,None
machine_L,1486,41.8,69,26.850000000000023,36.85000000000002,0,None
machine_M,1530,34.5,71,26.850000000000023,36.75,0,None
machine_L,1507,41.4,74,26.850000000000023,36.75,0,None
machine_L,1608,33.4,76,26.850000000000023,36.75,0,None
machine_L,1474,40.6,78,26.850000000000023,36.650000000000034,0,None
machine_L,1326,61.9,80,26.850000000000023,36.55000000000001,0,None
machine_M,1434,48.0,82,26.650000000000034,36.450000000000045,0,None
machine_L,1526,41.7,85,26.650000000000034,36.450000000000045,0,None
machine_L,1483,39.6,87,26.650000000000034,36.55000000000001,0,None
machine_L,1457,51.9,89,26.650000000000034,36.55000000000001,0,None
machine_M,1540,34.4,91,26.55000000000001,36.450000000000045,0,None
machine_L,1707,29.1,94,26.650000000000034,36.55000000000001,0,None
machine_L,1624,34.2,96,26.650000000000034,36.55000000000001,0,None
machine_M,1331,50.2,98,26.650000000000034,36.450000000000045,0,None
machine_L,1431,40.3,101,26.650000000000034,36.55000000000001,0,None
machine_M,1705,28.5,103,26.650000000000034,36.55000000000001,0,None
machine_M,1427,45.2,106,26.650000000000034,36.650000000000034,0,None
machine_M,1625,41.2,109,26.75,36.650000000000034,0,None
machine_L,1477,47.7,112,26.75,36.650000000000034,0,None
machine_M,1651,28.1,114,26.850000000000023,36.75,0,None
machine_L,1716,28.2,117,26.75,36.650000000000034,0,None
machine_H,1400,48.7,119,26.75,36.650000000000034,0,None
machine_M,1556,37.7,124,26.650000000000034,36.55000000000001,0,None
machine_L,1429,42.6,127,26.650000000000034,36.55000000000001,0,None
machine_H,1433,49.6,129,26.55000000000001,36.450000000000045,0,None
machine_M,1320,61.7,134,26.650000000000034,36.55000000000001,0,None
machine_L,1374,51.6,137,26.650000000000034,36.450000000000045,0,None
machine_L,1598,31.0,139,26.650000000000034,36.450000000000045,0,None
machine_M,1910,21.8,141,26.650000000000034,36.55000000000001,0,None
machine_L,1399,51.3,144,26.55000000000001,36.450000000000045,0,None
machine_L,1720,27.1,146,26.55000000000001,36.450000000000045,0,None
machine_H,1368,47.4,148,26.650000000000034,36.55000000000001,0,None
machine_L,1749,33.4,153,26.650000000000034,36.650000000000034,0,None
machine_L,1542,39.4,155,26.650000000000034,36.650000000000034,0,None
machine_L,1553,36.6,157,26.650000000000034,36.75,0,None
machine_M,1639,42.1,159,26.75,36.75,0,None
machine_L,1447,45.9,162,26.75,36.85000000000002,0,None
machine_M,1397,48.1,164,26.650000000000034,36.85000000000002,0,None
machine_L,1361,53.8,167,26.650000000000034,36.85000000000002,0,None
machine_M,1460,37.1,169,26.650000000000034,36.85000000000002,0,None
machine_M,1632,33.7,172,26.650000000000034,36.85000000000002,0,None
machine_L,1697,36.0,175,26.650000000000034,36.85000000000002,0,None
machine_L,1553,42.0,177,26.650000000000034,36.950000000000045,0,None
machine_M,1362,56.3,179,26.75,36.950000000000045,0,None
machine_M,1484,42.1,182,26.75,36.85000000000002,0,None
machine_H,1447,51.4,185,26.75,36.950000000000045,0,None
machine_M,1393,51.2,190,26.850000000000023,37.05000000000001,0,None
machine_L,1760,26.9,193,26.850000000000023,37.05000000000001,0,None
machine_L,1477,34.6,195,26.850000000000023,36.950000000000045,0,None
machine_L,1681,29.1,197,26.75,36.950000000000045,0,None
machine_M,1314,53.5,199,26.850000000000023,36.950000000000045,0,None
machine_L,1762,28.0,202,26.850000000000023,36.950000000000045,0,None
machine_L,1402,44.7,204,26.75,36.85000000000002,0,None
machine_M,1429,42.0,206,26.950000000000045,37.05000000000001,0,None
machine_M,1448,40.1,209,27.05000000000001,37.150000000000034,0,None
machine_H,1501,42.9,212,27.05000000000001,37.25,0,None
machine_L,1522,39.1,217,27.150000000000034,37.35000000000002,0,None
machine_L,1493,37.5,219,27.150000000000034,37.25,0,None
machine_M,1704,29.4,221,27.05000000000001,37.150000000000034,0,None
machine_H,1408,42.5,0,27.05000000000001,37.150000000000034,0,None
machine_L,1518,41.8,5,27.05000000000001,37.25,0,None
machine_L,1742,25.9,7,27.150000000000034,37.25,0,None
machine_M,1500,43.0,9,27.25,37.35000000000002,0,None
machine_L,2424,14.5,12,27.25,37.35000000000002,0,None
machine_L,1818,25.1,14,27.25,37.35000000000002,0,None
machine_M,1545,35.6,16,27.25,37.450000000000045,0,None
machine_L,1429,46.9,19,27.25,37.450000000000045,0,None
machine_M,1448,44.9,21,27.25,37.450000000000045,0,None
machine_L,1384,48.7,24,27.25,37.450000000000045,0,None
machine_L,1578,32.8,26,27.25,37.35000000000002,0,None
machine_L,1695,26.7,28,27.350000000000023,37.35000000000002,0,None
machine_L,1543,36.2,30,27.350000000000023,37.450000000000045,0,None
machine_M,1540,33.4,32,27.25,37.35000000000002,0,None
machine_L,1808,25.8,35,27.05000000000001,37.25,0,None
machine_M,1293,49.7,37,27.150000000000034,37.25,0,None
machine_L,1202,59.5,40,27.05000000000001,37.150000000000034,0,None
machine_M,1704,29.2,42,27.05000000000001,37.150000000000034,0,None
machine_M,1478,38.1,45,27.05000000000001,37.150000000000034,0,None
machine_L,1514,38.7,48,27.05000000000001,37.150000000000034,0,None
machine_M,1350,48.8,50,26.950000000000045,37.150000000000034,0,None
machine_L,1475,54.2,53,26.950000000000045,37.05000000000001,0,None
machine_H,1714,28.7,55,26.850000000000023,36.950000000000045,0,None
machine_L,1465,40.9,60,26.850000000000023,36.950000000000045,0,None
machine_L,1288,69.6,62,26.75,37.05000000000001,1,PWF
machine_L,1675,29.7,64,26.850000000000023,37.05000000000001,0,None
machine_L,1486,36.4,66,26.850000000000023,37.05000000000001,0,None
machine_M,1443,58.7,68,26.850000000000023,37.05000000000001,0,None
machine_M,1345,57.1,71,26.950000000000045,37.150000000000034,0,None
machine_M,1202,61.7,74,27.05000000000001,37.25,0,None
machine_M,1480,37.1,77,26.950000000000045,37.25,0,None
machine_M,1530,35.7,80,27.05000000000001,37.25,0,None
machine_M,1983,20.8,83,27.05000000000001,37.450000000000045,0,None
machine_L,1433,53.8,86,27.150000000000034,37.450000000000045,0,None
machine_L,1806,24.4,88,27.150000000000034,37.450000000000045,0,None
machine_L,1416,46.7,90,27.05000000000001,37.35000000000002,0,None
machine_M,1556,38.1,92,26.950000000000045,37.25,0,None
machine_L,1627,29.2,95,26.950000000000045,37.35000000000002,0,None
machine_L,1809,24.3,97,26.950000000000045,37.450000000000045,0,None
machine_M,1329,57.4,99,26.950000000000045,37.35000000000002,0,None
machine_H,1881,21.9,102,26.850000000000023,37.25,0,None
machine_L,1500,39.8,107,26.950000000000045,37.35000000000002,0,None
machine_L,1532,36.0,109,26.950000000000045,37.35000000000002,0,None
machine_L,1492,50.9,111,26.950000000000045,37.35000000000002,0,None
machine_L,1431,42.3,113,27.05000000000001,37.450000000000045,0,None
machine_L,1554,39.4,115,26.950000000000045,37.25,0,None
machine_L,1494,44.2,117,26.950000000000045,37.35000000000002,0,None
machine_L,1374,45.4,119,26.950000000000045,37.450000000000045,0,None
machine_L,1394,44.3,121,26.950000000000045,37.35000000000002,0,None
machine_M,1790,25.7,123,26.850000000000023,37.35000000000002,0,None
machine_L,1356,45.8,126,26.950000000000045,37.35000000000002,0,None
machine_M,1385,52.1,128,26.850000000000023,37.25,0,None
machine_L,1333,49.1,131,26.850000000000023,37.25,0,None
machine_L,1505,44.9,133,26.850000000000023,37.25,0,None
machine_L,1606,33.5,135,26.850000000000023,37.35000000000002,0,None
machine_H,1558,36.7,137,26.850000000000023,37.35000000000002,0,None
machine_L,1412,52.4,142,26.850000000000023,37.35000000000002,0,None
machine_L,1408,38.4,144,26.75,37.25,0,None
machine_L,1268,53.3,146,26.75,37.150000000000034,0,None
machine_L,1470,50.0,148,26.75,37.25,0,None
machine_L,1497,47.0,150,26.75,37.25,0,None
machine_L,1638,29.1,152,26.75,37.150000000000034,0,None
machine_H,1535,43.9,154,26.75,37.150000000000034,0,None
machine_L,1654,32.7,159,26.650000000000034,37.05000000000001,0,None
machine_H,1411,49.7,161,26.650000000000034,37.05000000000001,0,None
machine_L,1911,23.5,166,26.650000000000034,37.05000000000001,0,None
machine_H,1573,33.3,168,26.650000000000034,37.05000000000001,0,None
machine_L,1479,46.3,173,26.75,37.05000000000001,0,None
machine_M,1820,26.6,175,26.75,37.25,0,None
machine_L,1419,45.7,178,26.75,37.25,0,None
machine_M,1335,52.9,180,26.75,37.35000000000002,0,None
machine_M,1576,39.4,183,26.75,37.35000000000002,0,None
machine_L,1517,42.2,186,26.850000000000023,37.35000000000002,0,None
machine_M,1576,34.3,188,26.75,37.25,0,None
machine_H,1537,36.6,191,26.650000000000034,37.05000000000001,0,None
machine_L,1524,34.2,196,26.650000000000034,37.150000000000034,0,None
machine_M,1805,23.7,198,26.650000000000034,37.150000000000034,0,None
machine_M,1367,53.3,201,26.75,37.25,0,None
machine_L,1694,30.3,204,26.650000000000034,37.25,0,None
machine_L,1328,49.9,206,26.75,37.25,0,None
machine_H,1549,42.8,208,26.75,37.35000000000002,0,None
machine_L,1539,32.8,213,26.75,37.35000000000002,0,None
machine_L,1496,38.8,215,26.650000000000034,37.35000000000002,0,None
machine_L,1579,36.4,0,26.650000000000034,37.25,0,None
machine_L,1386,46.6,2,26.55000000000001,37.150000000000034,0,None
machine_L,1505,37.7,4,26.55000000000001,37.150000000000034,0,None
machine_M,1661,34.5,6,26.55000000000001,37.150000000000034,0,None
machine_L,1468,48.0,9,26.450000000000045,37.05000000000001,0,None
machine_L,1384,49.8,11,26.450000000000045,36.950000000000045,0,None
machine_L,1381,60.5,13,26.450000000000045,37.05000000000001,0,None
machine_L,1469,47.0,15,26.450000000000045,37.05000000000001,0,None
machine_L,1627,36.6,17,26.450000000000045,37.05000000000001,0,None
machine_H,1462,40.4,19,26.55000000000001,37.150000000000034,0,None
machine_L,1633,36.5,24,26.55000000000001,37.05000000000001,0,None
machine_L,1469,39.5,26,26.55000000000001,37.05000000000001,0,None
machine_L,1458,43.4,28,26.55000000000001,37.05000000000001,0,None
machine_M,1440,42.8,30,26.55000000000001,37.05000000000001,0,None
machine_L,1687,30.4,33,26.650000000000034,37.150000000000034,0,None
machine_M,1429,47.7,35,26.55000000000001,37.150000000000034,0,None
machine_L,1588,34.1,38,26.450000000000045,37.05000000000001,0,None
machine_L,1333,51.2,40,26.450000000000045,37.05000000000001,0,None
machine_L,1487,42.9,42,26.450000000000045,36.950000000000045,0,None
machine_M,1659,31.5,44,26.350000000000023,36.950000000000045,0,None
machine_M,1512,43.2,47,26.25,36.85000000000002,0,None
machine_L,1585,35.2,50,26.350000000000023,36.950000000000045,0,None
machine_L,1502,38.5,52,26.350000000000023,36.85000000000002,0,None
machine_L,1594,35.1,54,26.350000000000023,36.85000000000002,0,None
machine_L,1412,48.9,56,26.350000000000023,36.85000000000002,0,None
machine_L,1402,51.7,58,26.350000000000023,36.75,0,None
machine_L,2057,20.4,60,26.450000000000045,36.950000000000045,0,None
machine_H,1531,36.8,62,26.450000000000045,36.950000000000045,0,None
machine_M,1359,61.1,67,26.350000000000023,36.950000000000045,0,None
machine_M,1620,30.0,70,26.450000000000045,37.05000000000001,0,None
machine_M,1646,29.6,73,26.450000000000045,36.950000000000045,0,None
machine_M,1455,46.1,76,26.450000000000045,36.950000000000045,0,None
machine_L,1512,44.0,79,26.450000000000045,37.05000000000001,0,None
machine_L,1473,42.7,81,26.450000000000045,37.05000000000001,0,None
machine_L,1553,38.0,83,26.450000000000045,36.950000000000045,0,None
machine_L,1379,50.4,85,26.350000000000023,36.85000000000002,0,None
machine_M,1567,40.6,87,26.25,36.75,0,None
machine_L,1481,43.1,90,26.350000000000023,36.85000000000002,0,None
machine_L,1349,52.7,92,26.350000000000023,36.85000000000002,0,None
machine_L,1388,52.4,94,26.350000000000023,36.85000000000002,0,None
machine_M,1357,48.7,96,26.450000000000045,36.950000000000045,0,None
machine_L,1743,24.8,99,26.450000000000045,37.05000000000001,0,None
machine_L,1495,43.1,101,26.55000000000001,37.150000000000034,0,None
machine_L,1698,28.3,103,26.650000000000034,37.25,0,None
machine_M,1410,44.5,105,26.55000000000001,37.25,0,None
machine_L,1614,36.2,108,26.55000000000001,37.25,0,None
machine_M,1375,53.9,110,26.650000000000034,37.35000000000002,0,None
machine_M,1574,31.8,113,26.650000000000034,37.450000000000045,0,None
machine_H,1423,44.6,116,26.650000000000034,37.450000000000045,0,None
machine_M,1694,31.3,121,26.650000000000034,37.450000000000045,0,None
machine_L,1707,32.5,124,26.650000000000034,37.450000000000045,0,None
machine_M,1490,41.2,126,26.55000000000001,37.35000000000002,0,None
machine_L,1675,31.3,129,26.55000000000001,37.450000000000045,0,None
machine_M,1492,39.3,131,26.55000000000001,37.35000000000002,0,None
machine_M,1594,35.4,134,26.55000000000001,37.35000000000002,0,None
machine_L,1479,38.0,137,26.55000000000001,37.450000000000045,0,None
machine_M,1572,38.0,139,26.55000000000001,37.450000000000045,0,None
machine_L,1616,35.1,142,26.55000000000001,37.450000000000045,0,None
machine_L,1737,26.1,144,26.55000000000001,37.450000000000045,0,None
machine_M,1498,37.8,146,26.55000000000001,37.55000000000001,0,None
machine_L,1642,35.1,149,26.450000000000045,37.450000000000045,0,None
machine_M,1633,34.2,151,26.450000000000045,37.450000000000045,0,None
machine_L,1409,51.9,154,26.650000000000034,37.650000000000034,0,None
machine_M,1463,43.5,156,26.650000000000034,37.650000000000034,0,None
machine_L,1376,48.6,159,26.650000000000034,37.650000000000034,0,None
machine_L,1553,32.2,161,26.650000000000034,37.650000000000034,0,None
machine_M,1530,35.2,163,26.650000000000034,37.650000000000034,0,None
machine_L,1545,40.7,166,26.650000000000034,37.75,0,None
machine_H,1427,47.2,168,26.650000000000034,37.75,0,None
machine_L,1292,51.1,173,26.75,37.75,0,None
machine_L,2084,17.6,175,26.650000000000034,37.75,0,None
machine_L,1747,27.6,177,26.75,37.85000000000002,0,None
machine_L,1425,47.8,179,26.850000000000023,37.950000000000045,0,None
machine_L,1637,33.6,181,26.850000000000023,37.85000000000002,0,None
machine_M,1616,35.2,183,26.950000000000045,37.950000000000045,0,None
machine_L,1619,33.4,186,26.950000000000045,37.950000000000045,0,None
machine_L,1489,39.1,188,26.950000000000045,38.05000000000001,0,None
machine_M,1452,42.4,190,26.950000000000045,38.05000000000001,0,None
machine_M,1495,41.0,193,26.950000000000045,38.150000000000034,0,None
machine_M,1427,39.7,196,27.05000000000001,38.25,0,None
machine_L,1572,36.2,199,26.950000000000045,38.25,0,None
machine_L,1547,40.0,201,26.950000000000045,38.150000000000034,0,None
machine_M,1342,48.5,203,26.950000000000045,38.25,0,None
machine_L,1351,44.1,206,26.850000000000023,38.05000000000001,0,None
machine_L,1407,47.3,208,26.850000000000023,38.150000000000034,0,None
machine_M,1575,29.8,210,26.950000000000045,38.25,0,None
machine_M,1791,24.1,213,26.850000000000023,38.25,0,None
machine_M,1692,29.0,216,26.850000000000023,38.25,1,TWF
machine_L,1634,31.9,0,26.850000000000023,38.25,0,None
machine_M,1864,23.3,2,26.850000000000023,38.25,0,None
machine_L,1590,33.6,5,26.850000000000023,38.25,0,None
machine_M,1384,46.1,7,26.850000000000023,38.25,0,None
machine_M,1352,61.8,10,26.850000000000023,38.25,0,None
machine_L,1484,43.1,13,26.950000000000045,38.25,0,None
machine_M,1913,21.9,15,26.950000000000045,38.25,0,None
machine_L,1508,38.2,18,26.850000000000023,38.25,0,None
machine_L,1504,40.7,20,26.75,38.150000000000034,0,None
machine_L,1487,41.2,22,26.850000000000023,38.25,0,None
machine_L,1727,30.0,24,26.650000000000034,38.150000000000034,0,None
machine_L,1647,27.5,26,26.75,38.150000000000034,0,None
machine_L,1493,41.4,28,26.850000000000023,38.150000000000034,0,None
machine_L,1655,29.6,30,26.850000000000023,38.25,0,None
machine_M,1337,54.8,32,26.75,38.25,0,None
machine_L,1601,36.9,35,26.850000000000023,38.35000000000002,0,None
machine_H,1589,37.9,37,26.950000000000045,38.450000000000045,0,None
machine_L,1286,55.1,42,27.05000000000001,38.55000000000001,0,None
machine_L,1553,41.3,44,27.05000000000001,38.55000000000001,0,None
machine_L,1379,51.0,46,27.05000000000001,38.650000000000034,0,None
machine_M,1677,30.8,48,27.150000000000034,38.75,0,None
machine_L,1488,38.4,51,27.150000000000034,38.650000000000034,0,None
machine_L,1418,45.9,53,27.150000000000034,38.650000000000034,0,None
machine_L,1451,41.0,55,27.150000000000034,38.650000000000034,0,None
machine_L,1508,43.1,57,27.150000000000034,38.650000000000034,0,None
machine_L,1579,33.6,59,27.150000000000034,38.55000000000001,0,None
machine_H,1432,47.7,61,27.150000000000034,38.55000000000001,0,None
machine_L,1446,47.3,66,27.05000000000001,38.450000000000045,0,None
machine_M,1597,39.5,68,27.05000000000001,38.55000000000001,0,None
machine_M,1397,50.2,71,27.05000000000001,38.55000000000001,0,None
machine_L,1530,36.6,74,26.950000000000045,38.450000000000045,0,None
machine_M,1433,51.4,76,26.950000000000045,38.450000000000045,0,None
machine_L,1591,32.0,79,26.850000000000023,38.35000000000002,0,None
machine_L,1445,41.6,81,26.850000000000023,38.35000000000002,0,None
machine_L,1749,28.3,83,26.850000000000023,38.35000000000002,0,None
machine_L,1703,30.4,85,26.850000000000023,38.150000000000034,0,None
machine_H,1518,46.9,87,26.950000000000045,38.25,0,None
machine_L,1535,42.3,92,26.950000000000045,38.150000000000034,0,None
machine_M,1390,52.1,94,26.950000000000045,38.25,0,None
machine_H,1801,23.6,97,27.150000000000034,38.450000000000045,0,None
machine_H,1463,41.6,102,27.150000000000034,38.450000000000045,0,None
machine_L,1560,37.7,107,27.150000000000034,38.450000000000045,0,None
machine_L,1607,33.5,109,27.150000000000034,38.450000000000045,0,None
machine_L,1332,54.6,111,27.25,38.450000000000045,0,None
machine_L,1365,53.3,113,27.150000000000034,38.55000000000001,0,None
machine_M,1617,32.5,115,27.150000000000034,38.450000000000045,0,None
machine_M,1304,62.8,118,27.150000000000034,38.450000000000045,0,None
machine_L,1989,22.3,121,27.150000000000034,38.55000000000001,0,None
machine_H,1339,53.4,123,27.150000000000034,38.450000000000045,0,None
machine_L,1492,41.8,128,27.05000000000001,38.35000000000002,0,None
machine_M,1518,40.2,130,26.950000000000045,38.150000000000034,0,None
machine_L,1479,39.5,133,26.950000000000045,38.150000000000034,0,None
machine_M,1523,34.1,135,26.950000000000045,38.150000000000034,0,None
machine_M,1570,35.3,138,27.05000000000001,38.25,0,None
machine_H,1506,36.1,141,27.05000000000001,38.25,0,None
machine_M,1510,47.5,146,27.05000000000001,38.450000000000045,0,None
machine_L,1671,28.8,149,27.05000000000001,38.450000000000045,0,None
machine_M,1312,53.4,151,27.150000000000034,38.450000000000045,0,None
machine_L,1595,38.8,154,27.150000000000034,38.450000000000045,0,None
machine_L,1635,31.8,156,27.150000000000034,38.55000000000001,0,None
machine_L,1707,33.6,158,27.150000000000034,38.55000000000001,0,None
machine_L,1545,43.5,160,27.150000000000034,38.55000000000001,0,None
machine_M,1751,28.0,162,27.05000000000001,38.450000000000045,0,None
machine_M,1707,30.0,165,27.25,38.650000000000034,0,None
machine_L,1320,57.9,168,27.25,38.650000000000034,0,None
machine_M,1319,51.4,170,27.150000000000034,38.55000000000001,0,None
machine_L,1448,54.2,173,27.05000000000001,38.55000000000001,0,None
machine_L,1436,48.2,175,27.05000000000001,38.650000000000034,0,None
machine_L,1609,34.0,177,27.150000000000034,38.75,0,None
machine_L,1464,44.5,179,27.05000000000001,38.650000000000034,0,None
machine_M,1483,45.1,181,27.150000000000034,38.650000000000034,0,None
machine_M,1748,28.5,184,27.05000000000001,38.650000000000034,0,None
machine_L,1746,26.3,187,27.150000000000034,38.650000000000034,0,None
machine_L,1410,51.4,189,27.05000000000001,38.650000000000034,0,None
machine_L,1640,30.8,191,27.05000000000001,38.55000000000001,0,None
machine_H,1655,29.9,193,27.150000000000034,38.55000000000001,0,None
machine_M,1646,28.9,198,27.150000000000034,38.55000000000001,0,None
machine_L,1589,42.0,201,27.25,38.650000000000034,0,None
machine_L,1546,39.4,203,27.350000000000023,38.75,0,None
machine_L,1511,41.8,205,27.350000000000023,38.75,0,None
machine_L,1750,28.3,207,27.350000000000023,38.75,0,None
machine_M,1730,27.5,209,27.350000000000023,38.75,0,None
machine_L,1372,60.1,212,27.450000000000045,38.75,1,OSF
machine_L,1524,38.9,214,27.350000000000023,38.650000000000034,1,TWF
machine_L,1601,36.1,0,27.25,38.650000000000034,0,None
machine_M,1636,34.4,2,27.350000000000023,38.650000000000034,0,None
machine_L,2261,14.9,5,27.25,38.650000000000034,0,None
machine_L,1636,32.3,7,27.25,38.650000000000034,0,None
machine_M,1335,58.3,9,27.25,38.75,0,None
machine_M,1236,57.5,12,27.150000000000034,38.55000000000001,0,None
machine_L,1445,47.3,15,27.150000000000034,38.55000000000001,0,None
machine_L,1500,40.8,17,27.05000000000001,38.35000000000002,0,None
machine_L,1999,21.0,19,27.05000000000001,38.450000000000045,0,None
machine_L,1529,35.5,21,27.05000000000001,38.450000000000045,0,None
machine_M,1467,40.7,23,27.05000000000001,38.450000000000045,0,None
machine_L,1334,54.0,26,26.950000000000045,38.35000000000002,0,None
machine_M,1343,46.2,28,26.950000000000045,38.35000000000002,0,None
machine_L,1639,31.1,31,27.05000000000001,38.35000000000002,0,None
machine_H,1383,49.1,33,26.950000000000045,38.35000000000002,0,None
machine_L,1660,31.4,38,26.950000000000045,38.25,0,None
machine_L,1470,45.2,40,26.950000000000045,38.150000000000034,0,None
machine_M,1748,26.6,42,26.950000000000045,38.150000000000034,0,None
machine_L,1467,35.7,45,26.950000000000045,38.25,0,None
machine_M,1617,39.3,47,26.950000000000045,38.25,0,None
machine_H,1377,56.7,50,26.950000000000045,38.25,0,None
machine_M,1629,32.1,55,26.850000000000023,38.150000000000034,0,None
machine_L,1504,37.9,58,26.850000000000023,38.05000000000001,0,None
machine_L,1418,47.3,60,26.850000000000023,38.05000000000001,0,None
machine_L,1629,31.7,62,26.850000000000023,38.05000000000001,0,None
machine_L,2579,12.5,64,26.950000000000045,38.150000000000034,1,PWF
machine_L,1305,64.7,66,26.950000000000045,38.150000000000034,0,None
machine_M,1450,38.5,68,27.05000000000001,38.25,0,None
machine_L,1487,36.9,71,27.05000000000001,38.150000000000034,0,None
machine_M,1587,31.2,73,27.05000000000001,38.150000000000034,0,None
machine_M,1528,40.9,76,27.150000000000034,38.35000000000002,0,None
machine_M,1401,49.9,79,27.25,38.450000000000045,0,None
machine_L,1446,45.0,82,27.150000000000034,38.35000000000002,0,None
machine_L,1425,44.2,84,27.05000000000001,38.25,0,None
machine_L,1891,22.6,86,27.05000000000001,38.25,0,None
machine_H,1454,42.8,88,27.05000000000001,38.35000000000002,0,None
machine_L,1430,40.9,93,26.950000000000045,38.25,0,None
machine_L,1495,43.6,95,27.05000000000001,38.25,0,None
machine_L,1544,41.6,97,27.150000000000034,38.25,0,None
machine_M,1554,34.3,99,27.150000000000034,38.25,0,None
machine_M,1491,37.3,102,27.05000000000001,38.150000000000034,0,None
machine_L,1525,40.7,105,27.150000000000034,38.150000000000034,0,None
machine_L,1505,39.6,107,27.150000000000034,38.150000000000034,0,None
machine_M,1371,50.2,109,27.150000000000034,38.25,0,None
machine_L,1332,60.5,112,27.150000000000034,38.150000000000034,0,None
machine_L,1471,37.0,114,27.150000000000034,38.25,0,None
machine_M,1750,27.3,116,27.25,38.35000000000002,0,None
machine_M,1386,48.1,119,27.150000000000034,38.25,0,None
machine_M,1355,56.2,122,27.25,38.25,0,None
machine_M,1377,53.8,125,27.150000000000034,38.150000000000034,0,None
machine_L,1388,49.4,128,27.150000000000034,37.950000000000045,0,None
machine_M,1350,58.7,130,27.150000000000034,37.950000000000045,0,None
machine_M,1831,23.4,133,27.25,38.05000000000001,0,None
machine_M,1381,65.2,136,27.150000000000034,38.05000000000001,1,PWF
machine_M,1783,25.6,139,27.150000000000034,38.05000000000001,0,None
machine_L,1613,34.7,142,27.150000000000034,37.85000000000002,0,None
machine_M,2370,14.7,144,27.05000000000001,37.85000000000002,0,None
machine_L,1627,33.7,147,27.05000000000001,37.85000000000002,0,None
machine_L,1255,71.8,149,27.05000000000001,37.85000000000002,1,PWF
machine_H,1777,27.5,151,27.05000000000001,37.85000000000002,0,None
machine_L,1606,30.9,156,27.150000000000034,37.950000000000045,0,None
machine_L,1676,28.6,158,27.150000000000034,37.950000000000045,0,None
machine_L,1605,37.1,160,27.150000000000034,37.950000000000045,0,None
machine_L,1487,37.4,162,27.25,37.950000000000045,0,None
machine_L,1471,46.5,164,27.25,38.05000000000001,0,None
machine_M,1477,44.2,166,27.150000000000034,37.950000000000045,0,None
machine_L,1530,32.0,169,27.25,38.05000000000001,0,None
machine_L,1673,28.9,171,27.25,38.05000000000001,0,None
machine_L,1436,56.8,173,27.25,38.05000000000001,0,None
machine_L,1495,51.2,175,27.25,38.150000000000034,0,None
machine_M,1366,56.1,177,27.25,38.05000000000001,0,None
machine_H,1489,45.3,180,27.25,38.05000000000001,0,None
machine_L,1480,46.6,185,27.150000000000034,37.950000000000045,0,None
machine_L,1472,37.3,187,27.25,38.05000000000001,0,None
machine_L,1397,50.8,189,27.25,37.950000000000045,0,None
machine_L,1589,35.5,191,27.25,37.950000000000045,0,None
machine_L,1405,54.1,193,27.25,37.950000000000045,0,None
machine_L,2013,20.1,195,27.25,37.950000000000045,0,None
machine_L,1802,26.0,197,27.25,37.85000000000002,0,None
machine_M,1433,46.1,199,27.25,37.85000000000002,0,None
machine_M,1296,61.3,202,27.350000000000023,37.950000000000045,1,OSF
machine_M,1551,36.6,205,27.350000000000023,38.05000000000001,0,None
machine_L,1270,67.5,208,27.350000000000023,38.05000000000001,1,OSF
machine_L,1531,38.5,0,27.450000000000045,38.150000000000034,0,None
machine_H,1397,45.2,2,27.350000000000023,38.05000000000001,0,None
machine_L,1547,37.2,7,27.350000000000023,37.950000000000045,0,None
machine_L,2074,18.9,9,27.350000000000023,37.85000000000002,0,None
machine_L,1491,42.6,11,27.350000000000023,37.950000000000045,0,None
machine_L,1759,28.3,13,27.350000000000023,37.85000000000002,0,None
machine_M,1595,35.4,15,27.25,37.85000000000002,0,None
machine_L,1351,62.0,18,27.25,38.05000000000001,0,None
machine_L,1705,28.7,20,27.25,38.05000000000001,0,None
machine_L,1406,43.6,22,27.25,38.05000000000001,0,None
machine_L,1639,34.6,24,27.25,38.150000000000034,0,None
machine_H,2026,20.3,26,27.25,38.150000000000034,0,None
machine_M,1350,56.5,31,27.25,38.150000000000034,0,None
machine_M,1468,41.1,34,27.350000000000023,38.150000000000034,0,None
machine_L,1642,27.1,37,27.350000000000023,38.25,0,None
machine_L,1490,41.8,39,27.350000000000023,38.150000000000034,0,None
machine_M,1507,43.4,41,27.350000000000023,38.150000000000034,0,None
machine_L,1611,32.7,44,27.350000000000023,38.25,0,None
machine_M,1743,27.6,46,27.350000000000023,38.25,0,None
machine_L,1475,46.3,49,27.350000000000023,38.150000000000034,0,None
machine_L,1432,47.5,51,27.350000000000023,38.25,0,None
machine_L,1442,47.0,53,27.350000000000023,38.25,0,None
machine_M,1468,40.4,55,27.450000000000045,38.25,0,None
machine_L,1556,45.3,58,27.350000000000023,38.25,0,None
machine_M,1312,51.4,60,27.350000000000023,38.25,0,None
machine_L,1459,47.0,63,27.450000000000045,38.35000000000002,0,None
machine_L,1651,36.9,65,27.350000000000023,38.35000000000002,0,None
machine_L,1490,38.4,67,27.350000000000023,38.35000000000002,0,None
machine_M,1473,31.5,69,27.450000000000045,38.450000000000045,0,None
machine_L,1734,29.9,72,27.450000000000045,38.55000000000001,0,None
machine_L,1507,45.5,74,27.450000000000045,38.55000000000001,0,None
machine_L,1556,34.9,76,27.450000000000045,38.55000000000001,0,None
machine_H,1351,53.5,78,27.350000000000023,38.450000000000045,0,None
machine_L,1445,44.8,83,27.350000000000023,38.55000000000001,0,None
machine_L,1619,32.7,85,27.350000000000023,38.55000000000001,0,None
machine_M,1269,64.0,87,27.350000000000023,38.55000000000001,0,None
machine_L,1534,37.7,90,27.350000000000023,38.450000000000045,0,None
machine_L,1444,49.3,92,27.350000000000023,38.450000000000045,0,None
machine_L,1744,26.8,94,27.350000000000023,38.450000000000045,0,None
machine_L,1441,44.6,96,27.25,38.35000000000002,0,None
machine_M,1506,40.7,98,27.150000000000034,38.150000000000034,0,None
machine_L,1526,38.5,101,27.150000000000034,38.25,0,None
machine_L,1704,29.7,103,27.25,38.35000000000002,0,None
machine_H,1445,52.4,105,27.25,38.25,0,None
machine_L,1661,35.9,110,27.350000000000023,38.35000000000002,0,None
machine_L,1466,41.8,112,27.350000000000023,38.25,0,None
machine_L,1608,35.1,114,27.25,38.150000000000034,0,None
machine_M,1352,57.3,116,27.25,38.25,0,None
machine_M,1604,31.7,119,27.25,38.25,0,None
machine_H,1427,50.7,122,27.25,38.25,0,None
machine_L,1424,44.6,127,27.25,38.25,0,None
machine_L,1662,29.3,129,27.25,38.25,0,None
machine_L,1936,23.9,131,27.25,38.25,0,None
machine_L,1728,31.7,133,27.25,38.25,0,None
machine_L,1552,28.8,135,27.25,38.25,0,None
machine_H,1662,29.0,137,27.25,38.35000000000002,0,None
machine_L,1343,57.7,142,27.150000000000034,38.25,0,None
machine_M,1476,32.6,144,27.25,38.35000000000002,0,None
machine_L,1346,51.1,147,27.150000000000034,38.25,0,None
machine_L,1492,44.6,149,27.25,38.35000000000002,0,None
machine_M,1540,41.5,151,27.150000000000034,38.35000000000002,0,None
machine_L,1596,32.5,154,27.25,38.35000000000002,0,None
machine_L,1541,47.8,156,27.350000000000023,38.450000000000045,0,None
machine_L,1661,30.0,158,27.350000000000023,38.450000000000045,0,None
machine_M,1359,55.4,160,27.25,38.450000000000045,0,None
machine_L,1528,42.4,163,27.350000000000023,38.450000000000045,0,None
machine_M,1246,52.9,165,27.350000000000023,38.450000000000045,0,None
machine_L,1575,32.5,168,27.350000000000023,38.450000000000045,0,None
machine_M,1658,30.4,170,27.350000000000023,38.450000000000045,0,None
machine_L,1385,54.8,173,27.350000000000023,38.450000000000045,0,None
machine_H,1454,50.3,175,27.350000000000023,38.55000000000001,0,None
machine_L,1497,40.5,180,27.350000000000023,38.450000000000045,0,None
machine_M,1424,50.8,182,27.450000000000045,38.55000000000001,0,None
machine_L,1528,43.9,185,27.450000000000045,38.55000000000001,0,None
machine_L,1539,37.0,187,27.450000000000045,38.650000000000034,0,None
machine_L,1336,58.4,189,27.55000000000001,38.650000000000034,1,OSF
machine_L,1525,37.6,191,27.350000000000023,38.450000000000045,0,None
machine_M,1456,51.1,193,27.350000000000023,38.450000000000045,0,None
machine_M,2141,17.2,196,27.350000000000023,38.55000000000001,0,None
machine_M,1476,39.1,199,27.350000000000023,38.450000000000045,0,None
machine_L,1509,47.2,202,27.350000000000023,38.450000000000045,0,None
machine_L,1447,45.4,204,27.350000000000023,38.450000000000045,0,None
machine_L,1448,49.1,206,27.450000000000045,38.55000000000001,0,None
machine_L,1428,52.6,208,27.450000000000045,38.55000000000001,0,None
machine_M,1389,52.1,210,27.450000000000045,38.55000000000001,0,None
machine_L,1635,32.4,213,27.55000000000001,38.55000000000001,0,None
machine_L,1395,43.7,215,27.55000000000001,38.55000000000001,0,None
machine_L,1443,43.7,217,27.55000000000001,38.650000000000034,0,None
machine_M,1412,49.1,219,27.55000000000001,38.55000000000001,0,None
machine_L,1524,43.5,222,27.55000000000001,38.55000000000001,0,None
machine_M,1407,42.4,224,27.55000000000001,38.650000000000034,0,None
machine_L,1397,43.5,227,27.650000000000034,38.55000000000001,0,None
machine_M,1504,36.9,229,27.55000000000001,38.55000000000001,0,None
machine_M,2097,18.9,232,27.55000000000001,38.55000000000001,1,TWF
machine_L,1553,39.8,0,27.450000000000045,38.55000000000001,0,None
machine_L,1432,39.2,2,27.450000000000045,38.55000000000001,0,None
machine_M,1577,36.5,4,27.350000000000023,38.450000000000045,0,None
machine_M,1370,56.1,7,27.350000000000023,38.35000000000002,0,None
machine_H,1506,36.2,10,27.350000000000023,38.450000000000045,0,None
machine_L,1964,21.4,15,27.450000000000045,38.450000000000045,0,None
machine_H,1500,36.7,17,27.450000000000045,38.55000000000001,0,None
machine_L,1488,47.7,22,27.450000000000045,38.55000000000001,0,None
machine_H,1282,60.2,24,27.450000000000045,38.35000000000002,0,None
machine_L,1400,45.1,29,27.350000000000023,38.25,0,None
machine_L,1419,38.6,31,27.450000000000045,38.35000000000002,0,None
machine_M,1441,40.6,33,27.55000000000001,38.35000000000002,0,None
machine_M,1348,62.5,36,27.55000000000001,38.450000000000045,0,None
machine_H,1468,38.7,39,27.650000000000034,38.55000000000001,0,None
machine_M,1701,30.8,44,27.55000000000001,38.55000000000001,0,None
machine_H,1864,23.6,47,27.55000000000001,38.55000000000001,0,None
machine_M,1630,31.8,52,27.450000000000045,38.450000000000045,0,None
machine_L,1316,49.7,55,27.350000000000023,38.35000000000002,0,None
machine_L,1708,31.2,57,27.350000000000023,38.35000000000002,0,None
machine_H,1679,27.5,59,27.350000000000023,38.25,0,None
machine_L,1709,32.3,64,27.350000000000023,38.25,0,None
machine_L,1445,41.5,66,27.350000000000023,38.25,0,None
machine_M,1390,51.9,68,27.350000000000023,38.25,0,None
machine_L,1309,55.5,71,27.25,38.25,0,None
machine_L,1499,37.6,73,27.350000000000023,38.35000000000002,0,None
machine_M,2072,18.8,75,27.350000000000023,38.25,0,None
machine_L,1487,43.0,78,27.350000000000023,38.35000000000002,0,None
machine_L,1302,49.6,80,27.350000000000023,38.35000000000002,0,None
machine_M,1378,48.2,82,27.350000000000023,38.35000000000002,0,None
machine_L,1365,53.0,85,27.350000000000023,38.450000000000045,0,None
machine_H,1427,44.6,87,27.450000000000045,38.55000000000001,0,None
machine_H,1535,33.3,92,27.450000000000045,38.55000000000001,0,None
machine_H,1476,41.7,97,27.350000000000023,38.450000000000045,0,None
machine_L,1425,42.4,102,27.350000000000023,38.450000000000045,0,None
machine_L,1409,54.7,104,27.350000000000023,38.55000000000001,0,None
machine_L,1730,30.2,106,27.350000000000023,38.450000000000045,0,None
machine_M,1454,41.4,108,27.350000000000023,38.450000000000045,0,None
machine_L,1744,26.9,111,27.450000000000045,38.55000000000001,0,None
machine_M,1761,29.0,113,27.650000000000034,38.75,0,None
machine_M,1657,30.9,116,27.55000000000001,38.75,0,None
machine_L,1420,47.0,119,27.55000000000001,38.650000000000034,0,None
machine_H,1329,59.2,121,27.55000000000001,38.75,0,None
machine_L,1472,44.2,126,27.450000000000045,38.75,0,None
machine_L,1566,30.1,128,27.450000000000045,38.85000000000002,0,None
machine_L,1430,42.7,130,27.450000000000045,38.85000000000002,0,None
machine_L,1481,40.9,132,27.450000000000045,38.85000000000002,0,None
machine_L,1670,29.4,134,27.450000000000045,38.85000000000002,0,None
machine_L,1406,55.1,136,27.450000000000045,38.85000000000002,0,None
machine_H,1354,46.9,138,27.450000000000045,38.950000000000045,0,None
machine_M,1985,19.3,143,27.350000000000023,38.85000000000002,0,None
machine_M,1263,60.8,146,27.350000000000023,38.85000000000002,0,None
machine_L,1576,31.1,149,27.350000000000023,38.75,0,None
machine_L,1453,45.1,151,27.350000000000023,38.85000000000002,0,None
machine_L,1478,39.0,153,27.350000000000023,38.85000000000002,0,None
machine_M,1323,57.9,155,27.350000000000023,38.75,0,None
machine_L,1710,28.4,158,27.350000000000023,38.75,0,None
machine_L,1314,59.5,160,27.25,38.55000000000001,0,None
machine_L,1460,39.6,162,27.25,38.55000000000001,0,None
machine_M,1508,45.4,164,27.25,38.55000000000001,0,None
machine_M,1331,55.3,167,27.350000000000023,38.650000000000034,0,None
machine_L,1515,47.4,170,27.25,38.55000000000001,0,None
machine_L,1674,33.0,172,27.25,38.450000000000045,0,None
machine_L,1444,51.2,174,27.25,38.55000000000001,0,None
machine_M,1398,42.6,176,27.25,38.55000000000001,0,None
machine_M,1832,24.2,179,27.25,38.55000000000001,0,None
machine_M,1591,42.0,182,27.350000000000023,38.650000000000034,0,None
machine_M,1478,39.9,185,27.25,38.55000000000001,0,None
machine_M,1362,47.6,188,27.25,38.650000000000034,0,None
machine_L,1368,57.9,191,27.350000000000023,38.650000000000034,1,OSF
machine_M,1723,28.3,193,27.150000000000034,38.55000000000001,0,None
machine_L,1689,30.8,196,27.25,38.650000000000034,0,None
machine_L,1272,59.2,198,27.25,38.650000000000034,1,OSF
machine_M,1511,33.0,200,27.25,38.55000000000001,0,None
machine_H,1715,30.8,203,27.25,38.450000000000045,0,None
machine_M,1400,43.8,0,27.150000000000034,38.35000000000002,0,None
machine_L,1200,76.6,3,27.25,38.450000000000045,1,PWF
machine_M,1555,38.7,5,27.25,38.55000000000001,0,None
machine_H,1427,56.2,8,27.150000000000034,38.450000000000045,0,None
machine_L,1318,52.7,13,27.150000000000034,38.25,0,None
machine_H,1319,54.6,15,27.05000000000001,38.25,0,None
machine_M,1960,20.9,20,27.05000000000001,38.25,0,None
machine_L,1552,38.9,23,27.150000000000034,38.35000000000002,0,None
machine_L,1548,32.2,25,27.150000000000034,38.35000000000002,0,None
machine_L,1709,29.5,27,27.150000000000034,38.450000000000045,0,None
machine_H,1464,41.0,29,27.150000000000034,38.35000000000002,0,None
machine_L,1759,24.8,34,27.150000000000034,38.25,0,None
machine_L,1634,31.9,36,27.150000000000034,38.35000000000002,0,None
machine_L,1663,33.6,38,27.150000000000034,38.35000000000002,0,None
machine_M,1445,47.3,40,27.150000000000034,38.35000000000002,0,None
machine_L,1695,25.6,43,27.150000000000034,38.35000000000002,0,None
machine_L,1517,39.0,45,27.25,38.450000000000045,0,None
machine_L,1811,26.8,47,27.350000000000023,38.55000000000001,0,None
machine_L,1815,23.5,49,27.25,38.450000000000045,0,None
machine_L,1513,40.0,51,27.25,38.55000000000001,0,None
machine_M,1518,36.4,53,27.25,38.450000000000045,0,None
machine_L,1667,28.8,56,27.150000000000034,38.35000000000002,0,None
machine_L,1403,60.1,58,27.150000000000034,38.35000000000002,0,None
machine_L,1383,42.1,60,27.05000000000001,38.35000000000002,0,None
machine_L,1466,46.2,62,27.150000000000034,38.35000000000002,0,None
machine_L,1378,47.5,64,27.150000000000034,38.35000000000002,0,None
machine_M,1547,40.9,66,27.05000000000001,38.35000000000002,0,None
machine_L,1495,38.5,69,27.05000000000001,38.35000000000002,0,None
machine_L,1729,29.3,71,26.950000000000045,38.25,0,None
machine_L,1418,47.7,73,26.950000000000045,38.25,0,None
machine_H,1485,40.4,75,26.950000000000045,38.25,0,None
machine_L,1434,40.8,80,26.950000000000045,38.35000000000002,0,None
machine_M,1415,55.8,82,27.05000000000001,38.450000000000045,0,None
machine_H,1674,29.6,85,26.950000000000045,38.450000000000045,0,None
machine_L,1454,52.4,90,26.950000000000045,38.35000000000002,0,None
machine_L,1476,39.0,92,26.850000000000023,38.25,0,None
machine_L,1812,28.3,94,26.850000000000023,38.35000000000002,0,None
machine_L,1374,41.9,96,26.850000000000023,38.25,0,None
machine_M,1524,40.6,98,26.950000000000045,38.25,0,None
machine_L,1383,49.6,101,26.850000000000023,38.25,0,None
machine_L,1429,58.2,103,26.75,38.150000000000034,0,None
machine_M,1517,41.2,105,26.650000000000034,38.150000000000034,0,None
machine_M,1480,44.9,108,26.75,38.25,0,None
machine_L,1706,28.8,111,26.75,38.25,0,None
machine_L,1349,48.6,113,26.850000000000023,38.35000000000002,0,None
machine_M,1451,49.0,115,26.850000000000023,38.35000000000002,0,None
machine_L,1627,36.7,118,26.75,38.25,0,None
machine_M,1537,35.4,120,26.850000000000023,38.25,0,None
machine_L,2218,17.0,123,26.950000000000045,38.35000000000002,0,None
machine_M,1466,39.0,125,26.850000000000023,38.25,0,None
machine_L,1666,32.0,128,26.850000000000023,38.35000000000002,0,None
machine_L,1455,41.7,130,26.850000000000023,38.35000000000002,0,None
machine_L,1927,24.6,132,26.850000000000023,38.25,0,None
machine_M,1703,28.4,134,26.75,38.150000000000034,0,None
machine_L,1533,35.9,137,26.650000000000034,38.05000000000001,0,None
machine_H,1785,25.4,139,26.650000000000034,38.150000000000034,0,None
machine_L,2142,16.6,144,26.650000000000034,38.05000000000001,0,None
machine_L,1369,46.2,146,26.650000000000034,38.05000000000001,0,None
machine_M,1706,29.2,148,26.650000000000034,38.05000000000001,0,None
machine_L,1802,24.4,151,26.75,38.150000000000034,0,None
machine_H,1413,41.8,153,26.75,38.150000000000034,0,None
machine_L,1484,53.2,158,26.850000000000023,38.150000000000034,0,None
machine_L,1535,38.1,160,26.75,38.150000000000034,0,None
machine_M,1579,35.5,162,26.75,38.05000000000001,0,None
machine_L,1300,64.2,165,26.650000000000034,37.950000000000045,0,None
machine_M,1452,44.3,167,26.650000000000034,37.950000000000045,0,None
machine_M,1562,35.7,170,26.650000000000034,37.950000000000045,0,None
machine_L,1664,28.3,173,26.650000000000034,38.05000000000001,0,None
machine_H,1495,35.8,175,26.75,38.05000000000001,0,None
machine_M,1533,42.6,180,26.850000000000023,38.25,0,None
machine_L,1484,37.0,183,26.850000000000023,38.25,0,None
machine_L,1604,38.7,185,26.850000000000023,38.25,0,None
machine_L,1483,45.6,187,26.850000000000023,38.25,0,None
machine_L,1549,34.7,189,26.950000000000045,38.35000000000002,0,None
machine_L,1604,35.0,191,26.950000000000045,38.25,0,None
machine_L,1685,31.0,193,27.05000000000001,38.35000000000002,0,None
machine_L,1372,49.2,195,27.05000000000001,38.450000000000045,0,None
machine_L,1374,47.4,197,27.150000000000034,38.450000000000045,0,None
machine_L,1606,31.0,199,27.05000000000001,38.450000000000045,0,None
machine_L,1471,47.2,201,26.950000000000045,38.35000000000002,0,None
machine_L,1659,31.1,203,26.950000000000045,38.35000000000002,0,None
machine_M,1400,48.5,205,26.950000000000045,38.55000000000001,0,None
machine_L,1503,42.6,208,26.950000000000045,38.55000000000001,0,None
machine_L,1798,23.2,210,27.05000000000001,38.650000000000034,0,None
machine_M,1608,35.0,212,27.05000000000001,38.450000000000045,0,None
machine_L,1322,50.9,215,27.05000000000001,38.450000000000045,0,None
machine_H,1547,37.7,217,27.05000000000001,38.450000000000045,0,None
machine_M,1374,47.9,222,27.150000000000034,38.55000000000001,1,TWF
machine_M,1447,36.8,0,27.150000000000034,38.55000000000001,0,None
machine_L,1373,47.2,3,27.25,38.55000000000001,0,None
machine_L,1515,37.5,5,27.150000000000034,38.55000000000001,0,None
machine_L,1317,56.5,7,27.150000000000034,38.55000000000001,0,None
machine_L,1551,37.2,9,27.150000000000034,38.650000000000034,0,None
machine_M,1592,32.1,11,27.150000000000034,38.650000000000034,0,None
machine_L,1433,42.2,14,27.25,38.650000000000034,0,None
machine_L,1432,43.1,16,27.350000000000023,38.75,0,None
machine_L,1350,51.7,18,27.350000000000023,38.75,0,None
machine_M,1370,44.8,20,27.350000000000023,38.75,0,None
machine_L,1415,44.6,23,27.350000000000023,38.85000000000002,0,None
machine_L,1498,42.9,25,27.350000000000023,38.85000000000002,0,None
machine_M,1382,54.1,27,27.350000000000023,38.85000000000002,0,None
machine_M,1511,44.5,30,27.350000000000023,38.75,0,None
machine_L,1330,59.5,33,27.350000000000023,38.75,0,None
machine_L,1383,50.5,35,27.350000000000023,38.75,0,None
machine_L,1431,49.4,37,27.350000000000023,38.75,0,None
machine_L,1461,38.1,39,27.350000000000023,38.85000000000002,0,None
machine_H,1438,46.7,41,27.25,38.75,0,None
machine_M,1779,27.7,46,27.350000000000023,38.85000000000002,0,None
machine_M,1293,52.3,49,27.450000000000045,38.950000000000045,0,None
machine_L,1308,54.7,52,27.450000000000045,39.05000000000001,0,None
machine_L,1532,37.2,54,27.450000000000045,39.150000000000034,0,None
machine_L,1470,38.6,56,27.55000000000001,39.25,0,None
machine_L,1548,37.9,58,27.55000000000001,39.150000000000034,0,None
machine_L,1898,24.0,60,27.55000000000001,39.150000000000034,0,None
machine_H,1335,49.0,62,27.55000000000001,39.05000000000001,0,None
machine_L,1420,53.8,67,27.55000000000001,39.150000000000034,0,None
machine_L,1418,49.0,69,27.55000000000001,39.150000000000034,0,None
machine_M,1535,40.3,71,27.650000000000034,39.150000000000034,0,None
machine_H,1457,47.2,74,27.55000000000001,39.25,0,None
machine_L,1493,39.1,79,27.650000000000034,39.25,0,None
machine_H,1670,27.3,81,27.55000000000001,39.150000000000034,0,None
machine_H,1446,45.4,86,27.55000000000001,39.150000000000034,0,None
machine_L,1465,59.1,91,27.650000000000034,39.25,1,PWF
machine_L,1590,36.3,93,27.55000000000001,39.150000000000034,0,None
machine_M,2174,18.5,95,27.450000000000045,39.05000000000001,0,None
machine_L,1590,37.9,98,27.55000000000001,39.25,0,None
machine_L,1577,33.2,100,27.55000000000001,39.150000000000034,0,None
machine_M,1371,61.7,102,27.55000000000001,39.25,0,None
machine_L,1767,25.6,105,27.650000000000034,39.25,0,None
machine_L,1517,39.2,107,27.650000000000034,39.35000000000002,0,None
machine_M,1555,40.6,109,27.75,39.450000000000045,0,None
machine_L,1416,43.8,112,27.75,39.55000000000001,0,None
machine_M,1588,35.6,114,27.650000000000034,39.450000000000045,0,None
machine_L,1422,50.0,117,27.650000000000034,39.450000000000045,0,None
machine_L,1376,53.6,119,27.650000000000034,39.450000000000045,0,None
machine_L,1434,50.7,121,27.650000000000034,39.35000000000002,0,None
machine_L,1423,47.3,123,27.650000000000034,39.35000000000002,0,None
machine_L,1364,52.5,125,27.75,39.25,0,None
machine_L,1825,23.8,127,27.650000000000034,39.25,0,None
machine_L,1365,44.5,129,27.650000000000034,39.25,0,None
machine_M,1430,47.2,131,27.55000000000001,39.150000000000034,0,None
machine_L,1435,44.8,134,27.650000000000034,39.150000000000034,0,None
machine_M,1811,25.1,136,27.650000000000034,39.25,0,None
machine_M,1465,43.7,139,27.650000000000034,39.25,0,None
machine_L,1372,51.0,142,27.75,39.25,0,None
machine_L,1858,26.3,144,27.650000000000034,39.150000000000034,0,None
machine_L,1715,26.8,146,27.55000000000001,39.150000000000034,0,None
machine_L,1590,38.5,148,27.55000000000001,39.05000000000001,0,None
machine_M,1664,25.7,150,27.650000000000034,39.05000000000001,0,None
machine_L,1512,36.9,153,27.55000000000001,38.950000000000045,0,None
machine_L,1498,44.0,155,27.55000000000001,38.950000000000045,0,None
machine_L,1395,41.9,157,27.55000000000001,38.950000000000045,0,None
machine_H,1490,43.1,159,27.55000000000001,38.950000000000045,0,None
machine_H,1527,35.1,164,27.650000000000034,38.950000000000045,0,None
machine_L,1512,37.1,169,27.650000000000034,38.950000000000045,0,None
machine_L,1474,42.4,171,27.75,38.950000000000045,0,None
machine_L,1505,41.3,173,27.650000000000034,38.950000000000045,0,None
machine_L,1496,40.0,175,27.650000000000034,38.85000000000002,0,None
machine_L,1382,49.3,177,27.650000000000034,38.85000000000002,0,None
machine_L,1419,47.7,179,27.55000000000001,38.75,0,None
machine_L,1462,39.7,181,27.55000000000001,38.75,0,None
machine_M,1450,45.0,183,27.650000000000034,38.85000000000002,0,None
machine_H,1389,46.5,186,27.55000000000001,38.75,0,None
machine_M,1697,28.2,191,27.55000000000001,38.75,0,None
machine_L,1335,57.1,194,27.55000000000001,38.75,1,OSF
machine_L,1476,42.0,196,27.55000000000001,38.75,0,None
machine_L,1497,43.6,198,27.450000000000045,38.55000000000001,0,None
machine_M,1669,29.2,200,27.450000000000045,38.450000000000045,0,None
machine_L,1455,48.0,203,27.450000000000045,38.450000000000045,0,None
machine_L,1499,38.4,205,27.55000000000001,38.55000000000001,0,None
machine_L,1478,41.9,207,27.55000000000001,38.650000000000034,0,None
machine_L,1928,21.8,209,27.650000000000034,38.650000000000034,0,None
machine_M,1621,28.3,211,27.650000000000034,38.75,0,None
machine_M,1356,44.3,214,27.650000000000034,38.75,0,None
machine_L,1490,46.4,217,27.650000000000034,38.55000000000001,0,None
machine_L,1578,31.4,219,27.650000000000034,38.55000000000001,0,None
machine_L,1681,31.3,221,27.650000000000034,38.55000000000001,0,None
machine_L,1417,43.4,223,27.650000000000034,38.650000000000034,0,None
machine_M,1532,40.0,0,27.55000000000001,38.55000000000001,0,None
machine_M,1499,38.9,3,27.55000000000001,38.55000000000001,0,None
machine_L,1432,45.8,6,27.650000000000034,38.55000000000001,0,None
machine_L,1753,29.0,8,27.650000000000034,38.55000000000001,0,None
machine_L,1414,49.0,10,27.650000000000034,38.55000000000001,0,None
machine_L,1655,32.2,12,27.650000000000034,38.55000000000001,0,None
machine_L,1516,35.6,14,27.650000000000034,38.450000000000045,0,None
machine_L,1426,45.5,16,27.650000000000034,38.55000000000001,0,None
machine_L,1479,39.4,18,27.650000000000034,38.55000000000001,0,None
machine_M,1569,36.4,20,27.55000000000001,38.35000000000002,0,None
machine_L,1568,36.0,23,27.650000000000034,38.450000000000045,0,None
machine_M,1843,24.5,25,27.75,38.650000000000034,0,None
machine_M,1480,40.9,28,27.75,38.75,0,None
machine_L,1447,36.8,31,27.850000000000023,38.85000000000002,0,None
machine_L,1454,41.9,33,27.850000000000023,38.75,0,None
machine_M,1310,56.1,35,27.75,38.75,0,None
machine_H,1513,38.0,38,27.75,38.75,0,None
machine_H,2140,16.5,43,27.75,38.75,0,None
machine_L,1377,49.9,48,27.850000000000023,38.950000000000045,0,None
machine_L,1585,32.3,50,27.850000000000023,38.950000000000045,0,None
machine_H,1491,42.6,52,27.950000000000045,39.05000000000001,0,None
machine_L,1264,59.0,57,27.850000000000023,39.05000000000001,0,None
machine_L,1372,47.0,59,27.850000000000023,39.05000000000001,0,None
machine_L,1510,39.9,61,27.850000000000023,39.05000000000001,0,None
machine_L,1423,40.2,63,27.75,38.950000000000045,0,None
machine_L,1464,35.3,65,27.950000000000045,39.150000000000034,0,None
machine_L,1602,35.9,67,27.850000000000023,39.05000000000001,0,None
machine_M,1629,32.6,69,27.850000000000023,39.05000000000001,0,None
machine_L,1811,23.2,72,27.75,39.05000000000001,0,None
machine_L,1711,28.8,74,27.75,38.950000000000045,0,None
machine_M,1297,48.6,76,27.75,38.950000000000045,0,None
machine_L,1405,46.1,79,27.850000000000023,38.950000000000045,0,None
machine_L,1397,54.9,81,27.950000000000045,39.05000000000001,0,None
machine_L,1682,29.7,83,27.950000000000045,39.150000000000034,0,None
machine_L,1528,38.4,85,28.05000000000001,39.150000000000034,0,None
machine_M,1548,38.3,87,28.05000000000001,39.150000000000034,0,None
machine_H,1395,47.8,90,28.05000000000001,39.25,0,None
machine_L,1378,59.0,95,28.05000000000001,39.25,0,None
machine_L,1480,53.5,97,28.05000000000001,39.25,0,None
machine_M,1428,36.6,99,28.05000000000001,39.25,0,None
machine_M,1505,39.6,102,28.05000000000001,39.25,0,None
machine_L,1445,36.4,105,27.850000000000023,39.150000000000034,0,None
machine_L,1488,42.6,107,27.850000000000023,39.150000000000034,0,None
machine_L,1601,33.0,109,27.850000000000023,39.05000000000001,0,None
machine_L,1550,34.9,111,27.850000000000023,39.150000000000034,0,None
machine_L,1540,34.1,113,27.850000000000023,39.05000000000001,0,None
machine_L,1587,34.5,115,27.950000000000045,39.150000000000034,0,None
machine_H,1489,40.3,117,27.850000000000023,39.05000000000001,0,None
machine_L,1486,34.9,122,27.950000000000045,39.150000000000034,0,None
machine_L,1430,37.9,124,27.950000000000045,39.25,0,None
machine_M,1809,25.1,126,27.950000000000045,39.25,0,None
machine_L,1534,39.0,129,27.950000000000045,39.150000000000034,0,None
machine_M,1852,25.9,131,27.950000000000045,39.150000000000034,0,None
machine_L,1595,31.9,134,27.950000000000045,39.150000000000034,0,None
machine_L,1424,43.5,136,27.850000000000023,39.150000000000034,0,None
machine_L,1776,28.8,138,27.850000000000023,39.05000000000001,0,None
machine_M,1499,41.5,140,27.850000000000023,39.05000000000001,0,None
machine_M,2710,9.7,143,27.850000000000023,39.05000000000001,1,PWF
machine_L,1359,51.7,146,27.75,38.950000000000045,0,None
machine_M,1617,31.0,148,27.75,38.950000000000045,0,None
machine_M,1443,53.3,151,27.650000000000034,38.85000000000002,0,None
machine_L,1374,50.2,154,27.650000000000034,38.85000000000002,0,None
machine_M,1851,23.0,156,27.75,38.950000000000045,0,None
machine_M,1274,67.3,159,27.650000000000034,38.85000000000002,0,None
machine_L,1533,44.0,162,27.75,38.85000000000002,0,None
machine_L,1477,37.3,164,27.650000000000034,38.85000000000002,0,None
machine_L,1462,46.0,166,27.75,38.950000000000045,0,None
machine_M,1664,28.4,168,27.850000000000023,38.950000000000045,0,None
machine_L,1414,41.1,171,27.650000000000034,38.75,0,None
machine_H,2129,17.8,173,27.75,38.85000000000002,0,None
machine_L,1323,61.1,178,27.650000000000034,38.650000000000034,0,None
machine_L,1427,43.3,180,27.650000000000034,38.650000000000034,0,None
machine_M,1375,56.1,182,27.75,38.85000000000002,0,None
machine_M,1402,50.7,185,27.75,38.85000000000002,0,None
machine_L,1500,44.2,188,27.75,38.85000000000002,0,None
machine_M,1558,37.5,190,27.850000000000023,38.85000000000002,0,None
machine_M,1447,41.4,193,27.75,38.85000000000002,0,None
machine_L,1518,39.3,196,27.850000000000023,38.85000000000002,0,None
machine_L,1889,23.5,198,27.850000000000023,38.75,0,None
machine_L,1675,30.7,200,27.850000000000023,38.950000000000045,0,None
machine_H,1720,27.9,202,27.75,38.85000000000002,0,None
machine_M,1499,34.6,207,27.850000000000023,38.85000000000002,0,None
machine_L,1441,43.8,210,27.75,38.85000000000002,0,None
machine_H,1397,42.7,212,27.75,38.85000000000002,0,None
machine_L,1493,38.7,217,27.75,38.85000000000002,0,None
machine_M,1422,50.7,219,27.650000000000034,38.85000000000002,0,None
machine_L,1399,50.2,222,27.55000000000001,38.75,1,OSF
machine_L,1425,44.9,224,27.450000000000045,38.75,0,None
machine_L,1501,44.8,226,27.450000000000045,38.650000000000034,0,None
machine_M,1629,35.3,0,27.450000000000045,38.75,0,None
machine_L,1490,42.2,3,27.450000000000045,38.85000000000002,0,None
machine_L,1550,32.4,5,27.55000000000001,38.85000000000002,0,None
machine_L,1416,46.5,7,27.650000000000034,38.85000000000002,0,None
machine_L,1485,38.8,9,27.55000000000001,38.75,0,None
machine_L,1564,36.8,11,27.55000000000001,38.650000000000034,0,None
machine_L,1910,19.7,13,27.55000000000001,38.55000000000001,0,None
machine_L,1460,46.1,15,27.55000000000001,38.55000000000001,0,None
machine_L,1603,34.1,17,27.55000000000001,38.650000000000034,0,None
machine_L,1486,47.3,19,27.55000000000001,38.650000000000034,0,None
machine_L,1560,31.8,21,27.650000000000034,38.75,0,None
machine_L,1498,39.3,23,27.650000000000034,38.75,0,None
machine_H,1431,48.5,25,27.650000000000034,38.75,0,None
machine_L,1486,45.1,30,27.650000000000034,38.75,0,None
machine_L,1486,35.8,32,27.55000000000001,38.75,0,None
machine_L,1441,38.1,34,27.55000000000001,38.650000000000034,0,None
machine_M,1366,55.1,36,27.55000000000001,38.75,0,None
machine_L,1471,41.4,39,27.450000000000045,38.650000000000034,0,None
machine_L,1463,38.2,41,27.450000000000045,38.75,0,None
machine_L,1413,41.3,43,27.450000000000045,38.75,0,None
machine_H,1604,30.5,45,27.450000000000045,38.75,0,None
machine_L,1401,51.1,50,27.55000000000001,38.85000000000002,0,None
machine_L,1652,27.2,52,27.450000000000045,38.650000000000034,0,None
machine_L,1403,45.7,54,27.350000000000023,38.75,0,None
machine_L,1887,21.7,56,27.350000000000023,38.75,0,None
machine_L,1405,47.9,58,27.25,38.650000000000034,0,None
machine_H,1496,41.1,60,27.05000000000001,38.450000000000045,0,None
machine_L,1499,43.4,65,26.950000000000045,38.35000000000002,0,None
machine_L,1549,37.2,67,27.05000000000001,38.35000000000002,0,None
machine_L,1515,44.9,69,27.150000000000034,38.450000000000045,0,None
machine_L,1540,37.7,71,27.05000000000001,38.450000000000045,0,None
machine_H,1426,44.3,73,27.05000000000001,38.35000000000002,0,None
machine_M,1465,41.4,78,27.05000000000001,38.450000000000045,0,None
machine_M,1359,54.1,81,27.150000000000034,38.450000000000045,0,None
machine_M,1551,36.4,84,27.150000000000034,38.55000000000001,0,None
machine_L,1596,34.8,87,27.350000000000023,38.650000000000034,0,None
machine_M,1670,26.3,89,27.350000000000023,38.75,0,None
machine_L,1868,21.3,92,27.25,38.75,0,None
machine_M,1490,39.8,94,27.450000000000045,38.85000000000002,0,None
machine_M,1676,35.2,97,27.350000000000023,38.75,0,None
machine_M,1875,22.1,100,27.350000000000023,38.75,0,None
machine_M,1867,23.0,103,27.350000000000023,38.85000000000002,0,None
machine_L,1646,29.5,106,27.350000000000023,38.85000000000002,0,None
machine_H,1375,43.2,108,27.350000000000023,38.85000000000002,0,None
machine_L,1558,36.7,113,27.350000000000023,38.85000000000002,0,None
machine_L,1631,34.9,115,27.25,38.85000000000002,0,None
machine_L,1366,43.0,117,27.25,38.85000000000002,0,None
machine_L,1360,48.0,119,27.150000000000034,38.650000000000034,0,None
machine_L,1547,39.7,121,27.150000000000034,38.650000000000034,0,None
machine_L,1571,31.2,123,27.150000000000034,38.55000000000001,0,None
machine_L,1528,36.1,125,27.05000000000001,38.35000000000002,0,None
machine_H,1432,43.6,127,27.05000000000001,38.35000000000002,0,None
machine_L,1356,53.5,132,27.05000000000001,38.450000000000045,0,None
machine_H,1422,46.2,134,26.950000000000045,38.35000000000002,0,None
machine_L,1438,42.2,139,26.950000000000045,38.25,0,None
machine_L,1483,44.4,141,27.05000000000001,38.25,0,None
machine_L,1331,49.8,143,27.05000000000001,38.25,0,None
machine_L,1463,37.5,145,27.05000000000001,38.25,0,None
machine_L,1446,40.6,147,26.950000000000045,38.25,0,None
machine_L,1356,45.7,149,26.950000000000045,38.25,0,None
machine_L,1676,30.3,151,26.950000000000045,38.150000000000034,0,None
machine_L,1910,23.0,153,26.950000000000045,38.25,0,None
machine_L,1375,56.9,155,27.05000000000001,38.450000000000045,0,None
machine_M,1513,40.8,157,27.05000000000001,38.450000000000045,0,None
machine_L,1511,35.7,160,27.05000000000001,38.450000000000045,0,None
machine_H,1662,28.8,162,27.05000000000001,38.450000000000045,0,None
machine_L,1493,48.3,167,27.05000000000001,38.55000000000001,0,None
machine_M,1555,37.4,169,27.05000000000001,38.55000000000001,0,None
machine_L,1452,41.5,172,27.150000000000034,38.55000000000001,0,None
machine_L,1500,39.0,174,27.05000000000001,38.450000000000045,0,None
machine_L,1603,30.5,176,27.05000000000001,38.55000000000001,0,None
machine_L,1682,27.8,178,27.150000000000034,38.55000000000001,0,None
machine_L,1567,37.7,180,27.150000000000034,38.650000000000034,0,None
machine_L,1413,46.0,182,27.150000000000034,38.650000000000034,0,None
machine_M,1429,41.6,184,27.150000000000034,38.75,0,None
machine_L,1692,31.5,187,27.150000000000034,38.75,0,None
machine_L,1476,48.7,189,27.25,38.75,0,None
machine_M,1596,30.4,191,27.25,38.85000000000002,0,None
machine_H,1390,49.0,194,27.150000000000034,38.75,0,None
machine_M,1607,33.7,199,27.150000000000034,38.650000000000034,0,None
machine_L,1821,26.3,202,27.150000000000034,38.55000000000001,0,None
machine_H,2141,18.5,204,27.150000000000034,38.650000000000034,0,None
machine_M,1553,33.1,209,27.25,38.650000000000034,1,TWF
machine_M,1442,45.1,0,27.25,38.650000000000034,0,None
machine_L,1459,45.6,3,27.25,38.55000000000001,0,None
machine_H,2496,13.5,5,27.25,38.650000000000034,0,None
machine_L,1367,57.2,10,27.25,38.650000000000034,0,None
machine_L,2004,19.6,12,27.150000000000034,38.650000000000034,0,None
machine_L,1406,47.5,14,27.150000000000034,38.55000000000001,0,None
machine_L,1548,33.0,16,27.150000000000034,38.650000000000034,0,None
machine_L,1333,55.2,18,27.150000000000034,38.55000000000001,0,None
machine_L,1767,26.4,20,27.05000000000001,38.450000000000045,0,None
machine_L,1827,27.0,22,27.05000000000001,38.450000000000045,0,None
machine_M,1533,46.4,24,27.05000000000001,38.450000000000045,0,None
machine_H,1515,36.8,27,27.05000000000001,38.35000000000002,0,None
machine_L,1568,41.0,32,27.05000000000001,38.25,0,None
machine_L,1452,47.8,34,27.05000000000001,38.25,0,None
machine_L,1433,37.9,36,27.05000000000001,38.25,0,None
machine_M,1650,33.8,38,26.950000000000045,38.150000000000034,0,None
machine_L,1629,31.3,41,26.950000000000045,38.25,0,None
machine_L,1520,39.2,43,26.850000000000023,38.150000000000034,0,None
machine_H,1393,43.1,45,26.850000000000023,38.05000000000001,0,None
machine_H,1364,49.6,50,26.75,38.05000000000001,0,None
machine_M,1389,50.0,55,26.75,38.150000000000034,0,None
machine_L,1466,46.1,58,26.650000000000034,37.950000000000045,0,None
machine_L,1650,32.4,60,26.55000000000001,37.950000000000045,0,None
machine_L,1554,36.3,62,26.450000000000045,37.85000000000002,0,None
machine_M,1474,39.7,64,26.450000000000045,37.75,0,None
machine_H,1600,32.4,67,26.350000000000023,37.650000000000034,0,None
machine_L,1356,54.9,72,26.350000000000023,37.650000000000034,0,None
machine_L,1571,38.2,74,26.350000000000023,37.650000000000034,0,None
machine_L,1658,28.0,76,26.450000000000045,37.75,0,None
machine_L,1393,49.9,78,26.450000000000045,37.650000000000034,0,None
machine_M,1448,49.8,80,26.55000000000001,37.85000000000002,0,None
machine_L,1477,40.4,83,26.55000000000001,37.75,0,None
machine_M,1506,42.7,85,26.55000000000001,37.85000000000002,0,None
machine_M,1685,32.1,88,26.55000000000001,37.75,0,None
machine_L,1533,31.8,91,26.450000000000045,37.75,0,None
machine_L,1447,41.0,93,26.350000000000023,37.650000000000034,0,None
machine_M,1488,39.5,95,26.350000000000023,37.55000000000001,0,None
machine_M,1427,50.4,98,26.450000000000045,37.650000000000034,0,None
machine_M,1424,41.3,101,26.350000000000023,37.55000000000001,0,None
machine_L,1472,40.9,104,26.350000000000023,37.55000000000001,0,None
machine_L,1438,45.7,106,26.350000000000023,37.55000000000001,0,None
machine_L,1507,42.4,108,26.450000000000045,37.650000000000034,0,None
machine_L,1393,52.1,110,26.450000000000045,37.55000000000001,0,None
machine_L,1283,52.4,112,26.350000000000023,37.650000000000034,0,None
machine_L,1644,30.9,114,26.450000000000045,37.650000000000034,0,None
machine_L,1498,46.9,116,26.450000000000045,37.650000000000034,0,None
machine_L,1400,40.8,118,26.450000000000045,37.650000000000034,0,None
machine_H,1679,31.2,120,26.450000000000045,37.75,0,None
machine_M,1618,30.3,125,26.55000000000001,37.950000000000045,0,None
machine_H,1714,30.2,128,26.450000000000045,37.85000000000002,0,None
machine_L,1574,35.0,133,26.450000000000045,37.85000000000002,0,None
machine_L,1574,36.4,135,26.55000000000001,37.950000000000045,0,None
machine_L,1472,40.9,137,26.450000000000045,37.75,0,None
machine_L,1552,33.2,139,26.450000000000045,37.85000000000002,0,None
machine_L,1603,31.4,141,26.55000000000001,37.950000000000045,0,None
machine_H,1353,47.1,143,26.55000000000001,37.950000000000045,0,None
machine_L,1690,30.6,148,26.55000000000001,37.950000000000045,0,None
machine_M,1745,26.3,150,26.650000000000034,38.05000000000001,0,None
machine_L,1522,45.7,153,26.75,38.150000000000034,0,None
machine_H,1641,34.5,155,26.850000000000023,38.25,0,None
machine_L,1596,28.9,160,26.75,38.25,0,None
machine_H,1497,37.0,162,26.75,38.25,0,None
machine_L,1371,52.3,167,26.75,38.150000000000034,0,None
machine_M,1445,41.2,169,26.75,38.150000000000034,0,None
machine_L,1564,40.0,172,26.650000000000034,38.05000000000001,0,None
machine_L,1439,44.9,174,26.55000000000001,37.950000000000045,0,None
machine_L,1352,52.1,176,26.55000000000001,38.05000000000001,0,None
machine_L,1560,35.4,178,26.650000000000034,38.150000000000034,0,None
machine_M,1616,42.3,180,26.55000000000001,38.05000000000001,0,None
machine_L,1835,23.7,183,26.55000000000001,38.05000000000001,0,None
machine_M,1649,32.7,185,26.55000000000001,37.950000000000045,0,None
machine_L,1452,47.3,188,26.650000000000034,37.950000000000045,0,None
machine_L,2144,17.7,190,26.650000000000034,37.950000000000045,0,None
machine_L,1554,41.0,192,26.55000000000001,37.950000000000045,0,None
machine_L,1827,25.4,194,26.55000000000001,37.85000000000002,0,None
machine_L,1448,46.3,196,26.450000000000045,37.75,0,None
machine_M,1530,38.8,198,26.450000000000045,37.75,0,None
machine_L,1983,21.0,201,26.55000000000001,37.85000000000002,0,None
machine_M,1620,37.2,203,26.55000000000001,37.75,0,None
machine_M,1630,29.8,206,26.450000000000045,37.75,0,None
machine_L,1229,65.2,209,26.450000000000045,37.75,1,OSF
machine_L,1873,22.3,211,26.350000000000023,37.650000000000034,0,None
machine_L,1426,45.7,213,26.25,37.55000000000001,0,None
machine_L,1376,53.9,215,26.25,37.650000000000034,1,OSF
machine_L,1622,33.6,217,26.25,37.650000000000034,0,None
machine_M,1492,45.7,219,26.25,37.55000000000001,0,None
machine_M,1374,48.9,222,26.150000000000034,37.55000000000001,0,None
machine_L,1737,27.0,225,26.05000000000001,37.55000000000001,1,TWF
machine_L,1426,42.4,0,26.150000000000034,37.650000000000034,0,None
machine_M,1826,25.1,2,26.150000000000034,37.75,0,None
machine_L,1669,32.4,5,26.150000000000034,37.75,0,None
machine_M,1473,40.1,7,26.25,37.75,0,None
machine_L,1751,27.8,10,26.25,37.75,0,None
machine_M,1446,47.3,12,26.25,37.75,0,None
machine_L,1483,43.5,15,26.150000000000034,37.650000000000034,0,None
machine_L,1535,42.6,17,26.05000000000001,37.55000000000001,0,None
machine_L,1477,44.0,19,26.05000000000001,37.55000000000001,0,None
machine_L,1391,46.9,21,26.150000000000034,37.650000000000034,0,None
machine_H,1636,29.4,23,26.05000000000001,37.55000000000001,0,None
machine_L,1675,33.3,28,26.05000000000001,37.450000000000045,0,None
machine_H,1329,48.9,30,26.05000000000001,37.35000000000002,0,None
machine_M,1548,33.5,35,26.05000000000001,37.35000000000002,0,None
machine_L,1391,45.8,38,26.05000000000001,37.35000000000002,0,None
machine_L,1437,43.1,40,25.950000000000045,37.35000000000002,0,None
machine_L,1370,61.9,42,26.05000000000001,37.450000000000045,0,None
machine_L,1577,37.1,44,25.950000000000045,37.450000000000045,0,None
machine_L,1485,37.8,46,25.950000000000045,37.35000000000002,0,None
machine_L,1504,34.3,48,25.850000000000023,37.25,0,None
machine_M,1551,35.2,50,25.75,37.150000000000034,0,None
machine_M,1428,43.0,53,25.950000000000045,37.35000000000002,0,None
machine_L,1755,27.9,56,25.850000000000023,37.35000000000002,0,None
machine_L,1329,54.9,58,25.950000000000045,37.35000000000002,0,None
machine_L,1496,35.2,60,25.950000000000045,37.35000000000002,0,None
machine_L,1532,36.6,62,25.950000000000045,37.35000000000002,0,None
machine_L,1389,61.4,64,25.950000000000045,37.35000000000002,0,None
machine_M,1524,51.4,66,25.950000000000045,37.25,0,None
machine_M,1422,49.3,69,25.950000000000045,37.25,0,None
machine_L,1739,27.4,72,25.950000000000045,37.35000000000002,0,None
machine_L,1736,26.9,74,25.950000000000045,37.35000000000002,0,None
machine_L,1419,48.8,76,25.950000000000045,37.35000000000002,0,None
machine_L,1326,49.7,78,25.950000000000045,37.450000000000045,0,None
machine_M,1449,43.2,80,25.950000000000045,37.450000000000045,0,None
machine_L,1534,39.7,83,26.05000000000001,37.450000000000045,0,None
machine_M,1443,50.9,85,26.05000000000001,37.450000000000045,0,None
machine_L,1498,41.1,88,26.05000000000001,37.450000000000045,0,None
machine_L,1796,26.0,90,25.950000000000045,37.450000000000045,0,None
machine_L,1519,45.3,92,25.950000000000045,37.25,0,None
machine_L,1339,49.6,94,25.850000000000023,37.25,0,None
machine_L,1483,41.5,96,25.850000000000023,37.25,0,None
machine_M,2099,20.0,98,25.75,37.05000000000001,0,None
machine_M,1689,29.7,101,25.850000000000023,37.150000000000034,0,None
machine_H,1369,54.5,104,25.950000000000045,37.25,0,None
machine_L,1512,38.8,109,25.850000000000023,37.25,0,None
machine_M,1303,68.6,111,25.850000000000023,37.150000000000034,1,PWF
machine_L,1552,39.9,114,25.850000000000023,37.150000000000034,0,None
machine_L,1713,28.0,116,25.850000000000023,37.25,0,None
machine_L,1456,44.1,118,25.75,37.150000000000034,0,None
machine_L,1524,39.8,120,25.850000000000023,37.25,0,None
machine_M,1394,45.2,122,25.850000000000023,37.25,0,None
machine_L,1981,21.2,125,25.850000000000023,37.25,0,None
machine_L,1565,36.1,127,25.850000000000023,37.25,0,None
machine_L,1657,31.0,129,25.950000000000045,37.25,0,None
machine_M,1625,37.1,131,25.850000000000023,37.25,0,None
machine_L,1606,31.1,134,25.850000000000023,37.25,0,None
machine_H,1336,56.8,136,25.850000000000023,37.35000000000002,0,None
machine_M,1587,34.2,141,25.850000000000023,37.450000000000045,0,None
machine_L,1602,39.7,144,25.950000000000045,37.450000000000045,0,None
machine_L,1471,38.4,146,25.950000000000045,37.35000000000002,0,None
machine_H,1332,48.0,148,25.950000000000045,37.450000000000045,0,None
machine_H,1434,48.4,153,26.05000000000001,37.450000000000045,0,None
machine_L,1921,23.9,158,25.950000000000045,37.450000000000045,0,None
machine_H,1704,30.6,160,26.05000000000001,37.450000000000045,0,None
machine_M,1397,49.5,165,25.950000000000045,37.450000000000045,0,None
machine_H,1791,28.0,168,25.950000000000045,37.450000000000045,0,None
machine_L,1818,24.1,173,25.950000000000045,37.450000000000045,0,None
machine_L,1540,36.3,175,26.05000000000001,37.55000000000001,0,None
machine_M,1502,39.8,177,26.05000000000001,37.650000000000034,0,None
machine_H,1761,30.4,180,26.05000000000001,37.650000000000034,0,None
machine_M,1517,38.4,185,25.950000000000045,37.650000000000034,0,None
machine_L,1309,51.1,188,25.950000000000045,37.55000000000001,0,None
machine_L,1363,52.6,190,25.75,37.450000000000045,0,None
machine_M,1787,22.2,192,25.850000000000023,37.450000000000045,0,None
machine_L,1640,29.2,195,25.75,37.35000000000002,0,None
machine_M,1720,25.3,197,25.75,37.450000000000045,0,None
machine_L,1384,52.8,200,25.650000000000034,37.35000000000002,0,None
machine_H,1294,55.8,202,25.650000000000034,37.35000000000002,0,None
machine_L,1464,46.4,207,25.650000000000034,37.35000000000002,0,None
machine_L,1803,25.4,209,25.650000000000034,37.450000000000045,0,None
machine_L,1602,39.1,211,25.650000000000034,37.450000000000045,0,None
machine_H,1519,38.8,213,25.75,37.450000000000045,0,None
machine_M,1638,33.6,218,25.75,37.55000000000001,0,None
machine_H,1615,33.0,221,25.75,37.450000000000045,0,None
machine_L,1651,33.3,0,25.650000000000034,37.450000000000045,0,None
machine_L,1387,52.7,2,25.75,37.450000000000045,0,None
machine_M,1678,32.8,4,25.650000000000034,37.35000000000002,0,None
machine_L,1585,38.1,7,25.75,37.450000000000045,0,None
machine_M,1640,33.8,9,25.650000000000034,37.450000000000045,0,None
machine_L,1406,43.8,12,25.75,37.450000000000045,0,None
machine_M,1679,35.8,14,25.75,37.450000000000045,0,None
machine_L,1717,26.9,17,25.75,37.35000000000002,0,None
machine_H,1429,39.9,19,25.75,37.35000000000002,0,None
machine_M,1533,44.4,24,25.75,37.25,0,None
machine_M,1525,38.5,27,25.75,37.35000000000002,0,None
machine_L,1739,26.3,30,25.75,37.25,0,None
machine_L,1436,39.0,32,25.75,37.150000000000034,0,None
machine_M,1595,33.1,34,25.650000000000034,37.05000000000001,0,None
machine_H,1435,45.6,37,25.55000000000001,36.950000000000045,0,None
machine_L,1637,31.8,42,25.55000000000001,36.85000000000002,0,None
machine_L,1558,37.6,44,25.55000000000001,36.950000000000045,0,None
machine_M,1644,34.1,46,25.55000000000001,36.950000000000045,0,None
machine_L,1641,31.1,49,25.55000000000001,36.950000000000045,0,None
machine_L,1504,41.0,51,25.650000000000034,37.05000000000001,0,None
machine_M,1506,50.7,53,25.55000000000001,36.950000000000045,0,None
machine_H,1380,44.0,56,25.650000000000034,36.950000000000045,0,None
machine_M,1549,42.5,61,25.55000000000001,36.950000000000045,0,None
machine_M,1402,69.7,64,25.55000000000001,36.950000000000045,1,PWF
machine_L,1401,45.3,67,25.55000000000001,36.950000000000045,0,None
machine_M,1459,40.2,69,25.55000000000001,36.85000000000002,0,None
machine_L,1465,39.7,72,25.55000000000001,36.75,0,None
machine_M,1295,52.7,74,25.650000000000034,36.85000000000002,0,None
machine_M,1529,38.5,77,25.650000000000034,36.85000000000002,0,None
machine_M,1484,44.9,80,25.650000000000034,36.85000000000002,0,None
machine_L,1739,30.6,83,25.650000000000034,36.75,0,None
machine_H,1422,40.7,85,25.55000000000001,36.650000000000034,0,None
machine_L,1463,40.0,90,25.650000000000034,36.650000000000034,0,None
machine_L,1667,30.4,92,25.55000000000001,36.55000000000001,0,None
machine_H,1565,39.3,94,25.55000000000001,36.55000000000001,0,None
machine_L,1393,45.7,99,25.55000000000001,36.55000000000001,0,None
machine_M,1453,47.7,101,25.650000000000034,36.55000000000001,0,None
machine_L,1442,50.0,104,25.650000000000034,36.450000000000045,0,None
machine_L,1364,44.9,106,25.55000000000001,36.450000000000045,0,None
machine_H,1453,40.4,108,25.55000000000001,36.35000000000002,0,None
machine_M,1394,46.0,113,25.55000000000001,36.35000000000002,0,None
machine_M,1500,38.8,116,25.55000000000001,36.35000000000002,0,None
machine_H,1523,34.2,119,25.450000000000045,36.35000000000002,0,None
machine_M,1254,57.1,124,25.55000000000001,36.450000000000045,0,None
machine_L,1325,52.2,127,25.450000000000045,36.35000000000002,0,None
machine_L,1424,49.6,129,25.650000000000034,36.55000000000001,0,None
machine_L,1505,39.0,131,25.650000000000034,36.55000000000001,0,None
machine_M,1392,48.7,133,25.650000000000034,36.55000000000001,0,None
machine_L,1529,44.0,136,25.650000000000034,36.55000000000001,0,None
machine_M,1477,48.5,138,25.650000000000034,36.55000000000001,0,None
machine_M,1459,47.3,141,25.650000000000034,36.55000000000001,0,None
machine_M,2240,15.9,144,25.850000000000023,36.650000000000034,0,None
machine_L,1449,48.8,147,25.75,36.55000000000001,0,None
machine_M,1589,35.3,149,25.650000000000034,36.55000000000001,0,None
machine_L,1740,28.5,152,25.650000000000034,36.55000000000001,0,None
machine_M,1499,40.3,154,25.650000000000034,36.55000000000001,0,None
machine_M,1480,38.1,157,25.650000000000034,36.55000000000001,0,None
machine_L,1751,29.6,160,25.650000000000034,36.55000000000001,0,None
machine_L,1510,40.6,162,25.55000000000001,36.55000000000001,0,None
machine_H,1437,48.2,164,25.650000000000034,36.650000000000034,0,None
machine_L,1609,40.4,169,25.650000000000034,36.55000000000001,0,None
machine_H,1490,35.9,171,25.650000000000034,36.650000000000034,0,None
machine_L,1601,35.7,176,25.55000000000001,36.55000000000001,0,None
machine_L,1665,31.1,178,25.55000000000001,36.450000000000045,0,None
machine_M,1452,42.7,180,25.55000000000001,36.450000000000045,0,None
machine_M,1487,33.6,183,25.55000000000001,36.35000000000002,0,None
machine_M,1382,48.1,186,25.55000000000001,36.450000000000045,0,None
machine_M,1686,26.2,189,25.55000000000001,36.450000000000045,0,None
machine_L,1491,36.9,192,25.450000000000045,36.450000000000045,0,None
machine_L,1442,55.6,194,25.55000000000001,36.450000000000045,0,None
machine_L,1390,50.3,196,25.450000000000045,36.450000000000045,0,None
machine_L,1502,46.7,198,25.55000000000001,36.450000000000045,0,None
machine_M,1344,59.4,200,25.450000000000045,36.450000000000045,0,None
machine_L,1385,46.3,203,25.350000000000023,36.35000000000002,1,TWF
machine_L,1547,37.4,0,25.55000000000001,36.55000000000001,0,None
machine_M,1525,42.4,2,25.450000000000045,36.450000000000045,0,None
machine_L,1540,35.8,5,25.450000000000045,36.450000000000045,0,None
machine_L,1450,44.3,7,25.450000000000045,36.35000000000002,0,None
machine_L,1353,62.5,9,25.450000000000045,36.450000000000045,0,None
machine_L,1582,45.0,11,25.650000000000034,36.55000000000001,0,None
machine_L,1396,49.0,13,25.75,36.650000000000034,0,None
machine_M,1551,36.6,15,25.650000000000034,36.650000000000034,0,None
machine_M,1836,22.8,18,25.75,36.650000000000034,0,None
machine_L,1390,49.9,21,25.75,36.650000000000034,0,None
machine_L,1534,42.1,23,25.75,36.650000000000034,0,None
machine_L,1953,20.6,25,25.650000000000034,36.55000000000001,0,None
machine_L,1634,33.6,27,25.650000000000034,36.650000000000034,0,None
machine_L,1881,21.7,29,25.55000000000001,36.55000000000001,0,None
machine_M,1448,44.8,31,25.650000000000034,36.55000000000001,0,None
machine_M,1362,50.5,34,25.55000000000001,36.55000000000001,0,None
machine_L,1225,63.4,37,25.650000000000034,36.55000000000001,0,None
machine_M,1384,48.2,39,25.650000000000034,36.450000000000045,0,None
machine_L,1334,49.3,42,25.650000000000034,36.650000000000034,0,None
machine_L,1336,50.3,44,25.650000000000034,36.55000000000001,0,None
machine_M,1331,61.6,46,25.650000000000034,36.75,0,None
machine_L,1629,31.9,49,25.650000000000034,36.75,0,None
machine_L,1776,25.7,51,25.75,36.85000000000002,0,None
machine_H,1530,38.3,53,25.650000000000034,36.85000000000002,0,None
machine_L,1719,27.3,58,25.75,36.85000000000002,0,None
machine_M,1495,35.2,60,25.650000000000034,36.75,0,None
machine_L,1450,43.1,63,25.650000000000034,36.55000000000001,0,None
machine_H,1563,38.8,65,25.650000000000034,36.650000000000034,0,None
machine_M,1501,37.1,70,25.75,36.75,0,None
machine_L,1351,47.2,73,25.650000000000034,36.75,0,None
machine_L,1365,46.5,75,25.75,36.75,0,None
machine_L,1525,39.7,77,25.650000000000034,36.75,0,None
machine_M,1288,61.9,79,25.650000000000034,36.650000000000034,0,None
machine_L,1423,42.7,82,25.450000000000045,36.450000000000045,0,None
machine_M,1502,39.4,84,25.350000000000023,36.450000000000045,0,None
machine_L,1428,43.5,87,25.350000000000023,36.35000000000002,0,None
machine_M,1566,38.1,89,25.450000000000045,36.35000000000002,0,None
machine_M,1483,44.8,92,25.350000000000023,36.35000000000002,0,None
machine_H,1593,33.3,95,25.450000000000045,36.450000000000045,0,None
machine_L,1724,26.4,100,25.350000000000023,36.450000000000045,0,None
machine_L,2617,12.1,102,25.350000000000023,36.55000000000001,1,PWF
machine_L,1294,59.4,104,25.450000000000045,36.55000000000001,0,None
machine_L,1533,40.7,106,25.450000000000045,36.450000000000045,0,None
machine_H,1671,31.8,108,25.350000000000023,36.25,0,None
machine_L,1370,52.4,113,25.350000000000023,36.35000000000002,0,None
machine_L,1462,45.1,115,25.350000000000023,36.450000000000045,0,None
machine_L,1545,36.6,117,25.25,36.35000000000002,0,None
machine_M,1484,41.7,119,25.25,36.35000000000002,0,None
machine_M,1344,45.3,122,25.25,36.35000000000002,0,None
machine_L,1357,50.1,125,25.25,36.35000000000002,0,None
machine_M,1572,33.0,127,25.350000000000023,36.450000000000045,0,None
machine_L,1861,26.9,130,25.350000000000023,36.450000000000045,0,None
machine_L,1548,44.5,132,25.350000000000023,36.35000000000002,0,None
machine_L,1496,37.7,134,25.450000000000045,36.650000000000034,0,None
machine_M,1314,49.7,136,25.450000000000045,36.55000000000001,0,None
machine_M,1422,49.7,139,25.450000000000045,36.55000000000001,0,None
machine_L,1842,20.1,142,25.450000000000045,36.650000000000034,0,None
machine_M,1434,53.0,144,25.55000000000001,36.75,0,None
machine_M,1585,31.3,147,25.650000000000034,36.950000000000045,0,None
machine_H,1704,30.7,150,25.650000000000034,36.950000000000045,0,None
machine_L,1971,23.2,155,25.75,37.05000000000001,0,None
machine_L,1431,39.9,157,25.850000000000023,37.150000000000034,0,None
machine_L,1546,37.7,159,25.75,37.25,0,None
machine_L,1496,36.3,161,25.75,37.150000000000034,0,None
machine_H,1243,63.0,163,25.75,37.150000000000034,0,None
machine_L,1452,46.2,168,25.850000000000023,37.25,0,None
machine_L,1380,44.7,170,25.950000000000045,37.450000000000045,0,None
machine_L,1567,38.4,172,26.05000000000001,37.450000000000045,0,None
machine_L,1628,35.9,174,25.950000000000045,37.35000000000002,0,None
machine_L,1505,46.1,176,25.950000000000045,37.25,0,None
machine_M,1827,28.0,178,25.850000000000023,37.150000000000034,0,None
machine_L,1577,40.0,181,25.850000000000023,37.150000000000034,0,None
machine_L,1304,57.2,183,25.75,37.05000000000001,0,None
machine_H,1324,54.6,185,25.75,36.950000000000045,0,None
machine_L,1537,39.9,190,25.650000000000034,36.85000000000002,0,None
machine_M,1501,48.7,192,25.650000000000034,36.950000000000045,0,None
machine_M,1654,29.1,195,25.55000000000001,36.75,0,None
machine_M,1519,38.1,198,25.55000000000001,36.85000000000002,0,None
machine_L,1371,51.3,201,25.55000000000001,36.75,0,None
machine_L,1181,65.9,203,25.55000000000001,36.650000000000034,1,OSF
machine_L,1469,42.8,205,25.450000000000045,36.650000000000034,0,None
machine_L,1637,34.6,207,25.450000000000045,36.650000000000034,0,None
machine_L,1370,56.0,0,25.450000000000045,36.650000000000034,0,None
machine_L,1630,30.6,2,25.450000000000045,36.75,0,None
machine_L,1517,39.0,4,25.450000000000045,36.85000000000002,0,None
machine_M,1668,32.3,6,25.450000000000045,36.75,0,None
machine_M,1818,24.9,9,25.450000000000045,36.75,0,None
machine_M,1541,36.9,12,25.450000000000045,36.85000000000002,0,None
machine_L,1482,42.1,15,25.350000000000023,36.75,0,None
machine_L,1439,49.9,17,25.450000000000045,36.950000000000045,0,None
machine_L,1492,41.2,19,25.350000000000023,36.85000000000002,0,None
machine_L,1725,27.8,21,25.25,36.75,0,None
machine_L,1559,44.2,23,25.25,36.85000000000002,0,None
machine_L,1435,42.5,25,25.350000000000023,36.85000000000002,0,None
machine_M,1512,37.5,27,25.450000000000045,36.85000000000002,0,None
machine_L,1564,37.1,30,25.450000000000045,36.75,0,None
machine_L,1522,40.3,32,25.450000000000045,36.85000000000002,0,None
machine_L,1356,59.5,34,25.450000000000045,36.75,0,None
machine_L,1556,38.6,36,25.450000000000045,36.75,0,None
machine_L,1393,45.5,38,25.450000000000045,36.75,0,None
machine_L,1753,26.8,40,25.55000000000001,36.75,0,None
machine_L,1651,29.5,42,25.55000000000001,36.75,0,None
machine_L,1372,54.7,44,25.55000000000001,36.75,0,None
machine_L,1446,43.3,46,25.55000000000001,36.75,0,None
machine_M,1501,44.7,48,25.55000000000001,36.650000000000034,0,None
machine_M,1411,45.1,51,25.55000000000001,36.75,0,None
machine_H,1672,27.5,54,25.450000000000045,36.55000000000001,0,None
machine_M,1475,40.5,59,25.55000000000001,36.650000000000034,0,None
machine_L,1469,38.4,62,25.55000000000001,36.650000000000034,0,None
machine_L,1704,28.3,64,25.450000000000045,36.650000000000034,0,None
machine_H,1463,39.1,66,25.450000000000045,36.55000000000001,0,None
machine_M,1280,64.1,71,25.450000000000045,36.55000000000001,0,None
machine_L,1464,38.0,74,25.55000000000001,36.75,0,None
machine_L,1332,46.4,76,25.450000000000045,36.650000000000034,0,None
machine_L,1634,37.8,78,25.350000000000023,36.55000000000001,0,None
machine_M,1430,43.1,80,25.450000000000045,36.650000000000034,0,None
machine_M,1523,44.6,83,25.350000000000023,36.55000000000001,0,None
machine_M,1557,37.7,86,25.350000000000023,36.55000000000001,0,None
machine_L,1585,32.2,89,25.350000000000023,36.450000000000045,0,None
machine_H,1579,33.5,91,25.350000000000023,36.450000000000045,0,None
machine_M,1354,60.8,96,25.350000000000023,36.55000000000001,0,None
machine_L,1627,33.4,99,25.450000000000045,36.55000000000001,0,None
machine_L,1477,35.6,101,25.25,36.450000000000045,0,None
machine_M,1595,29.0,103,25.150000000000034,36.25,0,None
machine_L,1520,38.1,106,25.25,36.35000000000002,0,None
machine_L,1618,31.5,108,25.150000000000034,36.25,0,None
machine_L,1397,50.3,110,25.25,36.35000000000002,0,None
machine_L,1450,47.9,112,25.25,36.35000000000002,0,None
machine_M,1501,40.2,114,25.350000000000023,36.35000000000002,0,None
machine_L,1392,50.1,117,25.25,36.25,0,None
machine_L,1385,43.2,119,25.25,36.25,0,None
machine_L,1461,46.3,121,25.25,36.25,0,None
machine_M,1364,58.7,123,25.350000000000023,36.450000000000045,0,None
machine_L,1579,38.6,126,25.350000000000023,36.35000000000002,0,None
machine_M,1514,38.8,128,25.25,36.35000000000002,0,None
machine_M,1560,36.9,131,25.150000000000034,36.35000000000002,0,None
machine_L,1542,36.7,134,25.150000000000034,36.35000000000002,0,None
machine_L,1668,27.1,136,25.150000000000034,36.25,0,None
machine_M,1816,22.6,138,25.150000000000034,36.25,0,None
machine_M,1509,34.2,141,25.150000000000034,36.25,0,None
machine_L,1479,37.8,144,25.25,36.450000000000045,0,None
machine_L,1655,30.2,146,25.25,36.450000000000045,0,None
machine_L,1711,30.3,148,25.150000000000034,36.35000000000002,0,None
machine_L,1581,34.6,150,25.25,36.55000000000001,0,None
machine_H,1279,55.9,152,25.450000000000045,36.650000000000034,0,None
machine_L,1468,40.9,157,25.350000000000023,36.650000000000034,0,None
machine_L,1419,41.3,159,25.25,36.55000000000001,0,None
machine_L,1530,38.6,161,25.25,36.55000000000001,0,None
machine_L,1710,27.3,163,25.25,36.450000000000045,1,Unknown
machine_L,1518,39.8,165,25.25,36.55000000000001,0,None
machine_M,1679,33.3,167,25.25,36.55000000000001,0,None
machine_M,1870,22.5,170,25.25,36.55000000000001,0,None
machine_L,1484,44.3,173,25.150000000000034,36.55000000000001,0,None
machine_L,1457,44.2,175,25.25,36.55000000000001,0,None
machine_H,1546,36.2,177,25.150000000000034,36.450000000000045,0,None
machine_M,1478,36.5,182,25.05000000000001,36.35000000000002,0,None
machine_L,1447,47.1,185,25.05000000000001,36.25,0,None
machine_L,1443,45.4,187,25.05000000000001,36.25,0,None
machine_L,1527,30.9,189,25.150000000000034,36.450000000000045,0,None
machine_M,1469,54.8,191,25.150000000000034,36.450000000000045,0,None
machine_M,1681,27.1,194,25.150000000000034,36.450000000000045,0,None
machine_L,1420,44.1,197,25.150000000000034,36.450000000000045,0,None
machine_M,1543,49.9,199,25.150000000000034,36.35000000000002,0,None
machine_L,1376,50.4,202,25.25,36.35000000000002,0,None
machine_H,1631,29.8,0,25.150000000000034,36.25,0,None
machine_H,1529,41.7,5,25.150000000000034,36.150000000000034,0,None
machine_L,1468,46.2,10,25.150000000000034,36.25,0,None
machine_L,1378,52.3,12,25.150000000000034,36.25,0,None
machine_L,1401,51.9,14,25.150000000000034,36.150000000000034,0,None
machine_L,1531,37.4,16,25.25,36.150000000000034,0,None
machine_L,1512,35.8,18,25.25,36.150000000000034,0,None
machine_M,1522,47.4,20,25.350000000000023,36.25,0,None
machine_M,1615,31.8,23,25.350000000000023,36.150000000000034,0,None
machine_L,1449,46.5,26,25.450000000000045,36.150000000000034,0,None
machine_L,1315,55.5,28,25.450000000000045,36.25,0,None
machine_M,1465,41.1,30,25.450000000000045,36.25,0,None
machine_M,1404,43.3,33,25.450000000000045,36.35000000000002,0,None
machine_L,1547,44.8,36,25.450000000000045,36.35000000000002,0,None
machine_M,1426,45.4,38,25.450000000000045,36.35000000000002,0,None
machine_L,1730,30.2,41,25.450000000000045,36.35000000000002,0,None
machine_L,1548,37.7,43,25.350000000000023,36.25,0,None
machine_L,1517,40.2,45,25.350000000000023,36.25,0,None
machine_L,1687,29.3,47,25.450000000000045,36.35000000000002,0,None
machine_L,1738,25.2,49,25.350000000000023,36.35000000000002,0,None
machine_H,1512,35.3,51,25.25,36.25,0,None
machine_M,1365,48.7,56,25.350000000000023,36.25,0,None
machine_H,2011,21.0,59,25.350000000000023,36.25,0,None
machine_L,1806,27.6,64,25.25,36.150000000000034,0,None
machine_L,1716,28.4,66,25.25,36.150000000000034,0,None
machine_M,1666,24.3,68,25.25,36.25,0,None
machine_L,1578,36.3,71,25.350000000000023,36.25,0,None
machine_L,1558,37.2,73,25.150000000000034,36.150000000000034,0,None
machine_L,1456,45.5,75,25.150000000000034,36.05000000000001,0,None
machine_M,1457,49.0,77,25.05000000000001,35.950000000000045,0,None
machine_L,1467,44.5,80,25.05000000000001,35.950000000000045,0,None
machine_M,1661,38.2,82,24.950000000000045,35.85000000000002,0,None
machine_L,1592,33.9,85,24.950000000000045,35.85000000000002,0,None
machine_L,1596,37.2,87,25.05000000000001,35.85000000000002,0,None
machine_L,1489,40.6,89,25.05000000000001,35.85000000000002,0,None
machine_L,1471,48.3,91,25.150000000000034,35.85000000000002,0,None
machine_M,1505,41.3,93,25.150000000000034,35.85000000000002,0,None
machine_L,1519,40.0,96,25.150000000000034,35.85000000000002,0,None
machine_L,1408,45.4,98,25.150000000000034,35.85000000000002,0,None
machine_L,1332,44.4,100,25.05000000000001,35.75,0,None
machine_L,1351,52.4,102,24.950000000000045,35.75,0,None
machine_L,1500,36.7,104,24.850000000000023,35.75,0,None
machine_M,1614,30.7,106,24.850000000000023,35.55000000000001,0,None
machine_L,1489,36.5,109,24.850000000000023,35.650000000000034,0,None
machine_M,1751,26.6,111,24.75,35.55000000000001,0,None
machine_L,1511,45.8,114,24.850000000000023,35.55000000000001,0,None
machine_L,1691,29.6,116,24.75,35.450000000000045,0,None
machine_L,1757,27.5,118,24.75,35.450000000000045,0,None
machine_H,1545,35.9,120,24.75,35.55000000000001,0,None
machine_L,2262,15.7,125,24.75,35.450000000000045,0,None
machine_M,1559,35.2,127,24.55000000000001,35.35000000000002,0,None
machine_L,1626,32.4,130,24.450000000000045,35.25,0,None
machine_L,1424,53.9,132,24.450000000000045,35.150000000000034,0,None
machine_M,1648,29.1,134,24.450000000000045,35.150000000000034,0,None
machine_L,1523,39.5,137,24.450000000000045,35.150000000000034,0,None
machine_L,1502,43.2,139,24.450000000000045,35.150000000000034,0,None
machine_L,1489,40.7,141,24.350000000000023,35.05000000000001,0,None
machine_M,1620,31.2,143,24.25,34.950000000000045,0,None
machine_L,1631,30.6,146,24.350000000000023,34.950000000000045,0,None
machine_M,1429,45.8,148,24.350000000000023,34.85000000000002,0,None
machine_M,1334,72.0,151,24.350000000000023,34.950000000000045,1,PWF
machine_L,1423,38.0,154,24.25,34.85000000000002,0,None
machine_L,1390,47.7,156,24.25,34.75,0,None
machine_M,1338,48.5,158,24.25,34.75,0,None
machine_H,1461,37.5,161,24.150000000000034,34.75,0,None
machine_M,1627,34.3,166,24.25,34.75,0,None
machine_L,1385,44.4,169,24.150000000000034,34.650000000000034,0,None
machine_M,1538,48.0,171,24.150000000000034,34.650000000000034,0,None
machine_L,1557,35.5,174,24.25,34.75,0,None
machine_L,1606,33.4,176,24.25,34.75,0,None
machine_M,1430,44.5,178,24.350000000000023,34.85000000000002,0,None
machine_M,1601,34.6,181,24.25,34.85000000000002,0,None
machine_L,1356,51.9,184,24.25,34.85000000000002,0,None
machine_M,1624,30.9,186,24.350000000000023,35.05000000000001,0,None
machine_L,1327,56.5,189,24.350000000000023,35.05000000000001,0,None
machine_L,1410,47.0,191,24.450000000000045,35.150000000000034,0,None
machine_L,1478,42.3,193,24.450000000000045,35.150000000000034,0,None
machine_L,1460,40.3,195,24.450000000000045,35.25,0,None
machine_L,1435,40.3,197,24.350000000000023,35.150000000000034,0,None
machine_H,1359,46.9,199,24.25,35.05000000000001,0,None
machine_L,1729,31.7,204,24.25,34.950000000000045,0,None
machine_H,1384,49.1,206,24.150000000000034,34.85000000000002,0,None
machine_L,1297,52.1,211,24.25,35.05000000000001,0,None
machine_L,1633,33.3,213,24.350000000000023,35.25,0,None
machine_M,1505,37.2,215,24.350000000000023,35.25,0,None
machine_L,1433,50.0,218,24.350000000000023,35.25,0,None
machine_L,1369,50.6,220,24.25,35.25,1,OSF
machine_L,1475,40.5,222,24.25,35.150000000000034,1,TWF
machine_L,1561,38.3,0,24.25,35.150000000000034,0,None
machine_L,1472,45.5,2,24.25,35.150000000000034,0,None
machine_L,1441,44.5,4,24.350000000000023,35.25,0,None
machine_M,1401,50.5,6,24.350000000000023,35.35000000000002,0,None
machine_L,1691,33.1,9,24.350000000000023,35.35000000000002,0,None
machine_L,1382,47.1,11,24.450000000000045,35.450000000000045,0,None
machine_L,1355,46.4,13,24.450000000000045,35.450000000000045,0,None
machine_L,1529,45.3,15,24.450000000000045,35.450000000000045,0,None
machine_L,1829,24.9,17,24.55000000000001,35.55000000000001,0,None
machine_H,1480,39.8,19,24.450000000000045,35.450000000000045,0,None
machine_L,1475,42.4,24,24.450000000000045,35.35000000000002,0,None
machine_M,1431,52.6,26,24.450000000000045,35.35000000000002,0,None
machine_L,1437,42.3,29,24.350000000000023,35.150000000000034,0,None
machine_M,1476,45.6,31,24.350000000000023,35.150000000000034,0,None
machine_H,1490,39.7,34,24.350000000000023,35.25,0,None
machine_L,1632,33.5,39,24.25,35.150000000000034,0,None
machine_L,1402,49.7,41,24.25,35.05000000000001,0,None
machine_L,1347,45.8,43,24.25,35.150000000000034,0,None
machine_L,1747,31.0,45,24.350000000000023,35.25,0,None
machine_H,1557,39.1,47,24.350000000000023,35.35000000000002,0,None
machine_L,1371,57.4,52,24.25,35.25,0,None
machine_H,1506,37.0,54,24.150000000000034,35.150000000000034,0,None
machine_L,1590,35.5,59,24.150000000000034,35.150000000000034,0,None
machine_L,1336,53.7,61,24.25,35.150000000000034,0,None
machine_L,1411,43.2,63,24.150000000000034,35.150000000000034,0,None
machine_L,1704,27.3,65,24.25,35.150000000000034,0,None
machine_L,1723,27.3,67,24.350000000000023,35.25,0,None
machine_L,1459,39.7,69,24.350000000000023,35.35000000000002,0,None
machine_L,1572,35.9,71,24.450000000000045,35.35000000000002,0,None
machine_L,1384,56.0,73,24.350000000000023,35.25,0,None
machine_L,1383,47.5,75,24.450000000000045,35.450000000000045,0,None
machine_M,1360,48.6,77,24.450000000000045,35.35000000000002,0,None
machine_M,1596,36.6,80,24.350000000000023,35.25,0,None
machine_L,1448,54.3,83,24.350000000000023,35.35000000000002,0,None
machine_M,1443,38.2,85,24.450000000000045,35.35000000000002,0,None
machine_M,1492,35.5,88,24.450000000000045,35.450000000000045,0,None
machine_L,1497,43.9,91,24.350000000000023,35.450000000000045,0,None
machine_L,1530,38.5,93,24.350000000000023,35.35000000000002,0,None
machine_M,1478,46.2,95,24.25,35.25,0,None
machine_L,1328,61.8,98,24.25,35.25,0,None
machine_H,1771,27.4,100,24.25,35.150000000000034,0,None
machine_M,1564,35.0,105,24.25,35.25,0,None
machine_H,1461,41.5,108,24.150000000000034,35.150000000000034,0,None
machine_M,1335,57.9,113,24.25,35.150000000000034,0,None
machine_M,1441,46.8,116,24.25,35.25,0,None
machine_L,1268,60.6,119,24.150000000000034,35.150000000000034,0,None
machine_M,1697,27.4,121,24.150000000000034,35.150000000000034,0,None
machine_L,1421,46.0,124,24.25,35.25,0,None
machine_L,1496,36.4,126,24.25,35.35000000000002,0,None
machine_L,1375,55.6,128,24.350000000000023,35.35000000000002,0,None
machine_L,1295,52.1,130,24.25,35.35000000000002,0,None
machine_L,1643,33.8,132,24.25,35.35000000000002,0,None
machine_L,1514,36.9,134,24.350000000000023,35.450000000000045,0,None
machine_L,1671,29.4,136,24.350000000000023,35.450000000000045,0,None
machine_H,1355,58.9,138,24.350000000000023,35.450000000000045,0,None
machine_L,1365,50.6,143,24.450000000000045,35.55000000000001,0,None
machine_L,1407,42.5,145,24.350000000000023,35.55000000000001,0,None
machine_M,1455,46.1,147,24.350000000000023,35.650000000000034,0,None
machine_L,1502,45.9,150,24.350000000000023,35.650000000000034,0,None
machine_M,1471,52.3,152,24.350000000000023,35.650000000000034,0,None
machine_L,1581,30.4,155,24.350000000000023,35.75,0,None
machine_L,1530,37.8,157,24.350000000000023,35.650000000000034,0,None
machine_L,1312,50.3,159,24.350000000000023,35.650000000000034,0,None
machine_L,1494,42.6,161,24.25,35.450000000000045,0,None
machine_M,1528,29.1,163,24.25,35.450000000000045,0,None
machine_H,1688,29.4,166,24.150000000000034,35.450000000000045,0,None
machine_M,1520,42.4,171,24.150000000000034,35.35000000000002,0,None
machine_M,1664,28.9,174,24.150000000000034,35.35000000000002,0,None
machine_L,1514,44.5,177,24.150000000000034,35.35000000000002,0,None
machine_L,1456,54.2,179,24.150000000000034,35.35000000000002,0,None
machine_L,1494,39.6,181,24.05000000000001,35.35000000000002,0,None
machine_L,1605,30.0,183,24.05000000000001,35.25,0,None
machine_M,1353,46.5,185,24.05000000000001,35.35000000000002,0,None
machine_L,1447,47.9,188,24.05000000000001,35.35000000000002,0,None
machine_L,1588,40.4,190,24.05000000000001,35.35000000000002,0,None
machine_H,1524,41.4,192,24.05000000000001,35.35000000000002,0,None
machine_M,1611,31.6,197,24.05000000000001,35.35000000000002,0,None
machine_M,1604,34.9,200,24.05000000000001,35.35000000000002,0,None
machine_L,1483,46.9,203,23.950000000000045,35.35000000000002,0,None
machine_L,1543,39.6,205,23.950000000000045,35.25,0,None
machine_L,1323,44.4,207,23.950000000000045,35.35000000000002,1,TWF
machine_L,1555,36.2,0,23.950000000000045,35.35000000000002,0,None
machine_L,1583,31.9,2,23.950000000000045,35.25,0,None
machine_M,1584,40.0,4,24.05000000000001,35.35000000000002,0,None
machine_L,1766,25.8,7,24.05000000000001,35.35000000000002,0,None
machine_M,1498,44.4,9,24.05000000000001,35.450000000000045,0,None
machine_L,1413,49.8,12,24.05000000000001,35.450000000000045,0,None
machine_L,1505,33.5,14,24.150000000000034,35.450000000000045,0,None
machine_H,1438,46.2,16,24.150000000000034,35.55000000000001,0,None
machine_M,1655,34.1,21,24.150000000000034,35.55000000000001,0,None
machine_M,1451,43.8,24,24.150000000000034,35.55000000000001,0,None
machine_M,1466,38.4,27,24.150000000000034,35.55000000000001,0,None
machine_L,1774,23.0,30,24.05000000000001,35.450000000000045,0,None
machine_M,1284,51.3,32,24.05000000000001,35.450000000000045,0,None
machine_L,1425,40.0,35,23.950000000000045,35.35000000000002,0,None
machine_L,1437,52.4,37,24.05000000000001,35.450000000000045,0,None
machine_L,1335,53.0,39,24.05000000000001,35.450000000000045,0,None
machine_L,1471,41.7,41,24.05000000000001,35.35000000000002,0,None
machine_M,1364,54.0,43,24.05000000000001,35.35000000000002,0,None
machine_L,1578,35.6,46,23.950000000000045,35.35000000000002,0,None
machine_L,1712,32.1,48,23.950000000000045,35.35000000000002,0,None
machine_L,1733,28.7,50,23.950000000000045,35.35000000000002,0,None
machine_L,1652,32.1,52,24.05000000000001,35.450000000000045,0,None
machine_L,1917,24.1,54,24.05000000000001,35.450000000000045,0,None
machine_M,1444,41.1,56,24.05000000000001,35.450000000000045,0,None
machine_L,1442,37.1,59,23.950000000000045,35.450000000000045,0,None
machine_M,1717,31.3,61,23.950000000000045,35.450000000000045,0,None
machine_L,1474,42.3,64,23.950000000000045,35.55000000000001,0,None
machine_L,1509,39.3,66,24.05000000000001,35.55000000000001,0,None
machine_L,1451,43.1,68,24.05000000000001,35.650000000000034,0,None
machine_L,1554,36.1,70,24.150000000000034,35.650000000000034,0,None
machine_L,1669,30.7,72,24.05000000000001,35.55000000000001,0,None
machine_L,1366,50.4,74,24.05000000000001,35.450000000000045,0,None
machine_L,1578,34.4,76,24.05000000000001,35.450000000000045,0,None
machine_M,1513,39.0,78,24.05000000000001,35.450000000000045,0,None
machine_M,1515,42.1,81,23.950000000000045,35.35000000000002,0,None
machine_L,1562,33.0,84,24.05000000000001,35.450000000000045,0,None
machine_L,1501,38.5,86,24.05000000000001,35.55000000000001,0,None
machine_M,1398,38.1,88,24.05000000000001,35.55000000000001,0,None
machine_L,1352,53.8,91,24.150000000000034,35.55000000000001,0,None
machine_H,1569,33.9,93,24.150000000000034,35.55000000000001,0,None
machine_H,1486,46.6,98,24.05000000000001,35.450000000000045,0,None
machine_L,1864,23.6,103,24.05000000000001,35.450000000000045,0,None
machine_M,1447,44.5,105,24.150000000000034,35.55000000000001,0,None
machine_L,1392,41.5,108,24.05000000000001,35.450000000000045,0,None
machine_L,1358,47.6,110,24.150000000000034,35.450000000000045,0,None
machine_L,1491,40.2,112,24.150000000000034,35.55000000000001,0,None
machine_L,1556,36.7,114,24.150000000000034,35.55000000000001,0,None
machine_L,1531,36.7,116,24.150000000000034,35.55000000000001,0,None
machine_H,1429,37.6,118,24.25,35.55000000000001,0,None
machine_M,1573,33.9,123,24.25,35.650000000000034,0,None
machine_L,1538,41.2,126,24.25,35.650000000000034,0,None
machine_L,1467,39.0,128,24.25,35.650000000000034,0,None
machine_H,1323,51.1,130,24.25,35.55000000000001,0,None
machine_M,1798,23.0,135,24.25,35.55000000000001,0,None
machine_L,1411,46.3,138,24.25,35.450000000000045,0,None
machine_L,1528,44.5,140,24.150000000000034,35.35000000000002,0,None
machine_L,1504,42.0,142,24.150000000000034,35.35000000000002,0,None
machine_L,1384,39.6,144,24.150000000000034,35.35000000000002,0,None
machine_L,1677,26.4,146,24.05000000000001,35.25,0,None
machine_L,1764,30.8,148,24.150000000000034,35.35000000000002,0,None
machine_M,1472,42.0,150,24.25,35.35000000000002,0,None
machine_M,1465,55.9,153,24.25,35.35000000000002,0,None
machine_M,1657,33.1,156,24.25,35.450000000000045,0,None
machine_L,1635,30.5,159,24.25,35.450000000000045,0,None
machine_M,1582,31.9,161,24.25,35.55000000000001,0,None
machine_L,1761,26.2,164,24.350000000000023,35.55000000000001,0,None
machine_L,1587,34.9,166,24.350000000000023,35.650000000000034,0,None
machine_M,1446,53.0,168,24.350000000000023,35.55000000000001,0,None
machine_M,1352,53.0,171,24.350000000000023,35.55000000000001,0,None
machine_M,1392,46.4,174,24.25,35.55000000000001,0,None
machine_L,1417,49.8,177,24.350000000000023,35.650000000000034,0,None
machine_H,1824,24.0,179,24.350000000000023,35.650000000000034,0,None
machine_L,1603,36.7,184,24.350000000000023,35.650000000000034,0,None
machine_L,1620,33.4,186,24.25,35.650000000000034,0,None
machine_L,1353,49.4,188,24.25,35.650000000000034,0,None
machine_L,1360,50.7,190,24.350000000000023,35.650000000000034,0,None
machine_L,1380,53.5,192,24.350000000000023,35.450000000000045,0,None
machine_M,1363,53.6,194,24.350000000000023,35.55000000000001,0,None
machine_M,1452,41.2,197,24.25,35.450000000000045,0,None
machine_L,1680,32.8,200,24.25,35.450000000000045,0,None
machine_L,1536,39.0,202,24.350000000000023,35.450000000000045,0,None
machine_L,1621,28.9,0,24.350000000000023,35.450000000000045,0,None
machine_L,1585,37.6,2,24.350000000000023,35.450000000000045,0,None
machine_M,1408,51.5,4,24.450000000000045,35.55000000000001,0,None
machine_H,1536,38.7,7,24.350000000000023,35.450000000000045,0,None
machine_L,1352,52.6,12,24.350000000000023,35.450000000000045,0,None
machine_H,1481,38.8,14,24.350000000000023,35.450000000000045,0,None
machine_L,1454,45.0,19,24.350000000000023,35.55000000000001,0,None
machine_M,1349,51.5,21,24.350000000000023,35.450000000000045,0,None
machine_M,1327,52.1,24,24.350000000000023,35.450000000000045,0,None
machine_L,1552,42.3,27,24.450000000000045,35.55000000000001,0,None
machine_L,1456,44.7,29,24.350000000000023,35.55000000000001,0,None
machine_M,1254,45.8,31,24.450000000000045,35.450000000000045,0,None
machine_L,1437,43.3,34,24.350000000000023,35.450000000000045,0,None
machine_L,1694,27.1,36,24.350000000000023,35.450000000000045,0,None
machine_L,1306,50.7,38,24.350000000000023,35.35000000000002,0,None
machine_M,1699,30.1,40,24.350000000000023,35.35000000000002,0,None
machine_L,1369,53.2,43,24.25,35.35000000000002,0,None
machine_L,1471,43.9,45,24.25,35.35000000000002,0,None
machine_L,1410,43.9,47,24.25,35.35000000000002,0,None
machine_M,1412,45.5,49,24.25,35.35000000000002,0,None
machine_L,1418,51.2,52,24.25,35.35000000000002,0,None
machine_L,1782,25.9,54,24.25,35.35000000000002,0,None
machine_M,1497,36.4,56,24.25,35.35000000000002,0,None
machine_L,1459,39.4,59,24.150000000000034,35.25,0,None
machine_L,1796,23.8,61,24.05000000000001,35.150000000000034,0,None
machine_L,1569,31.2,63,24.05000000000001,35.150000000000034,0,None
machine_L,1469,46.7,65,24.150000000000034,35.25,0,None
machine_L,1472,41.3,67,24.150000000000034,35.25,0,None
machine_L,1475,47.2,69,24.25,35.35000000000002,0,None
machine_L,1488,36.4,71,24.25,35.450000000000045,0,None
machine_L,1524,43.1,73,24.25,35.450000000000045,0,None
machine_L,1486,48.6,75,24.25,35.35000000000002,0,None
machine_M,1255,60.7,77,24.350000000000023,35.450000000000045,0,None
machine_M,1469,42.6,80,24.25,35.450000000000045,0,None
machine_L,1692,34.3,83,24.25,35.35000000000002,0,None
machine_M,1604,32.8,85,24.25,35.450000000000045,0,None
machine_L,1446,48.1,88,24.25,35.450000000000045,0,None
machine_L,1503,43.3,90,24.150000000000034,35.35000000000002,0,None
machine_M,1625,32.8,92,24.150000000000034,35.35000000000002,0,None
machine_L,1574,35.8,95,24.05000000000001,35.35000000000002,0,None
machine_M,1378,41.9,97,24.05000000000001,35.25,0,None
machine_L,1693,29.5,100,23.950000000000045,35.25,0,None
machine_L,1462,51.2,102,24.05000000000001,35.25,0,None
machine_H,1435,55.0,104,24.150000000000034,35.35000000000002,0,None
machine_M,1425,45.8,109,24.05000000000001,35.35000000000002,0,None
machine_H,1376,53.5,112,24.150000000000034,35.450000000000045,0,None
machine_M,1481,48.0,117,24.25,35.55000000000001,0,None
machine_H,1349,48.9,120,24.25,35.55000000000001,0,None
machine_L,1551,40.0,125,24.150000000000034,35.55000000000001,0,None
machine_H,1623,33.8,127,24.25,35.55000000000001,0,None
machine_L,1462,49.7,132,24.25,35.650000000000034,0,None
machine_M,1447,57.4,134,24.150000000000034,35.650000000000034,0,None
machine_M,1799,24.5,137,24.150000000000034,35.75,0,None
machine_M,1548,41.3,140,24.150000000000034,35.650000000000034,0,None
machine_M,1485,47.9,143,24.05000000000001,35.650000000000034,0,None
machine_L,1463,49.9,146,24.05000000000001,35.55000000000001,0,None
machine_L,1587,35.8,148,24.150000000000034,35.55000000000001,0,None
machine_M,1469,44.1,150,24.150000000000034,35.650000000000034,0,None
machine_H,1430,42.8,153,24.150000000000034,35.55000000000001,0,None
machine_H,1726,26.8,158,24.25,35.55000000000001,0,None
machine_L,1651,34.1,163,24.25,35.650000000000034,0,None
machine_L,1529,41.3,165,24.25,35.650000000000034,0,None
machine_L,1473,46.2,167,24.25,35.650000000000034,0,None
machine_H,1324,53.5,169,24.25,35.650000000000034,0,None
machine_L,1708,28.8,174,24.25,35.75,0,None
machine_M,1540,38.5,176,24.350000000000023,35.950000000000045,0,None
machine_L,1320,54.7,179,24.350000000000023,35.85000000000002,0,None
machine_M,1376,39.0,181,24.25,35.75,0,None
machine_M,1542,37.0,184,24.150000000000034,35.55000000000001,0,None
machine_L,1506,39.3,187,24.150000000000034,35.55000000000001,0,None
machine_L,1492,43.6,189,24.150000000000034,35.55000000000001,0,None
machine_H,1564,38.0,191,24.150000000000034,35.650000000000034,0,None
machine_H,1645,30.8,196,24.25,35.75,0,None
machine_M,1348,59.1,201,24.25,35.75,0,None
machine_M,1325,62.4,204,24.25,35.650000000000034,1,TWF
machine_L,1443,43.5,0,24.350000000000023,35.75,0,None
machine_M,1436,44.8,2,24.350000000000023,35.75,0,None
machine_L,1596,30.7,5,24.350000000000023,35.75,0,None
machine_L,1491,43.2,7,24.450000000000045,35.85000000000002,0,None
machine_M,1573,35.1,9,24.55000000000001,35.75,0,None
machine_L,1575,39.9,12,24.55000000000001,35.75,0,None
machine_L,1458,41.1,14,24.55000000000001,35.75,0,None
machine_M,1433,41.8,16,24.55000000000001,35.85000000000002,0,None
machine_L,1662,28.1,19,24.55000000000001,35.75,0,None
machine_M,1327,63.7,21,24.55000000000001,35.75,0,None
machine_L,1742,26.3,24,24.55000000000001,35.75,0,None
machine_L,1506,33.5,26,24.650000000000034,35.75,0,None
machine_L,1457,44.4,28,24.75,35.950000000000045,0,None
machine_M,1488,37.3,30,24.75,35.950000000000045,0,None
machine_L,1619,34.7,33,24.75,35.950000000000045,0,None
machine_M,1558,41.7,35,24.850000000000023,36.05000000000001,0,None
machine_L,1731,28.7,38,24.850000000000023,36.05000000000001,0,None
machine_M,1574,34.8,40,24.850000000000023,35.950000000000045,0,None
machine_L,1290,49.8,43,24.75,35.85000000000002,0,None
machine_H,1416,39.6,45,24.75,35.75,0,None
machine_L,1566,41.9,50,24.75,35.75,0,None
machine_L,1456,46.5,52,24.75,35.85000000000002,0,None
machine_L,1528,37.5,54,24.75,35.85000000000002,0,None
machine_M,1338,49.6,56,24.75,35.950000000000045,0,None
machine_M,1558,39.2,59,24.75,35.950000000000045,0,None
machine_M,1614,38.1,62,24.75,35.950000000000045,0,None
machine_H,1557,36.4,65,24.850000000000023,35.950000000000045,0,None
machine_L,1443,45.3,70,24.950000000000045,36.150000000000034,0,None
machine_H,1332,51.0,72,24.950000000000045,36.150000000000034,0,None
machine_M,1752,25.2,77,24.950000000000045,36.150000000000034,0,None
machine_M,1460,45.8,80,24.950000000000045,36.05000000000001,0,None
machine_L,1802,26.9,83,24.950000000000045,36.05000000000001,0,None
machine_L,1527,39.5,85,24.850000000000023,36.05000000000001,0,None
machine_L,1458,39.8,87,24.850000000000023,36.05000000000001,0,None
machine_H,1520,37.9,89,24.850000000000023,36.05000000000001,0,None
machine_L,1378,49.7,94,24.850000000000023,36.05000000000001,0,None
machine_M,1529,38.1,96,24.75,36.05000000000001,0,None
machine_L,1527,32.4,99,24.850000000000023,36.05000000000001,0,None
machine_M,1438,42.9,101,24.850000000000023,36.05000000000001,0,None
machine_L,1583,36.7,104,24.75,35.85000000000002,0,None
machine_L,1530,37.6,106,24.650000000000034,35.75,0,None
machine_M,1530,39.1,108,24.55000000000001,35.75,0,None
machine_M,2089,19.1,111,24.55000000000001,35.650000000000034,0,None
machine_L,1616,34.2,114,24.55000000000001,35.650000000000034,0,None
machine_M,1681,28.3,116,24.55000000000001,35.75,0,None
machine_L,1475,43.0,119,24.450000000000045,35.650000000000034,0,None
machine_L,1371,46.5,121,24.350000000000023,35.55000000000001,0,None
machine_M,1546,38.0,123,24.350000000000023,35.55000000000001,0,None
machine_H,1461,40.1,126,24.25,35.450000000000045,0,None
machine_L,1638,31.9,131,24.25,35.55000000000001,0,None
machine_M,1577,35.6,133,24.150000000000034,35.55000000000001,0,None
machine_L,1532,38.7,136,24.25,35.450000000000045,0,None
machine_M,1710,27.7,138,24.150000000000034,35.35000000000002,0,None
machine_M,1584,29.4,141,24.150000000000034,35.450000000000045,0,None
machine_L,1446,50.1,144,24.150000000000034,35.450000000000045,0,None
machine_H,1522,46.3,146,24.25,35.55000000000001,0,None
machine_M,1382,49.9,151,24.25,35.55000000000001,0,None
machine_L,1584,38.2,154,24.25,35.55000000000001,0,None
machine_L,1385,55.2,156,24.150000000000034,35.450000000000045,0,None
machine_L,1592,34.4,158,24.150000000000034,35.55000000000001,0,None
machine_M,1404,43.7,160,24.05000000000001,35.450000000000045,0,None
machine_L,1518,44.3,163,24.05000000000001,35.35000000000002,0,None
machine_L,1529,40.4,165,23.950000000000045,35.25,0,None
machine_L,1550,37.0,167,23.950000000000045,35.25,0,None
machine_L,1773,23.8,169,23.950000000000045,35.150000000000034,0,None
machine_L,1446,43.7,171,24.05000000000001,35.35000000000002,0,None
machine_M,1487,46.9,173,24.05000000000001,35.35000000000002,0,None
machine_M,1524,49.3,176,24.150000000000034,35.35000000000002,0,None
machine_L,1403,54.1,179,23.950000000000045,35.150000000000034,0,None
machine_L,2267,15.7,181,23.950000000000045,35.05000000000001,0,None
machine_M,1529,37.9,183,23.950000000000045,35.05000000000001,0,None
machine_L,1402,51.2,186,23.950000000000045,35.05000000000001,0,None
machine_L,1693,28.0,188,24.05000000000001,35.150000000000034,0,None
machine_L,1496,45.8,190,23.950000000000045,35.150000000000034,0,None
machine_L,1633,33.3,192,23.950000000000045,34.950000000000045,0,None
machine_L,1399,42.6,194,23.950000000000045,35.05000000000001,0,None
machine_M,1363,45.3,196,23.850000000000023,34.950000000000045,0,None
machine_H,1527,42.2,199,23.950000000000045,35.05000000000001,0,None
machine_M,1405,42.5,204,24.05000000000001,35.05000000000001,0,None
machine_M,1459,59.6,207,24.150000000000034,35.150000000000034,1,PWF
machine_M,1789,25.0,210,24.25,35.25,0,None
machine_L,1531,41.5,213,24.25,35.25,0,None
machine_M,1620,35.8,215,24.25,35.25,0,None
machine_L,1571,39.4,0,24.25,35.25,0,None
machine_L,1434,39.9,2,24.25,35.25,0,None
machine_L,1474,43.6,4,24.25,35.25,0,None
machine_M,1544,41.7,6,24.150000000000034,35.150000000000034,0,None
machine_L,1601,35.7,9,24.150000000000034,35.05000000000001,0,None
machine_L,1801,26.9,11,24.25,35.150000000000034,0,None
machine_L,1465,42.0,13,24.25,35.150000000000034,0,None
machine_M,1340,52.6,15,24.25,35.25,0,None
machine_M,1517,41.0,18,24.25,35.25,0,None
machine_M,1434,44.8,21,24.150000000000034,35.25,0,None
machine_H,1935,19.3,24,24.150000000000034,35.150000000000034,0,None
machine_M,1595,32.2,29,24.150000000000034,35.150000000000034,0,None
machine_L,2188,17.0,32,24.150000000000034,35.150000000000034,0,None
machine_M,1449,44.4,34,24.150000000000034,35.25,0,None
machine_L,1471,38.2,37,24.150000000000034,35.150000000000034,0,None
machine_L,1639,33.8,39,24.25,35.05000000000001,0,None
machine_M,1846,24.5,41,24.150000000000034,35.05000000000001,0,None
machine_M,1452,38.2,44,24.150000000000034,35.05000000000001,0,None
machine_M,1483,41.9,47,24.25,35.150000000000034,0,None
machine_L,1284,60.3,50,24.25,35.150000000000034,0,None
machine_L,1419,50.0,52,24.25,35.05000000000001,0,None
machine_L,1763,28.4,54,24.150000000000034,34.950000000000045,0,None
machine_M,1478,42.5,56,24.05000000000001,34.85000000000002,0,None
machine_L,1518,36.0,59,24.150000000000034,34.85000000000002,0,None
machine_L,1447,49.0,61,24.150000000000034,34.85000000000002,0,None
machine_M,1355,55.1,63,24.25,34.85000000000002,0,None
machine_L,1348,57.4,66,24.25,34.950000000000045,0,None
machine_L,1348,53.7,68,24.25,34.950000000000045,0,None
machine_M,1734,27.7,70,24.25,34.950000000000045,0,None
machine_L,1420,46.5,73,24.150000000000034,34.85000000000002,0,None
machine_L,1797,24.7,75,24.150000000000034,34.75,0,None
machine_M,1403,45.0,77,24.150000000000034,34.85000000000002,0,None
machine_L,1628,30.2,80,24.150000000000034,34.75,0,None
machine_M,1687,30.4,82,24.05000000000001,34.75,0,None
machine_M,1456,44.9,85,24.05000000000001,34.75,0,None
machine_L,1496,44.7,88,23.950000000000045,34.75,0,None
machine_L,1636,30.3,90,23.950000000000045,34.650000000000034,0,None
machine_L,1536,40.4,92,23.950000000000045,34.650000000000034,0,None
machine_L,1454,50.6,94,23.950000000000045,34.650000000000034,0,None
machine_L,1396,50.0,96,23.850000000000023,34.650000000000034,0,None
machine_L,1575,37.4,98,23.850000000000023,34.450000000000045,0,None
machine_L,1514,35.7,100,23.75,34.450000000000045,0,None
machine_M,1455,49.9,102,23.650000000000034,34.25,0,None
machine_L,1549,48.3,105,23.650000000000034,34.25,0,None
machine_L,1474,42.4,107,23.650000000000034,34.35000000000002,0,None
machine_H,1661,34.2,109,23.55000000000001,34.25,0,None
machine_L,1535,34.6,114,23.55000000000001,34.25,0,None
machine_M,1556,31.2,116,23.75,34.35000000000002,0,None
machine_L,1435,45.0,119,23.75,34.450000000000045,0,None
machine_M,1332,51.1,121,23.75,34.35000000000002,0,None
machine_L,1513,42.4,124,23.850000000000023,34.450000000000045,0,None
machine_L,1502,39.4,126,23.850000000000023,34.55000000000001,0,None
machine_L,1315,60.1,128,23.850000000000023,34.55000000000001,0,None
machine_M,1261,51.1,130,23.850000000000023,34.55000000000001,0,None
machine_L,1406,60.4,133,23.950000000000045,34.650000000000034,0,None
machine_L,1584,42.3,135,23.950000000000045,34.650000000000034,0,None
machine_M,1443,43.9,137,23.950000000000045,34.650000000000034,0,None
machine_L,1580,35.8,140,24.05000000000001,34.75,0,None
machine_L,1825,24.6,142,24.05000000000001,34.75,0,None
machine_L,1469,48.2,144,24.05000000000001,34.75,0,None
machine_L,1493,38.4,146,24.05000000000001,34.75,0,None
machine_M,1598,29.4,148,24.150000000000034,34.85000000000002,0,None
machine_H,1450,37.2,151,24.05000000000001,34.75,0,None
machine_M,1632,37.5,156,24.05000000000001,34.75,0,None
machine_M,1980,20.3,159,23.950000000000045,34.75,0,None
machine_L,1474,43.7,162,24.05000000000001,34.85000000000002,0,None
machine_L,1540,37.1,164,24.05000000000001,34.75,0,None
machine_M,1609,38.9,166,23.950000000000045,34.75,0,None
machine_L,1467,42.8,169,23.950000000000045,34.85000000000002,0,None
machine_L,1492,39.4,171,23.950000000000045,34.75,0,None
machine_L,1493,46.1,173,23.850000000000023,34.75,0,None
machine_L,1500,39.9,175,23.850000000000023,34.650000000000034,0,None
machine_L,1477,36.6,177,23.950000000000045,34.650000000000034,0,None
machine_L,1342,49.1,179,23.950000000000045,34.75,0,None
machine_M,1538,34.3,181,23.950000000000045,34.650000000000034,0,None
machine_L,1337,58.1,184,24.05000000000001,34.75,0,None
machine_L,1417,41.8,186,24.150000000000034,34.75,0,None
machine_L,1383,46.2,188,24.25,34.85000000000002,0,None
machine_M,1440,42.4,190,24.25,34.85000000000002,0,None
machine_L,1579,34.4,193,24.150000000000034,34.75,0,None
machine_L,1441,40.0,195,24.05000000000001,34.75,0,None
machine_M,1530,35.9,197,24.05000000000001,34.75,0,None
machine_L,1705,26.0,200,24.05000000000001,34.85000000000002,0,None
machine_H,1435,43.0,202,24.05000000000001,34.85000000000002,0,None
machine_M,1340,61.3,207,24.05000000000001,34.950000000000045,1,OSF
machine_L,1431,49.7,210,24.05000000000001,34.950000000000045,1,Unknown
machine_L,1396,52.7,212,24.150000000000034,35.05000000000001,1,OSF
machine_M,1369,52.0,214,24.150000000000034,34.950000000000045,0,None
machine_L,1615,35.4,217,24.150000000000034,34.950000000000045,1,TWF
machine_L,1662,31.3,0,24.05000000000001,34.950000000000045,0,None
machine_L,1553,33.5,2,24.150000000000034,35.05000000000001,0,None
machine_M,1536,34.6,4,24.25,35.05000000000001,0,None
machine_L,1548,46.6,7,24.25,35.150000000000034,0,None
machine_L,1706,30.9,9,24.25,35.150000000000034,0,None
machine_L,1366,45.5,11,24.25,35.150000000000034,0,None
machine_L,1440,35.9,13,24.350000000000023,35.25,0,None
machine_M,1685,28.1,15,24.350000000000023,35.25,0,None
machine_M,1444,44.0,18,24.25,35.150000000000034,0,None
machine_L,1395,48.7,21,24.25,35.150000000000034,0,None
machine_L,1483,38.8,23,24.25,35.150000000000034,0,None
machine_M,1403,44.3,25,24.350000000000023,35.25,0,None
machine_H,1793,23.9,28,24.350000000000023,35.25,0,None
machine_L,1723,28.8,33,24.25,35.150000000000034,0,None
machine_L,1386,41.0,35,24.25,35.05000000000001,0,None
machine_H,1585,46.2,37,24.25,35.05000000000001,0,None
machine_M,1731,27.7,42,24.150000000000034,34.950000000000045,0,None
machine_L,1519,37.7,45,24.150000000000034,35.150000000000034,0,None
machine_L,1896,24.4,47,24.150000000000034,35.05000000000001,0,None
machine_L,2358,14.9,49,24.150000000000034,35.150000000000034,0,None
machine_M,1341,51.9,51,24.150000000000034,35.150000000000034,0,None
machine_L,1550,37.0,54,24.150000000000034,35.150000000000034,0,None
machine_L,1309,61.5,56,24.150000000000034,35.150000000000034,0,None
machine_M,1599,32.9,58,24.150000000000034,35.25,0,None
machine_L,1343,40.0,61,24.25,35.25,0,None
machine_L,1378,39.9,63,24.25,35.25,0,None
machine_L,1603,34.6,65,24.25,35.25,0,None
machine_L,1664,28.1,67,24.25,35.25,0,None
machine_L,1488,37.4,69,24.150000000000034,35.25,0,None
machine_M,1370,50.5,71,24.150000000000034,35.25,0,None
machine_L,1545,34.3,74,24.150000000000034,35.35000000000002,0,None
machine_M,1566,31.4,76,24.25,35.35000000000002,0,None
machine_L,1820,24.6,79,24.25,35.450000000000045,0,None
machine_M,1901,22.1,81,24.25,35.450000000000045,0,None
machine_M,1638,32.2,84,24.25,35.35000000000002,0,None
machine_M,1521,38.2,87,24.150000000000034,35.25,0,None
machine_H,1864,23.1,90,24.150000000000034,35.25,0,None
machine_L,1430,41.9,95,24.150000000000034,35.150000000000034,0,None
machine_M,1686,34.5,97,24.150000000000034,35.25,0,None
machine_M,1326,57.2,100,24.05000000000001,35.150000000000034,0,None
machine_L,1805,25.6,103,24.05000000000001,35.150000000000034,0,None
machine_H,1453,45.8,105,24.05000000000001,35.150000000000034,0,None
machine_M,1863,26.0,110,24.05000000000001,35.25,0,None
machine_L,1576,35.3,113,24.05000000000001,35.150000000000034,0,None
machine_L,1419,39.7,115,24.05000000000001,35.150000000000034,0,None
machine_L,1833,25.2,117,24.05000000000001,35.25,0,None
machine_H,2182,17.3,119,24.05000000000001,35.25,0,None
machine_L,1656,30.3,124,24.05000000000001,35.150000000000034,0,None
machine_L,1351,56.6,126,23.950000000000045,35.05000000000001,0,None
machine_H,1790,30.3,128,23.950000000000045,35.05000000000001,0,None
machine_M,1678,28.1,133,24.05000000000001,35.05000000000001,0,None
machine_L,1427,45.2,136,23.950000000000045,35.05000000000001,0,None
machine_L,1429,54.0,138,23.850000000000023,34.950000000000045,0,None
machine_H,1770,27.2,140,24.05000000000001,34.950000000000045,0,None
machine_L,1689,31.2,145,24.05000000000001,34.950000000000045,0,None
machine_M,1554,41.3,147,24.05000000000001,34.950000000000045,0,None
machine_L,1506,36.0,150,24.150000000000034,34.950000000000045,0,None
machine_L,1474,44.3,152,24.05000000000001,34.950000000000045,0,None
machine_L,1762,26.1,154,24.150000000000034,34.950000000000045,0,None
machine_L,1566,35.7,156,24.150000000000034,34.950000000000045,0,None
machine_H,1554,42.4,158,24.150000000000034,34.950000000000045,0,None
machine_L,1869,25.4,163,24.05000000000001,34.85000000000002,0,None
machine_L,1527,35.1,165,24.150000000000034,34.85000000000002,0,None
machine_L,1309,49.6,167,24.05000000000001,34.75,0,None
machine_M,1541,35.7,169,24.05000000000001,34.75,0,None
machine_L,1326,75.4,172,24.05000000000001,34.75,1,PWF
machine_H,1365,54.0,174,23.950000000000045,34.75,0,None
machine_L,1428,43.7,179,23.950000000000045,34.650000000000034,0,None
machine_L,1681,27.6,181,23.950000000000045,34.650000000000034,0,None
machine_M,1662,26.9,183,23.950000000000045,34.75,0,None
machine_L,1989,20.3,186,24.05000000000001,34.75,0,None
machine_M,1747,29.0,188,24.05000000000001,34.75,0,None
machine_M,1765,31.1,191,24.05000000000001,34.85000000000002,0,None
machine_L,1568,34.4,194,24.150000000000034,34.950000000000045,0,None
machine_M,1709,30.6,196,24.150000000000034,34.950000000000045,0,None
machine_M,1370,58.8,199,24.150000000000034,34.950000000000045,0,None
machine_L,1458,45.7,202,24.150000000000034,34.950000000000045,0,None
machine_L,1712,30.9,204,24.05000000000001,34.950000000000045,0,None
machine_L,1642,36.9,206,24.150000000000034,34.950000000000045,0,None
machine_L,1468,49.8,0,24.150000000000034,34.950000000000045,0,None
machine_H,1477,52.3,2,24.150000000000034,34.950000000000045,0,None
machine_L,1446,53.5,7,24.150000000000034,35.05000000000001,0,None
machine_H,1653,31.4,9,24.150000000000034,35.05000000000001,0,None
machine_L,1494,38.2,14,24.150000000000034,35.150000000000034,0,None
machine_L,1490,41.0,16,24.150000000000034,35.05000000000001,0,None
machine_M,1550,47.8,18,24.25,35.150000000000034,0,None
machine_M,1677,34.9,21,24.150000000000034,35.05000000000001,0,None
machine_L,1854,21.8,24,24.25,35.150000000000034,0,None
machine_M,1662,30.3,26,24.350000000000023,35.35000000000002,0,None
machine_M,1440,38.8,29,24.350000000000023,35.450000000000045,0,None
machine_L,1513,39.7,32,24.350000000000023,35.450000000000045,0,None
machine_M,1389,49.0,34,24.450000000000045,35.450000000000045,0,None
machine_L,1351,51.0,37,24.450000000000045,35.450000000000045,0,None
machine_M,1482,38.3,39,24.450000000000045,35.450000000000045,0,None
machine_L,1744,28.5,42,24.450000000000045,35.450000000000045,0,None
machine_L,1476,39.0,44,24.450000000000045,35.55000000000001,0,None
machine_M,1444,48.2,46,24.450000000000045,35.450000000000045,0,None
machine_H,1659,32.1,49,24.450000000000045,35.55000000000001,0,None
machine_M,1475,46.6,54,24.450000000000045,35.55000000000001,0,None
machine_L,1526,42.1,57,24.450000000000045,35.450000000000045,0,None
machine_M,1675,29.5,59,24.25,35.25,0,None
machine_L,1525,38.7,62,24.25,35.25,0,None
machine_L,1396,45.9,64,24.150000000000034,35.150000000000034,0,None
machine_L,1580,41.2,66,24.25,35.25,0,None
machine_L,1462,42.8,68,24.25,35.35000000000002,0,None
machine_L,1426,50.4,70,24.25,35.25,0,None
machine_L,1569,34.2,72,24.25,35.35000000000002,0,None
machine_L,1477,40.7,74,24.25,35.35000000000002,0,None
machine_L,1761,27.2,76,24.25,35.35000000000002,0,None
machine_M,1486,45.9,78,24.350000000000023,35.450000000000045,0,None
machine_L,1664,30.1,81,24.450000000000045,35.450000000000045,0,None
machine_L,1576,32.7,83,24.450000000000045,35.450000000000045,0,None
machine_H,1463,46.7,85,24.450000000000045,35.450000000000045,0,None
machine_M,1585,42.0,90,24.450000000000045,35.450000000000045,0,None
machine_L,1479,45.7,93,24.55000000000001,35.55000000000001,0,None
machine_L,1449,40.2,95,24.55000000000001,35.55000000000001,0,None
machine_H,1404,50.3,97,24.55000000000001,35.650000000000034,0,None
machine_L,1694,29.1,102,24.55000000000001,35.55000000000001,0,None
machine_L,1731,28.4,104,24.55000000000001,35.55000000000001,0,None
machine_L,1522,37.0,106,24.450000000000045,35.450000000000045,0,None
machine_L,1536,36.9,108,24.350000000000023,35.35000000000002,0,None
machine_L,1373,39.9,110,24.350000000000023,35.35000000000002,0,None
machine_L,1597,36.4,112,24.350000000000023,35.35000000000002,0,None
machine_L,1678,34.2,114,24.450000000000045,35.35000000000002,0,None
machine_L,1452,42.6,116,24.450000000000045,35.35000000000002,0,None
machine_M,1447,41.6,118,24.350000000000023,35.35000000000002,0,None
machine_L,1574,37.1,121,24.450000000000045,35.35000000000002,0,None
machine_L,1528,40.0,123,24.450000000000045,35.450000000000045,0,None
machine_L,1688,27.2,125,24.55000000000001,35.55000000000001,0,None
machine_L,1393,40.4,127,24.450000000000045,35.450000000000045,0,None
machine_M,1429,50.5,129,24.350000000000023,35.450000000000045,0,None
machine_M,1347,57.0,132,24.350000000000023,35.450000000000045,0,None
machine_L,1553,40.5,135,24.450000000000045,35.450000000000045,0,None
machine_L,1260,53.6,137,24.350000000000023,35.450000000000045,0,None
machine_L,1546,33.8,139,24.350000000000023,35.450000000000045,0,None
machine_L,1596,36.0,141,24.350000000000023,35.450000000000045,0,None
machine_L,1340,57.4,143,24.350000000000023,35.35000000000002,0,None
machine_M,1369,54.8,145,24.350000000000023,35.25,0,None
machine_L,1462,52.3,148,24.350000000000023,35.35000000000002,0,None
machine_H,1487,46.2,150,24.25,35.25,0,None
machine_M,1510,35.5,155,24.350000000000023,35.450000000000045,0,None
machine_H,1671,28.0,158,24.350000000000023,35.35000000000002,0,None
machine_M,1612,30.0,163,24.350000000000023,35.35000000000002,0,None
machine_M,1509,39.7,166,24.450000000000045,35.450000000000045,0,None
machine_L,1415,47.3,169,24.450000000000045,35.450000000000045,0,None
machine_L,2384,14.4,171,24.450000000000045,35.450000000000045,0,None
machine_L,1326,62.4,173,24.450000000000045,35.450000000000045,0,None
machine_M,1390,53.4,175,24.450000000000045,35.450000000000045,0,None
machine_M,1392,41.2,178,24.450000000000045,35.55000000000001,0,None
machine_H,1385,44.4,181,24.450000000000045,35.650000000000034,0,None
machine_L,1896,24.5,186,24.55000000000001,35.650000000000034,0,None
machine_L,1474,46.8,188,24.55000000000001,35.55000000000001,0,None
machine_M,1388,45.6,190,24.55000000000001,35.650000000000034,0,None
machine_L,1715,27.2,193,24.55000000000001,35.75,0,None
machine_H,1650,32.2,195,24.650000000000034,35.75,0,None
machine_L,1871,25.6,200,24.650000000000034,35.75,1,TWF
machine_L,1403,64.2,0,24.650000000000034,35.85000000000002,1,PWF
machine_L,1518,40.4,2,24.650000000000034,35.75,0,None
machine_L,1504,43.0,4,24.75,35.950000000000045,0,None
machine_L,1340,56.9,6,24.650000000000034,35.85000000000002,0,None
machine_H,1435,44.7,8,24.75,35.950000000000045,0,None
machine_L,1507,36.9,13,24.75,35.950000000000045,0,None
machine_L,1521,36.1,15,24.75,35.950000000000045,0,None
machine_M,1576,45.0,17,24.650000000000034,35.85000000000002,0,None
machine_L,1543,36.6,20,24.75,35.950000000000045,0,None
machine_L,1665,36.6,22,24.850000000000023,36.05000000000001,0,None
machine_L,1442,50.3,24,24.75,35.950000000000045,0,None
machine_L,1629,29.0,26,24.75,35.85000000000002,0,None
machine_L,1379,47.3,28,24.75,35.85000000000002,0,None
machine_L,1502,40.2,30,24.75,35.85000000000002,0,None
machine_L,1595,32.0,32,24.75,35.950000000000045,0,None
machine_M,1439,38.5,34,24.850000000000023,35.85000000000002,0,None
machine_M,1970,21.6,37,24.75,35.85000000000002,0,None
machine_L,1562,35.8,40,24.75,35.85000000000002,0,None
machine_M,1530,40.9,42,24.75,35.85000000000002,0,None
machine_L,1393,40.6,45,24.75,35.75,0,None
machine_L,1532,37.6,47,24.75,35.85000000000002,0,None
machine_L,1607,37.7,49,24.850000000000023,35.75,0,None
machine_M,1469,49.0,51,24.75,35.650000000000034,0,None
machine_M,1538,37.6,54,24.75,35.650000000000034,0,None
machine_L,1613,31.4,57,24.75,35.650000000000034,0,None
machine_M,1602,32.1,59,24.75,35.650000000000034,0,None
machine_L,1404,44.2,62,24.650000000000034,35.55000000000001,0,None
machine_L,1548,36.9,64,24.650000000000034,35.650000000000034,0,None
machine_L,1559,35.2,66,24.650000000000034,35.650000000000034,0,None
machine_L,1621,36.1,68,24.650000000000034,35.650000000000034,0,None
machine_L,1579,32.9,70,24.650000000000034,35.650000000000034,0,None
machine_M,1547,44.0,72,24.75,35.75,0,None
machine_L,1386,48.6,75,24.75,35.650000000000034,0,None
machine_L,1406,40.9,77,24.850000000000023,35.75,0,None
machine_M,1393,55.9,79,24.850000000000023,35.85000000000002,0,None
machine_M,2456,13.9,82,24.75,35.85000000000002,0,None
machine_M,1409,49.1,85,24.850000000000023,35.85000000000002,0,None
machine_L,1390,53.9,88,24.850000000000023,35.75,0,None
machine_L,1679,32.4,90,24.850000000000023,35.85000000000002,0,None
machine_L,1508,37.1,92,24.850000000000023,35.75,0,None
machine_L,1681,31.7,94,24.75,35.650000000000034,0,None
machine_H,1469,43.7,96,24.55000000000001,35.650000000000034,0,None
machine_L,1421,49.6,101,24.650000000000034,35.650000000000034,0,None
machine_L,1354,50.2,103,24.55000000000001,35.650000000000034,0,None
machine_M,1350,57.0,105,24.55000000000001,35.650000000000034,0,None
machine_L,1282,58.1,108,24.650000000000034,35.75,0,None
machine_M,1675,30.0,110,24.650000000000034,35.85000000000002,0,None
machine_M,1525,38.5,113,24.75,35.85000000000002,0,None
machine_L,1382,43.9,116,24.75,35.85000000000002,0,None
machine_L,1450,46.8,118,24.75,35.85000000000002,0,None
machine_L,1820,23.6,120,24.850000000000023,35.950000000000045,0,None
machine_L,1822,23.5,122,24.850000000000023,35.950000000000045,0,None
machine_L,1473,44.3,124,24.850000000000023,35.950000000000045,0,None
machine_M,1572,37.5,126,24.950000000000045,35.950000000000045,0,None
machine_M,2042,17.8,129,24.950000000000045,35.85000000000002,0,None
machine_L,1922,22.6,132,25.05000000000001,36.05000000000001,0,None
machine_L,1539,36.5,134,25.05000000000001,35.950000000000045,0,None
machine_L,1350,52.0,136,25.05000000000001,35.950000000000045,0,None
machine_L,1403,45.1,138,25.150000000000034,35.950000000000045,0,None
machine_L,1904,20.3,140,25.150000000000034,35.950000000000045,0,None
machine_M,1592,35.2,142,25.05000000000001,35.75,0,None
machine_L,1556,31.6,145,24.950000000000045,35.55000000000001,0,None
machine_M,1811,25.4,147,24.950000000000045,35.650000000000034,0,None
machine_M,1456,41.2,150,25.05000000000001,35.650000000000034,0,None
machine_H,1436,51.9,153,25.05000000000001,35.650000000000034,0,None
machine_M,1362,49.6,158,24.950000000000045,35.55000000000001,0,None
machine_L,1683,29.1,161,24.950000000000045,35.55000000000001,0,None
machine_M,1269,60.9,163,25.05000000000001,35.55000000000001,0,None
machine_L,1454,49.0,166,25.150000000000034,35.650000000000034,0,None
machine_L,1767,27.3,168,25.150000000000034,35.650000000000034,0,None
machine_L,1708,27.3,170,25.150000000000034,35.75,0,None
machine_L,1862,27.0,172,25.150000000000034,35.75,0,None
machine_L,1695,30.7,174,25.150000000000034,35.75,0,None
machine_M,1488,40.6,176,25.150000000000034,35.950000000000045,0,None
machine_L,1657,32.2,179,25.150000000000034,35.85000000000002,0,None
machine_H,1823,25.9,181,25.150000000000034,35.85000000000002,0,None
machine_M,1651,28.8,186,25.05000000000001,35.950000000000045,0,None
machine_M,1533,36.1,189,24.950000000000045,35.85000000000002,0,None
machine_M,1508,40.5,192,25.05000000000001,35.85000000000002,0,None
machine_L,1616,31.1,195,25.150000000000034,35.950000000000045,0,None
machine_L,1651,31.5,197,25.05000000000001,35.85000000000002,0,None
machine_L,1569,35.2,199,25.05000000000001,35.950000000000045,0,None
machine_M,1296,58.7,201,25.150000000000034,35.950000000000045,0,None
machine_H,1379,43.2,0,25.150000000000034,35.85000000000002,0,None
machine_M,1694,28.0,5,25.05000000000001,35.85000000000002,0,None
machine_L,1377,57.8,8,25.05000000000001,35.85000000000002,0,None
machine_H,1470,38.4,10,25.150000000000034,35.85000000000002,0,None
machine_M,1404,47.0,15,25.150000000000034,35.950000000000045,0,None
machine_L,1593,40.1,18,25.150000000000034,35.950000000000045,0,None
machine_M,1526,36.9,20,25.150000000000034,35.85000000000002,0,None
machine_M,1390,49.7,23,25.150000000000034,35.75,0,None
machine_L,1737,25.5,26,25.05000000000001,35.75,0,None
machine_L,1362,57.3,28,25.05000000000001,35.650000000000034,0,None
machine_L,1666,31.5,30,25.05000000000001,35.650000000000034,0,None
machine_L,1354,60.9,32,25.05000000000001,35.650000000000034,0,None
machine_L,1302,60.4,34,25.05000000000001,35.650000000000034,0,None
machine_L,1991,20.5,36,25.05000000000001,35.55000000000001,0,None
machine_L,1353,54.1,38,25.05000000000001,35.450000000000045,0,None
machine_H,1520,35.7,40,25.05000000000001,35.55000000000001,0,None
machine_L,1428,54.9,45,25.05000000000001,35.55000000000001,0,None
machine_L,1605,29.4,47,25.05000000000001,35.55000000000001,0,None
machine_L,1691,30.3,49,24.950000000000045,35.55000000000001,0,None
machine_L,1447,48.4,51,25.05000000000001,35.55000000000001,0,None
machine_H,1606,39.9,53,25.05000000000001,35.650000000000034,0,None
machine_M,1645,28.2,58,25.05000000000001,35.650000000000034,0,None
machine_H,1470,43.3,61,25.05000000000001,35.650000000000034,0,None
machine_L,1336,45.0,66,25.05000000000001,35.75,0,None
machine_M,1414,44.3,68,25.05000000000001,35.75,0,None
machine_M,1802,27.5,71,25.150000000000034,35.85000000000002,0,None
machine_L,1683,31.7,74,25.05000000000001,35.75,0,None
machine_M,1410,47.6,76,25.05000000000001,35.85000000000002,0,None
machine_L,1605,32.0,79,25.05000000000001,35.75,0,None
machine_L,1709,28.1,81,25.05000000000001,35.75,0,None
machine_L,1444,53.1,83,25.05000000000001,35.75,0,None
machine_L,1367,45.0,85,25.05000000000001,35.75,0,None
machine_L,1418,44.2,87,25.05000000000001,35.85000000000002,0,None
machine_L,1353,57.8,89,25.05000000000001,35.85000000000002,0,None
machine_L,1643,34.1,91,25.05000000000001,35.85000000000002,0,None
machine_L,1437,38.0,93,25.150000000000034,35.950000000000045,0,None
machine_L,1437,36.2,95,24.950000000000045,35.85000000000002,0,None
machine_M,1413,47.9,97,25.05000000000001,35.85000000000002,0,None
machine_H,1524,39.1,100,25.05000000000001,35.85000000000002,0,None
machine_M,1479,43.4,105,24.950000000000045,35.75,0,None
machine_L,1313,50.6,108,24.950000000000045,35.75,0,None
machine_M,1335,50.4,110,24.950000000000045,35.75,0,None
machine_L,1367,41.9,113,24.950000000000045,35.75,0,None
machine_M,1459,50.3,115,24.950000000000045,35.75,0,None
machine_M,1804,25.1,118,24.950000000000045,35.75,0,None
machine_L,1491,38.3,121,25.05000000000001,35.85000000000002,0,None
machine_L,1537,43.0,123,25.150000000000034,35.950000000000045,0,None
machine_H,1646,30.2,125,25.150000000000034,35.950000000000045,0,None
machine_M,1783,28.3,130,25.150000000000034,36.05000000000001,0,None
machine_L,1395,49.8,133,25.150000000000034,35.950000000000045,0,None
machine_L,1423,48.0,135,25.25,35.950000000000045,0,None
machine_L,1562,37.6,137,25.150000000000034,36.05000000000001,0,None
machine_L,1549,40.8,139,25.25,36.150000000000034,0,None
machine_L,1540,43.2,141,25.25,36.25,0,None
machine_H,1573,33.6,143,25.350000000000023,36.25,0,None
machine_L,1418,45.1,148,25.350000000000023,36.25,0,None
machine_M,1565,33.7,150,25.350000000000023,36.25,0,None
machine_L,1569,41.0,153,25.350000000000023,36.35000000000002,0,None
machine_H,1417,41.2,155,25.350000000000023,36.25,0,None
machine_L,1480,38.1,160,25.350000000000023,36.35000000000002,0,None
machine_L,1364,44.5,162,25.350000000000023,36.25,0,None
machine_L,1911,21.5,164,25.350000000000023,36.25,0,None
machine_L,1409,43.1,166,25.25,36.150000000000034,0,None
machine_L,1335,53.5,168,25.25,36.05000000000001,0,None
machine_M,1512,38.1,170,25.350000000000023,36.150000000000034,0,None
machine_L,1447,40.2,173,25.450000000000045,36.25,0,None
machine_L,1537,37.6,175,25.450000000000045,36.150000000000034,0,None
machine_M,1510,40.8,177,25.450000000000045,36.150000000000034,0,None
machine_L,1677,31.2,180,25.450000000000045,36.150000000000034,0,None
machine_L,1504,33.7,182,25.350000000000023,36.05000000000001,0,None
machine_H,2051,19.0,184,25.350000000000023,35.950000000000045,0,None
machine_L,1474,41.3,189,25.350000000000023,35.950000000000045,0,None
machine_M,1507,36.1,191,25.25,35.85000000000002,0,None
machine_L,1496,37.9,194,25.25,35.75,0,None
machine_M,1921,22.0,196,25.350000000000023,35.85000000000002,0,None
machine_L,1450,40.5,199,25.350000000000023,35.85000000000002,0,None
machine_L,1402,44.8,201,25.25,35.75,0,None
machine_L,1501,50.0,203,25.25,35.75,0,None
machine_L,1725,31.9,205,25.350000000000023,35.75,0,None
machine_H,1500,40.3,207,25.350000000000023,35.75,0,None
machine_H,1531,30.8,212,25.350000000000023,35.85000000000002,0,None
machine_L,1458,44.8,217,25.350000000000023,35.85000000000002,0,None
machine_H,1577,37.1,0,25.25,35.75,0,None
machine_M,1363,46.1,5,25.150000000000034,35.75,0,None
machine_H,1706,31.8,8,25.150000000000034,35.75,0,None
machine_M,1391,50.4,13,25.150000000000034,35.650000000000034,0,None
machine_L,1616,33.7,16,25.05000000000001,35.650000000000034,0,None
machine_L,1442,47.0,18,25.05000000000001,35.650000000000034,0,None
machine_M,1626,40.4,20,25.05000000000001,35.650000000000034,0,None
machine_M,1426,42.6,23,25.05000000000001,35.55000000000001,0,None
machine_L,1436,49.1,26,25.05000000000001,35.55000000000001,0,None
machine_M,1599,36.2,28,25.05000000000001,35.55000000000001,0,None
machine_L,2186,17.8,31,25.05000000000001,35.55000000000001,0,None
machine_L,1645,30.4,33,25.150000000000034,35.650000000000034,0,None
machine_L,1780,27.9,35,25.05000000000001,35.55000000000001,0,None
machine_L,1345,44.3,37,25.05000000000001,35.650000000000034,0,None
machine_M,1607,31.9,39,25.05000000000001,35.650000000000034,0,None
machine_L,1708,28.0,42,25.150000000000034,35.75,0,None
machine_L,1270,52.7,44,25.150000000000034,35.75,0,None
machine_M,1646,25.4,46,25.150000000000034,35.75,0,None
machine_L,1407,45.1,49,25.05000000000001,35.55000000000001,0,None
machine_M,1581,47.4,51,24.950000000000045,35.55000000000001,0,None
machine_L,1532,42.6,54,24.850000000000023,35.450000000000045,0,None
machine_L,1610,33.1,56,24.850000000000023,35.450000000000045,0,None
machine_M,1682,33.0,58,24.850000000000023,35.35000000000002,0,None
machine_L,1519,34.3,61,24.75,35.35000000000002,0,None
machine_L,1683,28.5,63,24.75,35.35000000000002,0,None
machine_M,1254,55.8,65,24.850000000000023,35.450000000000045,0,None
machine_L,1461,48.0,68,24.850000000000023,35.35000000000002,0,None
machine_L,1472,45.1,70,24.75,35.35000000000002,0,None
machine_L,1510,38.6,72,24.55000000000001,35.25,0,None
machine_M,1547,36.8,74,24.55000000000001,35.150000000000034,0,None
machine_H,1418,51.9,77,24.55000000000001,35.25,0,None
machine_L,1289,51.3,82,24.55000000000001,35.25,0,None
machine_L,1487,41.4,84,24.55000000000001,35.25,0,None
machine_L,1453,45.5,86,24.55000000000001,35.35000000000002,0,None
machine_M,1466,44.7,88,24.650000000000034,35.35000000000002,0,None
machine_H,1288,49.5,91,24.55000000000001,35.25,0,None
machine_H,1738,27.7,96,24.55000000000001,35.25,0,None
machine_H,1488,41.0,101,24.55000000000001,35.150000000000034,0,None
machine_L,1816,28.8,106,24.450000000000045,35.150000000000034,0,None
machine_L,1419,48.5,108,24.350000000000023,35.05000000000001,0,None
machine_L,1435,45.7,110,24.25,34.950000000000045,0,None
machine_M,1480,42.4,112,24.350000000000023,34.950000000000045,0,None
machine_L,1610,33.6,115,24.350000000000023,35.05000000000001,0,None
machine_H,1548,38.2,117,24.350000000000023,34.950000000000045,0,None
machine_M,1379,57.4,122,24.450000000000045,34.950000000000045,0,None
machine_M,1907,23.5,125,24.350000000000023,34.950000000000045,0,None
machine_M,2033,16.7,128,24.350000000000023,34.85000000000002,0,None
machine_H,1390,52.0,131,24.25,34.75,0,None
machine_M,1544,37.9,136,24.350000000000023,34.75,0,None
machine_L,1258,57.4,139,24.450000000000045,34.85000000000002,0,None
machine_M,1560,39.0,141,24.350000000000023,34.85000000000002,0,None
machine_H,2071,18.5,144,24.450000000000045,35.05000000000001,0,None
machine_L,1437,46.3,149,24.450000000000045,34.950000000000045,0,None
machine_H,1489,43.0,151,24.55000000000001,35.05000000000001,0,None
machine_L,1334,53.0,156,24.55000000000001,35.05000000000001,0,None
machine_L,1500,39.9,158,24.55000000000001,35.05000000000001,0,None
machine_L,1498,47.3,160,24.650000000000034,35.150000000000034,0,None
machine_M,1370,53.4,162,24.55000000000001,35.05000000000001,0,None
machine_H,1526,40.1,165,24.55000000000001,35.05000000000001,0,None
machine_L,1477,44.8,170,24.650000000000034,35.150000000000034,0,None
machine_L,1446,43.9,172,24.55000000000001,35.05000000000001,0,None
machine_M,1720,25.6,174,24.55000000000001,35.05000000000001,0,None
machine_L,1734,30.7,177,24.55000000000001,34.950000000000045,0,None
machine_L,1697,29.1,179,24.55000000000001,34.950000000000045,0,None
machine_L,2007,19.3,181,24.55000000000001,35.05000000000001,0,None
machine_M,1469,48.8,183,24.55000000000001,34.950000000000045,0,None
machine_M,2189,15.6,186,24.55000000000001,34.950000000000045,0,None
machine_L,1435,50.1,189,24.650000000000034,35.150000000000034,0,None
machine_H,1637,34.5,191,24.75,35.25,0,None
machine_L,1664,28.3,196,24.850000000000023,35.35000000000002,0,None
machine_M,1666,31.0,198,24.850000000000023,35.35000000000002,0,None
machine_L,1404,46.6,201,24.850000000000023,35.35000000000002,0,None
machine_L,1702,26.7,203,24.850000000000023,35.35000000000002,0,None
machine_L,1439,44.9,205,24.950000000000045,35.450000000000045,0,None
machine_L,1354,53.9,207,24.950000000000045,35.450000000000045,1,OSF
machine_M,1361,44.2,0,25.05000000000001,35.55000000000001,0,None
machine_M,1463,45.9,3,24.950000000000045,35.35000000000002,0,None
machine_H,1515,43.8,6,24.950000000000045,35.25,0,None
machine_L,1432,46.2,11,24.850000000000023,35.25,0,None
machine_L,1911,22.0,13,24.850000000000023,35.25,0,None
machine_L,1472,42.0,15,24.850000000000023,35.25,0,None
machine_M,1382,54.5,17,24.950000000000045,35.35000000000002,0,None
machine_L,1665,29.6,20,24.950000000000045,35.35000000000002,0,None
machine_L,1676,30.5,22,24.950000000000045,35.35000000000002,0,None
machine_M,1585,33.0,24,24.850000000000023,35.35000000000002,0,None
machine_M,1415,46.3,27,24.950000000000045,35.450000000000045,0,None
machine_L,1341,55.7,30,24.950000000000045,35.55000000000001,0,None
machine_L,1540,34.8,32,25.05000000000001,35.650000000000034,0,None
machine_H,1837,28.4,34,25.05000000000001,35.650000000000034,0,None
machine_L,1498,36.0,39,25.05000000000001,35.650000000000034,0,None
machine_L,1671,28.8,41,24.950000000000045,35.55000000000001,0,None
machine_L,1430,57.0,43,24.850000000000023,35.450000000000045,0,None
machine_L,1619,40.1,45,24.850000000000023,35.55000000000001,0,None
machine_M,1430,51.9,47,24.850000000000023,35.55000000000001,0,None
machine_L,1626,33.3,50,24.850000000000023,35.450000000000045,0,None
machine_L,1443,49.3,52,24.850000000000023,35.55000000000001,0,None
machine_L,1481,42.5,54,24.850000000000023,35.450000000000045,0,None
machine_M,1527,43.0,56,24.950000000000045,35.55000000000001,0,None
machine_M,1315,56.8,59,24.950000000000045,35.55000000000001,0,None
machine_M,1433,48.2,62,24.950000000000045,35.650000000000034,0,None
machine_M,1378,53.5,65,24.950000000000045,35.650000000000034,0,None
machine_L,1432,43.4,68,24.950000000000045,35.650000000000034,0,None
machine_M,1394,47.9,70,24.950000000000045,35.650000000000034,0,None
machine_H,1411,53.8,73,24.850000000000023,35.650000000000034,0,None
machine_L,2136,15.9,78,24.950000000000045,35.75,0,None
machine_M,1446,45.8,80,25.05000000000001,35.85000000000002,0,None
machine_H,1388,53.5,83,24.950000000000045,35.75,0,None
machine_M,1323,51.7,88,24.950000000000045,35.75,0,None
machine_L,1780,29.3,91,25.05000000000001,35.85000000000002,0,None
machine_M,1434,41.8,93,24.950000000000045,35.650000000000034,0,None
machine_M,1494,42.6,96,24.850000000000023,35.55000000000001,0,None
machine_H,1536,39.6,99,24.850000000000023,35.55000000000001,0,None
machine_M,1392,53.4,104,24.850000000000023,35.55000000000001,0,None
machine_H,1360,56.8,107,25.05000000000001,35.85000000000002,0,None
machine_L,1583,35.4,112,25.25,36.05000000000001,0,None
machine_L,1983,20.2,114,25.350000000000023,36.05000000000001,0,None
machine_L,1630,33.3,116,25.350000000000023,36.150000000000034,0,None
machine_M,1692,26.7,118,25.350000000000023,36.150000000000034,0,None
machine_L,1417,40.6,121,25.25,35.950000000000045,0,None
machine_L,1579,36.1,123,25.25,35.950000000000045,0,None
machine_M,1399,45.2,125,25.25,36.05000000000001,0,None
machine_M,1414,46.4,128,25.25,36.05000000000001,0,None
machine_L,1570,40.1,131,25.350000000000023,36.150000000000034,0,None
machine_M,1552,36.8,133,25.350000000000023,36.150000000000034,0,None
machine_L,1440,48.2,136,25.450000000000045,36.25,0,None
machine_M,1460,43.8,138,25.450000000000045,36.25,0,None
machine_L,1471,48.0,141,25.450000000000045,36.25,0,None
machine_L,1702,27.6,143,25.450000000000045,36.150000000000034,0,None
machine_L,1375,55.4,145,25.450000000000045,36.25,0,None
machine_L,1698,33.2,147,25.450000000000045,36.25,0,None
machine_H,1439,47.1,149,25.450000000000045,36.25,0,None
machine_M,1774,27.5,154,25.450000000000045,36.25,0,None
machine_M,1375,48.3,157,25.55000000000001,36.25,0,None
machine_L,1446,40.0,160,25.55000000000001,36.35000000000002,0,None
machine_M,1455,46.8,162,25.55000000000001,36.450000000000045,0,None
machine_L,1523,41.9,165,25.650000000000034,36.450000000000045,0,None
machine_M,1692,31.9,167,25.650000000000034,36.450000000000045,0,None
machine_M,1693,33.3,170,25.650000000000034,36.450000000000045,0,None
machine_L,1890,24.0,173,25.650000000000034,36.450000000000045,0,None
machine_H,1600,33.5,175,25.75,36.450000000000045,0,None
machine_M,1434,43.8,180,25.75,36.450000000000045,0,None
machine_L,1365,50.9,183,25.75,36.450000000000045,0,None
machine_H,1309,57.4,185,25.650000000000034,36.450000000000045,0,None
machine_H,1546,35.3,190,25.75,36.450000000000045,0,None
machine_L,1663,33.7,195,25.75,36.450000000000045,0,None
machine_L,1589,34.2,197,25.75,36.450000000000045,0,None
machine_M,1472,46.0,199,25.75,36.450000000000045,0,None
machine_L,1583,39.8,202,25.75,36.450000000000045,0,None
machine_M,1567,34.5,204,25.75,36.450000000000045,0,None
machine_L,1407,41.9,207,25.75,36.55000000000001,0,None
machine_M,1418,44.7,209,25.850000000000023,36.55000000000001,0,None
machine_M,1489,40.7,212,25.850000000000023,36.55000000000001,0,None
machine_L,1586,36.6,215,25.950000000000045,36.75,0,None
machine_L,1398,55.4,217,25.950000000000045,36.650000000000034,1,OSF
machine_L,1516,41.4,219,26.05000000000001,36.75,0,None
machine_H,1373,44.8,221,26.150000000000034,36.85000000000002,0,None
machine_M,1349,50.4,226,26.05000000000001,36.85000000000002,0,None
machine_H,1443,40.3,0,25.950000000000045,36.75,0,None
machine_H,1542,36.1,5,26.05000000000001,36.950000000000045,0,None
machine_L,1534,37.7,10,26.05000000000001,36.950000000000045,0,None
machine_L,1697,30.6,12,26.05000000000001,37.05000000000001,0,None
machine_L,1396,47.4,14,26.150000000000034,37.150000000000034,0,None
machine_L,1495,49.2,16,26.150000000000034,37.05000000000001,0,None
machine_M,1551,44.8,18,26.05000000000001,37.150000000000034,0,None
machine_L,1440,47.0,21,26.05000000000001,37.150000000000034,0,None
machine_L,1429,40.1,23,26.05000000000001,37.150000000000034,0,None
machine_H,1548,41.6,25,26.150000000000034,37.25,0,None
machine_L,1505,38.8,30,26.150000000000034,37.35000000000002,0,None
machine_L,1611,36.4,32,26.05000000000001,37.25,0,None
machine_M,1502,39.8,34,26.05000000000001,37.25,0,None
machine_M,1504,43.3,37,26.05000000000001,37.25,0,None
machine_L,1449,40.7,40,25.950000000000045,37.150000000000034,0,None
machine_L,1575,37.8,42,25.850000000000023,37.05000000000001,0,None
machine_M,1598,33.4,44,25.850000000000023,37.05000000000001,0,None
machine_L,1416,45.9,47,25.850000000000023,36.950000000000045,0,None
machine_L,1682,28.8,49,25.850000000000023,37.05000000000001,0,None
machine_L,1341,54.5,51,25.75,36.950000000000045,0,None
machine_L,1523,39.1,53,25.75,36.950000000000045,0,None
machine_L,1580,41.9,55,25.850000000000023,36.950000000000045,0,None
machine_L,1531,36.0,57,25.850000000000023,36.950000000000045,0,None
machine_L,1375,48.9,59,25.850000000000023,36.950000000000045,0,None
machine_M,1484,40.4,61,25.75,36.950000000000045,0,None
machine_M,1657,32.3,64,25.850000000000023,37.05000000000001,0,None
machine_L,1494,40.6,67,25.850000000000023,37.05000000000001,0,None
machine_H,1658,27.6,69,25.850000000000023,37.150000000000034,0,None
machine_L,1411,42.1,74,25.950000000000045,37.150000000000034,0,None
machine_M,1395,55.4,76,26.05000000000001,37.25,0,None
machine_L,1550,43.9,79,25.950000000000045,37.25,0,None
machine_M,1233,59.0,81,25.950000000000045,37.150000000000034,0,None
machine_L,1459,46.7,84,25.950000000000045,37.150000000000034,0,None
machine_H,1405,53.6,86,25.950000000000045,37.25,0,None
machine_L,1458,44.1,91,26.05000000000001,37.35000000000002,0,None
machine_L,1384,48.7,93,26.05000000000001,37.35000000000002,0,None
machine_L,1705,29.5,95,26.05000000000001,37.35000000000002,0,None
machine_L,1443,45.7,97,26.150000000000034,37.450000000000045,0,None
machine_M,1609,31.4,99,26.150000000000034,37.450000000000045,0,None
machine_L,1818,26.0,102,26.150000000000034,37.35000000000002,0,None
machine_M,1457,42.1,104,26.150000000000034,37.450000000000045,0,None
machine_L,1480,45.1,107,26.150000000000034,37.450000000000045,0,None
machine_L,1424,47.7,109,26.25,37.650000000000034,0,None
machine_M,1628,40.2,111,26.25,37.650000000000034,0,None
machine_M,1754,31.3,114,26.350000000000023,37.650000000000034,0,None
machine_L,1716,28.5,117,26.450000000000045,37.75,0,None
machine_M,1378,48.7,119,26.350000000000023,37.75,0,None
machine_L,1708,31.0,122,26.450000000000045,37.85000000000002,0,None
machine_L,1430,38.3,124,26.450000000000045,37.85000000000002,0,None
machine_M,1560,43.9,126,26.55000000000001,38.05000000000001,0,None
machine_L,1679,30.7,129,26.450000000000045,37.950000000000045,0,None
machine_L,1521,37.2,131,26.450000000000045,37.950000000000045,0,None
machine_M,1649,33.8,133,26.450000000000045,37.950000000000045,0,None
machine_M,1451,43.3,136,26.350000000000023,37.85000000000002,0,None
machine_L,1391,48.9,139,26.25,37.650000000000034,0,None
machine_M,1523,40.9,141,26.150000000000034,37.650000000000034,0,None
machine_L,1495,39.2,144,26.150000000000034,37.55000000000001,0,None
machine_M,1440,45.5,146,26.150000000000034,37.55000000000001,0,None
machine_H,1585,31.4,149,26.25,37.650000000000034,0,None
machine_L,1374,48.3,154,26.350000000000023,37.650000000000034,0,None
machine_M,1507,40.2,156,26.350000000000023,37.650000000000034,0,None
machine_M,1577,34.6,159,26.350000000000023,37.75,0,None
machine_L,1496,38.5,162,26.350000000000023,37.75,0,None
machine_L,1487,42.5,164,26.450000000000045,37.75,0,None
machine_L,1853,26.3,166,26.450000000000045,37.75,0,None
machine_M,1435,50.1,168,26.55000000000001,37.85000000000002,0,None
machine_M,1763,25.5,171,26.650000000000034,37.950000000000045,0,None
machine_L,1820,24.9,174,26.650000000000034,37.950000000000045,0,None
machine_M,1498,38.1,176,26.650000000000034,37.950000000000045,0,None
machine_L,1603,35.1,179,26.650000000000034,37.950000000000045,0,None
machine_L,1412,42.5,181,26.650000000000034,37.950000000000045,0,None
machine_L,1588,38.0,183,26.650000000000034,37.950000000000045,0,None
machine_M,1948,20.0,185,26.650000000000034,37.85000000000002,0,None
machine_L,1384,48.2,188,26.55000000000001,37.75,0,None
machine_L,1589,36.0,190,26.55000000000001,37.650000000000034,0,None
machine_M,1405,47.6,192,26.55000000000001,37.650000000000034,0,None
machine_L,1491,40.1,195,26.55000000000001,37.75,0,None
machine_H,1418,46.6,197,26.55000000000001,37.650000000000034,0,None
machine_M,1603,35.4,202,26.450000000000045,37.650000000000034,0,None
machine_L,1922,23.3,205,26.450000000000045,37.55000000000001,1,TWF
machine_M,1364,49.5,0,26.350000000000023,37.55000000000001,0,None
machine_L,1551,41.2,3,26.25,37.55000000000001,0,None
machine_L,1589,33.5,5,26.350000000000023,37.55000000000001,0,None
machine_M,1423,56.5,7,26.350000000000023,37.55000000000001,0,None
machine_L,1418,53.1,10,26.25,37.450000000000045,0,None
machine_M,1404,47.5,12,26.150000000000034,37.35000000000002,0,None
machine_L,1281,59.8,15,26.150000000000034,37.35000000000002,0,None
machine_L,1529,41.3,17,26.150000000000034,37.35000000000002,0,None
machine_M,1563,42.1,19,26.150000000000034,37.35000000000002,0,None
machine_L,1348,54.5,22,26.25,37.450000000000045,0,None
machine_M,1462,40.5,24,26.150000000000034,37.35000000000002,0,None
machine_H,1510,45.5,27,26.150000000000034,37.25,0,None
machine_L,1472,43.3,32,26.05000000000001,37.25,0,None
machine_M,1325,52.0,34,26.05000000000001,37.25,0,None
machine_L,1570,37.3,37,26.05000000000001,37.25,0,None
machine_L,1379,46.8,39,26.05000000000001,37.25,0,None
machine_L,1352,52.8,41,25.950000000000045,37.05000000000001,0,None
machine_L,1727,28.7,43,25.950000000000045,37.150000000000034,0,None
machine_H,1432,50.0,45,25.850000000000023,36.950000000000045,0,None
machine_L,1466,43.4,50,25.75,36.950000000000045,0,None
machine_L,1510,38.0,52,25.75,36.950000000000045,0,None
machine_L,1490,41.1,54,25.850000000000023,37.05000000000001,0,None
machine_L,1463,37.4,56,25.850000000000023,36.950000000000045,0,None
machine_M,1561,45.3,58,25.75,36.85000000000002,0,None
machine_L,2109,18.0,61,25.75,36.950000000000045,0,None
machine_L,1705,32.5,63,25.75,37.05000000000001,0,None
machine_M,1549,40.2,65,25.75,36.950000000000045,0,None
machine_H,1637,38.0,68,25.850000000000023,37.05000000000001,0,None
machine_M,1484,37.9,73,25.75,36.950000000000045,0,None
machine_L,1401,44.4,76,25.75,36.950000000000045,0,None
machine_L,1571,36.8,78,25.75,36.950000000000045,0,None
machine_M,1513,41.5,80,25.75,36.950000000000045,0,None
machine_L,1470,40.3,83,25.850000000000023,36.950000000000045,0,None
machine_L,1505,41.3,85,25.850000000000023,36.950000000000045,0,None
machine_L,1432,42.2,87,25.850000000000023,37.05000000000001,0,None
machine_M,1625,31.8,89,25.850000000000023,37.05000000000001,0,None
machine_L,1377,62.5,92,25.850000000000023,37.05000000000001,1,PWF
machine_M,1441,43.9,94,25.950000000000045,37.150000000000034,0,None
machine_M,1564,39.9,97,25.850000000000023,37.05000000000001,0,None
machine_L,1580,37.3,100,25.75,36.950000000000045,0,None
machine_L,1516,35.3,102,25.850000000000023,37.05000000000001,0,None
machine_L,1447,42.8,104,25.850000000000023,36.950000000000045,0,None
machine_M,1323,52.9,106,25.75,36.85000000000002,0,None
machine_L,1470,45.9,109,25.75,36.85000000000002,0,None
machine_M,2049,19.5,111,25.850000000000023,36.85000000000002,0,None
machine_L,1794,27.2,114,25.75,36.85000000000002,0,None
machine_L,1356,47.8,116,25.75,36.950000000000045,0,None
machine_H,1555,38.6,118,25.850000000000023,36.950000000000045,0,None
machine_M,1487,47.5,123,25.850000000000023,36.950000000000045,0,None
machine_M,1341,58.9,126,25.850000000000023,36.85000000000002,0,None
machine_M,1487,36.6,129,25.75,36.85000000000002,0,None
machine_H,1569,34.3,132,25.850000000000023,36.85000000000002,0,None
machine_H,2053,19.7,137,25.850000000000023,36.950000000000045,0,None
machine_L,1583,35.8,142,25.850000000000023,36.950000000000045,0,None
machine_L,1672,33.2,144,25.850000000000023,36.85000000000002,0,None
machine_M,1337,57.4,146,25.850000000000023,36.85000000000002,0,None
machine_H,1421,41.2,149,25.950000000000045,36.950000000000045,0,None
machine_L,1425,52.7,154,25.950000000000045,37.05000000000001,0,None
machine_L,1609,33.2,156,26.05000000000001,37.05000000000001,0,None
machine_L,1507,41.3,158,26.05000000000001,37.150000000000034,0,None
machine_L,1463,38.9,160,26.05000000000001,37.150000000000034,0,None
machine_H,1393,44.9,162,26.150000000000034,37.25,0,None
machine_L,1725,26.8,167,26.150000000000034,37.25,0,None
machine_L,1514,36.1,169,26.25,37.35000000000002,0,None
machine_L,1365,53.9,171,26.150000000000034,37.25,0,None
machine_L,1372,46.3,173,26.25,37.35000000000002,0,None
machine_L,1509,40.6,175,26.25,37.25,0,None
machine_L,1629,32.6,177,26.150000000000034,37.25,0,None
machine_L,1749,28.1,179,26.25,37.35000000000002,0,None
machine_L,1582,31.7,181,26.25,37.25,0,None
machine_L,1458,47.0,183,26.05000000000001,37.05000000000001,0,None
machine_L,1416,41.2,185,25.950000000000045,36.950000000000045,0,None
machine_H,1657,33.1,187,25.950000000000045,36.85000000000002,0,None
machine_M,1437,41.1,192,25.950000000000045,36.85000000000002,0,None
machine_M,1580,36.0,195,25.950000000000045,36.85000000000002,0,None
machine_M,1488,46.3,198,25.850000000000023,36.85000000000002,0,None
machine_L,1373,55.7,201,25.850000000000023,36.75,1,OSF
machine_L,1367,56.3,203,25.950000000000045,36.85000000000002,1,OSF
machine_H,1431,49.5,205,25.950000000000045,36.85000000000002,0,None
machine_L,1623,33.0,210,25.850000000000023,36.950000000000045,0,None
machine_L,1484,39.6,212,25.850000000000023,36.85000000000002,0,None
machine_L,1548,34.5,214,25.850000000000023,36.75,0,None
machine_L,1287,61.9,216,25.75,36.650000000000034,1,OSF
machine_M,1392,43.1,218,25.75,36.650000000000034,0,None
machine_H,1458,44.9,221,25.850000000000023,36.85000000000002,0,None
machine_M,1570,30.9,226,25.950000000000045,36.950000000000045,0,None
machine_L,1435,48.8,229,25.950000000000045,36.950000000000045,1,OSF
machine_L,1317,54.8,231,25.950000000000045,37.05000000000001,1,OSF
machine_L,1610,33.3,233,26.05000000000001,37.150000000000034,0,None
machine_M,1838,24.0,235,25.950000000000045,37.150000000000034,0,None
machine_L,1352,48.9,238,26.05000000000001,37.150000000000034,1,OSF
machine_L,1619,35.2,240,25.950000000000045,37.150000000000034,0,None
machine_L,1619,31.1,242,25.950000000000045,37.150000000000034,0,None
machine_L,1690,30.7,244,25.850000000000023,37.05000000000001,0,None
machine_L,1412,44.1,246,25.850000000000023,37.05000000000001,0,None
machine_H,1744,31.5,0,25.850000000000023,37.05000000000001,0,None
machine_M,1593,35.4,5,25.850000000000023,36.950000000000045,0,None
machine_L,1695,29.6,8,25.950000000000045,37.05000000000001,0,None
machine_M,1298,57.2,10,25.850000000000023,37.05000000000001,0,None
machine_L,1886,21.2,13,25.850000000000023,36.950000000000045,0,None
machine_L,2033,19.3,15,25.850000000000023,36.950000000000045,0,None
machine_M,1711,28.1,17,25.950000000000045,37.05000000000001,0,None
machine_L,1598,33.4,20,25.950000000000045,37.05000000000001,0,None
machine_L,1894,24.2,22,25.950000000000045,36.950000000000045,0,None
machine_M,1412,44.4,24,25.950000000000045,36.950000000000045,0,None
machine_L,1394,46.6,27,25.950000000000045,36.85000000000002,0,None
machine_M,1338,56.4,29,25.850000000000023,36.85000000000002,0,None
machine_H,1376,51.0,32,25.75,36.75,0,None
machine_L,1360,48.1,37,25.850000000000023,36.85000000000002,0,None
machine_L,1486,40.7,39,25.950000000000045,36.950000000000045,0,None
machine_M,1649,31.6,41,25.950000000000045,36.950000000000045,0,None
machine_L,1367,45.6,44,25.950000000000045,36.950000000000045,0,None
machine_L,1362,59.5,46,25.850000000000023,36.950000000000045,0,None
machine_M,1520,35.6,48,25.75,36.85000000000002,0,None
machine_L,1582,31.9,51,25.850000000000023,36.85000000000002,0,None
machine_M,1667,30.0,53,25.850000000000023,36.85000000000002,0,None
machine_L,1693,28.8,56,25.75,36.85000000000002,0,None
machine_L,1559,33.4,58,25.75,36.85000000000002,0,None
machine_L,1592,32.0,60,25.75,36.75,0,None
machine_L,1404,39.8,62,25.75,36.75,0,None
machine_M,1413,45.5,64,25.650000000000034,36.650000000000034,0,None
machine_L,1663,28.2,67,25.650000000000034,36.650000000000034,0,None
machine_L,1508,36.3,69,25.650000000000034,36.650000000000034,0,None
machine_M,1353,53.7,71,25.75,36.650000000000034,0,None
machine_L,1485,42.4,74,25.650000000000034,36.650000000000034,0,None
machine_L,1633,31.2,76,25.75,36.85000000000002,0,None
machine_L,1422,43.6,78,25.75,36.85000000000002,0,None
machine_L,1577,41.4,80,25.75,36.950000000000045,0,None
machine_L,1482,41.1,82,25.75,36.85000000000002,0,None
machine_M,1705,30.1,84,25.850000000000023,36.950000000000045,0,None
machine_L,1699,32.9,87,25.850000000000023,36.950000000000045,0,None
machine_L,1664,29.7,89,25.850000000000023,36.950000000000045,0,None
machine_M,1486,34.6,91,25.850000000000023,36.85000000000002,0,None
machine_L,1336,61.3,94,25.950000000000045,36.950000000000045,0,None
machine_H,1429,42.9,96,25.950000000000045,36.950000000000045,0,None
machine_M,1456,48.4,101,25.950000000000045,37.05000000000001,0,None
machine_L,1496,45.0,104,25.950000000000045,37.05000000000001,0,None
machine_L,1894,20.1,106,25.950000000000045,36.950000000000045,0,None
machine_L,1373,55.6,108,25.950000000000045,36.950000000000045,0,None
machine_H,1387,45.2,110,25.850000000000023,36.85000000000002,0,None
machine_L,1500,44.2,115,25.75,36.75,0,None
machine_L,1517,36.6,117,25.75,36.75,0,None
machine_L,1309,56.2,119,25.75,36.75,0,None
machine_M,1357,54.5,121,25.75,36.75,0,None
machine_L,1490,40.6,124,25.650000000000034,36.650000000000034,0,None
machine_H,1911,21.6,126,25.650000000000034,36.650000000000034,0,None
machine_L,1599,33.6,131,25.650000000000034,36.650000000000034,0,None
machine_M,2098,19.0,133,25.650000000000034,36.55000000000001,0,None
machine_M,1629,27.9,136,25.55000000000001,36.55000000000001,0,None
machine_L,1557,37.2,139,25.650000000000034,36.650000000000034,0,None
machine_L,1461,39.4,141,25.650000000000034,36.650000000000034,0,None
machine_L,1563,33.7,143,25.650000000000034,36.650000000000034,0,None
machine_L,1695,29.0,145,25.55000000000001,36.650000000000034,0,None
machine_L,1528,36.7,147,25.650000000000034,36.85000000000002,0,None
machine_L,1389,49.6,149,25.650000000000034,36.85000000000002,0,None
machine_L,2231,17.4,151,25.75,36.85000000000002,0,None
machine_M,1442,42.9,153,25.75,36.950000000000045,0,None
machine_H,1458,44.3,156,25.75,36.950000000000045,0,None
machine_L,1444,47.7,161,25.850000000000023,36.950000000000045,0,None
machine_M,1348,58.2,163,25.75,36.85000000000002,0,None
machine_L,1791,27.6,166,25.75,36.85000000000002,0,None
machine_L,1509,38.0,168,25.850000000000023,36.85000000000002,0,None
machine_L,1515,42.9,170,25.75,36.85000000000002,0,None
machine_M,1655,31.5,172,25.75,36.950000000000045,0,None
machine_L,1495,42.9,175,25.75,36.950000000000045,0,None
machine_L,1623,37.2,177,25.75,37.05000000000001,0,None
machine_L,1562,42.5,179,25.75,37.05000000000001,0,None
machine_L,1574,36.2,181,25.650000000000034,36.950000000000045,0,None
machine_L,1611,32.4,183,25.650000000000034,36.85000000000002,0,None
machine_L,1403,45.6,185,25.650000000000034,36.85000000000002,0,None
machine_L,1481,47.4,187,25.650000000000034,36.950000000000045,0,None
machine_M,1441,41.2,189,25.75,36.950000000000045,0,None
machine_H,1483,45.4,192,25.650000000000034,36.950000000000045,0,None
machine_L,1555,32.6,197,25.55000000000001,36.85000000000002,0,None
machine_L,1615,28.8,199,25.450000000000045,36.75,0,None
machine_L,1561,32.6,201,25.450000000000045,36.650000000000034,0,None
machine_L,1593,35.1,203,25.350000000000023,36.650000000000034,0,None
machine_M,1552,34.0,205,25.350000000000023,36.55000000000001,0,None
machine_H,1561,35.3,208,25.350000000000023,36.55000000000001,0,None
machine_L,1597,35.9,213,25.450000000000045,36.650000000000034,0,None
machine_M,1517,34.0,215,25.450000000000045,36.75,0,None
machine_L,2271,16.2,218,25.450000000000045,36.650000000000034,1,TWF
machine_L,1613,36.7,0,25.350000000000023,36.55000000000001,0,None
machine_M,1509,47.3,2,25.350000000000023,36.450000000000045,0,None
machine_L,1703,26.1,5,25.450000000000045,36.55000000000001,0,None
machine_L,1925,22.1,7,25.450000000000045,36.55000000000001,0,None
machine_M,1635,29.7,9,25.450000000000045,36.450000000000045,0,None
machine_L,1294,66.7,12,25.350000000000023,36.35000000000002,1,PWF
machine_L,1472,39.1,14,25.450000000000045,36.450000000000045,0,None
machine_H,1449,42.5,16,25.450000000000045,36.450000000000045,0,None
machine_L,1563,35.0,21,25.450000000000045,36.450000000000045,0,None
machine_L,1611,35.7,23,25.450000000000045,36.450000000000045,0,None
machine_L,1386,48.6,25,25.450000000000045,36.450000000000045,0,None
machine_H,1584,31.8,27,25.450000000000045,36.35000000000002,0,None
machine_M,1424,50.4,32,25.55000000000001,36.450000000000045,0,None
machine_L,1561,34.8,35,25.350000000000023,36.35000000000002,0,None
machine_L,1560,37.9,37,25.350000000000023,36.25,0,None
machine_H,1375,41.0,39,25.450000000000045,36.35000000000002,0,None
machine_M,1684,27.8,44,25.450000000000045,36.35000000000002,0,None
machine_M,1397,54.1,47,25.450000000000045,36.450000000000045,0,None
machine_L,1387,57.6,50,25.450000000000045,36.450000000000045,0,None
machine_H,1311,54.5,52,25.55000000000001,36.55000000000001,0,None
machine_L,1509,36.2,57,25.650000000000034,36.650000000000034,0,None
machine_M,1477,46.7,59,25.650000000000034,36.650000000000034,0,None
machine_L,1441,41.6,62,25.650000000000034,36.75,0,None
machine_L,1404,47.1,64,25.55000000000001,36.75,0,None
machine_H,1466,44.6,66,25.650000000000034,36.75,0,None
machine_M,1435,48.8,71,25.55000000000001,36.650000000000034,0,None
machine_H,1697,29.8,74,25.55000000000001,36.55000000000001,0,None
machine_M,1738,27.3,79,25.55000000000001,36.450000000000045,0,None
machine_H,1420,50.4,82,25.450000000000045,36.35000000000002,0,None
machine_M,1535,39.8,87,25.350000000000023,36.35000000000002,0,None
machine_L,1715,28.4,90,25.450000000000045,36.450000000000045,0,None
machine_L,1483,43.2,92,25.450000000000045,36.35000000000002,0,None
machine_M,1521,37.5,94,25.350000000000023,36.25,0,None
machine_H,1573,36.0,97,25.350000000000023,36.25,0,None
machine_H,1414,46.7,102,25.350000000000023,36.25,0,None
machine_L,1590,33.9,107,25.350000000000023,36.150000000000034,0,None
machine_L,1623,33.1,109,25.350000000000023,36.150000000000034,0,None
machine_H,1694,30.9,111,25.25,36.150000000000034,0,None
machine_M,1597,33.5,116,25.25,36.05000000000001,0,None
machine_L,1471,44.7,119,25.350000000000023,36.150000000000034,0,None
machine_M,1551,34.7,121,25.350000000000023,36.150000000000034,0,None
machine_H,1421,50.3,124,25.350000000000023,36.150000000000034,0,None
machine_M,1496,45.6,129,25.25,36.150000000000034,0,None
machine_H,1984,19.2,132,25.25,36.150000000000034,0,None
machine_L,1692,29.8,137,25.25,36.05000000000001,0,None
machine_L,1467,42.5,139,25.25,35.950000000000045,0,None
machine_L,1651,28.5,141,25.25,36.05000000000001,0,None
machine_L,1417,60.5,143,25.150000000000034,35.950000000000045,0,None
machine_L,1413,55.0,145,25.05000000000001,35.85000000000002,0,None
machine_M,1441,44.2,147,25.05000000000001,35.85000000000002,0,None
machine_M,1353,50.3,150,25.05000000000001,35.85000000000002,0,None
machine_L,1502,40.9,153,24.950000000000045,35.85000000000002,0,None
machine_L,1610,31.7,155,25.05000000000001,35.85000000000002,0,None
machine_M,1411,45.8,157,25.05000000000001,35.950000000000045,0,None
machine_L,1387,52.3,160,25.150000000000034,35.950000000000045,0,None
machine_H,1430,40.9,162,25.150000000000034,35.950000000000045,0,None
machine_M,1576,38.8,167,25.25,35.950000000000045,0,None
machine_M,1721,29.4,170,25.350000000000023,36.05000000000001,0,None
machine_M,1465,42.4,173,25.350000000000023,36.150000000000034,0,None
machine_M,1407,45.1,176,25.450000000000045,36.25,0,None
machine_M,1464,36.9,179,25.450000000000045,36.25,0,None
machine_M,1568,36.7,182,25.450000000000045,36.35000000000002,0,None
machine_L,1667,35.6,185,25.450000000000045,36.25,0,None
machine_L,1360,60.9,187,25.350000000000023,36.25,1,OSF
machine_M,1488,43.7,189,25.350000000000023,36.150000000000034,0,None
machine_L,1504,39.3,192,25.25,36.150000000000034,0,None
machine_L,1610,32.4,194,25.25,36.05000000000001,0,None
machine_L,1345,52.7,196,25.25,36.05000000000001,0,None
machine_M,1376,57.0,198,25.150000000000034,36.150000000000034,0,None
machine_L,1385,50.0,201,25.25,36.25,0,None
machine_M,1429,41.8,203,25.25,36.25,0,None
machine_L,1337,56.1,206,25.150000000000034,36.150000000000034,1,OSF
machine_L,1542,35.4,208,25.25,36.150000000000034,0,None
machine_L,2118,17.7,210,25.25,36.05000000000001,0,None
machine_L,1386,45.3,212,25.150000000000034,35.950000000000045,0,None
machine_M,1632,32.7,0,25.150000000000034,35.950000000000045,0,None
machine_L,1545,36.9,3,25.25,36.150000000000034,0,None
machine_M,1390,53.6,5,25.25,36.150000000000034,0,None
machine_M,1355,50.6,8,25.25,36.150000000000034,0,None
machine_L,1425,45.5,11,25.25,36.05000000000001,0,None
machine_M,1491,51.2,13,25.25,36.05000000000001,0,None
machine_H,1486,42.4,16,25.150000000000034,36.05000000000001,0,None
machine_M,1359,51.4,21,25.150000000000034,36.05000000000001,0,None
machine_L,1395,47.6,24,25.25,36.150000000000034,0,None
machine_L,1383,52.1,26,25.150000000000034,36.05000000000001,0,None
machine_H,1484,37.0,28,25.150000000000034,35.950000000000045,0,None
machine_L,1421,47.4,33,25.150000000000034,35.950000000000045,0,None
machine_L,1339,58.8,35,25.150000000000034,35.85000000000002,0,None
machine_L,1362,46.1,37,25.25,35.950000000000045,0,None
machine_H,1568,40.6,39,25.350000000000023,36.05000000000001,0,None
machine_L,2312,15.5,44,25.450000000000045,36.25,0,None
machine_M,1498,34.6,46,25.350000000000023,36.150000000000034,0,None
machine_M,1761,27.2,49,25.350000000000023,36.150000000000034,0,None
machine_L,1316,51.4,52,25.450000000000045,36.25,0,None
machine_L,1525,37.8,54,25.450000000000045,36.25,0,None
machine_H,1362,45.3,56,25.450000000000045,36.25,0,None
machine_L,1516,38.5,61,25.55000000000001,36.450000000000045,0,None
machine_L,1450,44.2,63,25.450000000000045,36.35000000000002,0,None
machine_M,1366,55.0,65,25.450000000000045,36.35000000000002,0,None
machine_L,1547,33.1,68,25.350000000000023,36.35000000000002,0,None
machine_M,1580,33.9,70,25.450000000000045,36.35000000000002,0,None
machine_H,1755,26.9,73,25.55000000000001,36.450000000000045,0,None
machine_M,1800,24.8,78,25.55000000000001,36.450000000000045,0,None
machine_M,1439,45.8,81,25.650000000000034,36.55000000000001,0,None
machine_L,1411,56.3,84,25.75,36.650000000000034,0,None
machine_M,1645,31.4,86,25.75,36.75,0,None
machine_M,2450,13.9,89,25.75,36.650000000000034,0,None
machine_L,1630,34.0,92,25.850000000000023,36.75,0,None
machine_L,1411,44.7,94,25.850000000000023,36.75,0,None
machine_L,1526,35.4,96,25.75,36.75,0,None
machine_L,1590,31.3,98,25.75,36.75,0,None
machine_H,1884,25.6,100,25.850000000000023,36.75,0,None
machine_M,1947,21.7,105,25.75,36.650000000000034,0,None
machine_L,1373,52.1,108,25.75,36.75,0,None
machine_L,1616,36.5,110,25.75,36.650000000000034,0,None
machine_M,1449,44.1,112,25.75,36.75,0,None
machine_M,1363,50.6,115,25.75,36.650000000000034,0,None
machine_H,1461,55.1,118,25.650000000000034,36.55000000000001,0,None
machine_L,1374,58.6,123,25.650000000000034,36.55000000000001,0,None
machine_L,1293,59.1,125,25.55000000000001,36.55000000000001,0,None
machine_M,1490,38.6,127,25.650000000000034,36.650000000000034,0,None
machine_L,1753,27.5,130,25.650000000000034,36.650000000000034,0,None
machine_L,1493,38.5,132,25.650000000000034,36.650000000000034,0,None
machine_L,1895,22.0,134,25.650000000000034,36.650000000000034,0,None
machine_H,1654,34.3,136,25.55000000000001,36.450000000000045,0,None
machine_L,1673,30.8,141,25.55000000000001,36.35000000000002,0,None
machine_L,1613,27.7,143,25.650000000000034,36.450000000000045,0,None
machine_L,1903,22.3,145,25.650000000000034,36.450000000000045,0,None
machine_L,1368,44.7,147,25.650000000000034,36.35000000000002,0,None
machine_M,1575,34.4,149,25.650000000000034,36.450000000000045,0,None
machine_H,1516,40.2,152,25.650000000000034,36.450000000000045,0,None
machine_L,1645,32.8,157,25.650000000000034,36.35000000000002,0,None
machine_L,1374,48.1,159,25.650000000000034,36.35000000000002,0,None
machine_H,1407,48.6,161,25.75,36.55000000000001,0,None
machine_M,1284,55.3,166,25.75,36.450000000000045,0,None
machine_L,1645,31.1,169,25.75,36.35000000000002,0,None
machine_L,1387,54.1,171,25.650000000000034,36.25,0,None
machine_M,1618,35.1,173,25.650000000000034,36.150000000000034,0,None
machine_L,1357,47.1,176,25.650000000000034,36.150000000000034,0,None
machine_L,1396,44.8,178,25.55000000000001,36.05000000000001,0,None
machine_L,1586,31.4,180,25.55000000000001,36.05000000000001,0,None
machine_H,1449,42.3,182,25.55000000000001,36.05000000000001,0,None
machine_M,1423,48.9,187,25.55000000000001,36.05000000000001,0,None
machine_H,1402,45.3,190,25.55000000000001,36.150000000000034,0,None
machine_M,1437,45.7,195,25.55000000000001,36.05000000000001,0,None
machine_L,1537,35.7,198,25.450000000000045,35.950000000000045,0,None
machine_M,1423,49.5,200,25.55000000000001,35.950000000000045,0,None
machine_M,1587,37.3,203,25.450000000000045,35.950000000000045,0,None
machine_M,1487,43.2,206,25.450000000000045,35.950000000000045,0,None
machine_L,1456,47.7,0,25.450000000000045,35.85000000000002,0,None
machine_L,1607,32.7,2,25.55000000000001,35.950000000000045,0,None
machine_L,1469,46.0,4,25.450000000000045,35.85000000000002,0,None
machine_M,1481,40.8,6,25.450000000000045,35.85000000000002,0,None
machine_L,1327,58.8,9,25.450000000000045,35.75,0,None
machine_L,1589,30.6,11,25.350000000000023,35.650000000000034,0,None
machine_L,1670,29.6,13,25.350000000000023,35.650000000000034,0,None
machine_M,1662,28.3,15,25.350000000000023,35.55000000000001,0,None
machine_M,1553,34.9,18,25.350000000000023,35.650000000000034,0,None
machine_M,1557,36.0,21,25.350000000000023,35.650000000000034,0,None
machine_L,1352,56.7,24,25.25,35.650000000000034,0,None
machine_L,1305,58.7,26,25.350000000000023,35.650000000000034,0,None
machine_H,1450,43.9,28,25.350000000000023,35.55000000000001,0,None
machine_M,1347,48.5,33,25.350000000000023,35.55000000000001,0,None
machine_H,1566,39.1,36,25.450000000000045,35.650000000000034,0,None
machine_M,1615,33.3,41,25.350000000000023,35.55000000000001,0,None
machine_M,1384,54.4,44,25.350000000000023,35.450000000000045,0,None
machine_M,1367,47.3,47,25.350000000000023,35.55000000000001,0,None
machine_M,1897,20.2,50,25.350000000000023,35.450000000000045,0,None
machine_L,1522,36.9,53,25.350000000000023,35.450000000000045,0,None
machine_M,1576,27.4,55,25.25,35.35000000000002,0,None
machine_H,1479,39.2,58,25.25,35.25,0,None
machine_L,1452,45.5,63,25.150000000000034,35.150000000000034,0,None
machine_L,1432,46.9,65,25.150000000000034,35.150000000000034,0,None
machine_L,1663,28.4,67,25.150000000000034,35.05000000000001,0,None
machine_L,1597,32.4,69,25.150000000000034,35.150000000000034,0,None
machine_L,1472,44.3,71,25.150000000000034,35.05000000000001,0,None
machine_L,1452,48.5,73,25.25,35.150000000000034,0,None
machine_H,1534,33.2,75,25.150000000000034,35.05000000000001,0,None
machine_L,1505,46.1,80,25.150000000000034,34.950000000000045,0,None
machine_L,1528,33.9,82,25.150000000000034,34.950000000000045,0,None
machine_H,2636,12.8,84,25.150000000000034,34.950000000000045,0,None
machine_M,1722,28.6,89,25.150000000000034,34.950000000000045,0,None
machine_L,1395,44.0,92,25.25,34.950000000000045,0,None
machine_L,1375,50.8,94,25.25,34.950000000000045,0,None
machine_M,1766,26.0,96,25.150000000000034,34.85000000000002,0,None
machine_L,1399,47.8,99,25.150000000000034,34.75,0,None
machine_L,1578,37.8,101,25.150000000000034,34.85000000000002,0,None
machine_L,1502,42.0,103,25.150000000000034,34.75,0,None
machine_M,1529,36.6,105,25.05000000000001,34.75,0,None
machine_L,1804,25.1,108,25.05000000000001,34.650000000000034,0,None
machine_M,1411,53.4,110,25.05000000000001,34.650000000000034,0,None
machine_L,1413,54.1,113,24.950000000000045,34.650000000000034,0,None
machine_L,1355,59.4,115,25.05000000000001,34.650000000000034,0,None
machine_L,1429,46.9,117,25.05000000000001,34.650000000000034,0,None
machine_L,1565,35.3,119,24.950000000000045,34.650000000000034,0,None
machine_M,1446,42.8,121,24.950000000000045,34.75,0,None
machine_M,1462,38.8,124,25.05000000000001,34.75,0,None
machine_M,1578,34.5,127,25.05000000000001,34.650000000000034,0,None
machine_L,1606,33.0,130,24.950000000000045,34.650000000000034,0,None
machine_M,1525,35.9,132,24.950000000000045,34.650000000000034,0,None
machine_L,1379,49.1,135,24.950000000000045,34.650000000000034,0,None
machine_L,1575,35.0,137,25.05000000000001,34.650000000000034,0,None
machine_L,1399,54.9,139,25.05000000000001,34.75,0,None
machine_L,1429,49.4,141,25.05000000000001,34.75,0,None
machine_L,1435,39.9,143,25.150000000000034,34.75,0,None
machine_L,1766,26.5,145,25.150000000000034,34.75,0,None
machine_L,1703,28.9,147,25.150000000000034,34.75,0,None
machine_L,1507,41.2,149,25.150000000000034,34.75,0,None
machine_M,1609,32.4,151,25.150000000000034,34.75,0,None
machine_L,1605,32.4,154,25.25,34.85000000000002,0,None
machine_L,1491,50.0,156,25.25,34.950000000000045,0,None
machine_H,1891,24.7,158,25.25,34.950000000000045,0,None
machine_H,1563,44.6,163,25.350000000000023,35.05000000000001,0,None
machine_L,1390,51.4,168,25.450000000000045,35.05000000000001,0,None
machine_L,1444,40.5,170,25.350000000000023,35.05000000000001,0,None
machine_L,1361,68.2,172,25.450000000000045,35.05000000000001,1,PWF
machine_M,1589,34.1,174,25.450000000000045,35.150000000000034,0,None
machine_L,1705,26.3,177,25.450000000000045,35.05000000000001,0,None
machine_L,1422,40.4,179,25.450000000000045,35.150000000000034,0,None
machine_H,1377,52.1,181,25.450000000000045,35.150000000000034,0,None
machine_L,1334,49.8,186,25.350000000000023,35.150000000000034,0,None
machine_L,1559,36.6,188,25.450000000000045,35.25,0,None
machine_L,1353,47.0,190,25.55000000000001,35.35000000000002,0,None
machine_M,1507,45.7,192,25.55000000000001,35.25,0,None
machine_L,1694,28.7,195,25.55000000000001,35.25,0,None
machine_H,1432,42.8,197,25.55000000000001,35.25,0,None
machine_H,1572,35.6,202,25.55000000000001,35.35000000000002,0,None
machine_M,1507,42.3,207,25.650000000000034,35.450000000000045,0,None
machine_M,1500,37.1,210,25.650000000000034,35.450000000000045,0,None
machine_L,1771,24.1,213,25.75,35.450000000000045,0,None
machine_M,1577,33.2,0,25.650000000000034,35.35000000000002,0,None
machine_L,1527,36.2,3,25.650000000000034,35.35000000000002,0,None
machine_M,1827,26.1,5,25.75,35.25,0,None
machine_L,1484,39.2,8,25.650000000000034,35.25,0,None
machine_L,1401,47.3,10,25.650000000000034,35.25,0,None
machine_L,1634,27.9,12,25.650000000000034,35.150000000000034,0,None
machine_M,1604,29.5,14,25.650000000000034,35.25,0,None
machine_H,1632,31.8,17,25.75,35.25,0,None
machine_M,1645,33.4,22,25.850000000000023,35.450000000000045,0,None
machine_H,1408,48.5,25,25.850000000000023,35.55000000000001,0,None
machine_M,1500,40.2,30,25.850000000000023,35.55000000000001,0,None
